name,Age,Overall rating,Potential,ID,foot,Best overall,Best position,Growth,Value,Wage,Release clause,Total attacking,Crossing,Finishing,Heading accuracy,Short passing,Volleys,Total skill,Dribbling,Curve,FK Accuracy,Long passing,Ball control,Total movement,Acceleration,Sprint speed,Agility,Reactions,Balance,Total power,Shot power,Jumping,Stamina,Strength,Long shots,Total mentality,Aggression,Interceptions,Att. Position,Vision,Penalties,Composure,Total defending,Defensive awareness,Standing tackle,Sliding tackle,Total goalkeeping,GK Diving,GK Handling,GK Kicking,GK Positioning,GK Reflexes,Total stats,Base stats,International reputation,Pace / Diving,Shooting / Handling,Passing / Kicking,Dribbling / Reflexes,Defending / Pace,Height_cm,Weight_kg,Club,Contract_end,Version,Player
15 Ronaldinho CAM ST,34,78,78,28130,Right,77,CAM,0,4099999.9999999995,45000.0,0.0,367,84,69,50,82,82,430,86,86,87,81,90,313,50,48,73,70,72,314,74,55,41,72,72,319,60,25,66,82,86,0,78,25,28,25,54,7,14,13,6,14,1875,377,3,49,72,83,84,28,182,76,Querétaro,2016.0,15,Ronaldinho
O. Hutchinson RM CAM,19,65,81,260145,Left,67,CAM,16,1800000.0,3000.0,4500000.0,266,48,53,49,66,50,304,69,52,50,65,68,366,76,69,81,61,79,272,62,56,63,47,44,264,41,37,60,65,61,63,140,40,49,51,39,10,7,9,5,8,1651,351,1,72,54,61,70,44,174,65,Ipswich Town,2025.0,,O. Hutchinson
Brahim CAM,23,82,86,231410,Right,84,CAM,4,43500000.0,145000.0,92400000.0,328,75,76,30,83,64,379,84,74,61,75,85,429,85,85,89,79,91,332,73,60,68,55,76,294,44,33,78,81,58,79,84,40,23,21,51,13,9,13,10,6,1897,409,1,85,74,78,85,31,170,68,Real Madrid,2027.0,,Brahim
K. Wätjen CM,17,62,80,70728,Right,65,CAM,18,1000000.0,900.0,2300000.0,257,48,53,45,67,44,292,66,52,43,65,66,356,77,68,78,59,74,267,48,58,63,51,47,263,47,54,54,59,49,49,161,50,55,56,48,9,13,7,11,8,1644,353,1,72,50,59,66,52,178,72,Borussia Dortmund,2028.0,,K. Wätjen
A. Güler CAM RM,18,77,88,264309,Left,79,CAM,11,22000000.0,41000.0,49500000.0,340,80,68,41,81,70,403,83,84,76,79,81,380,75,69,82,69,85,308,72,50,70,43,73,316,42,55,68,80,71,77,155,52,57,46,58,13,10,11,14,10,1960,405,1,72,70,80,81,52,175,70,Real Madrid,2029.0,,A. Güler
C. Chaplin CAM,26,74,75,225667,Left,75,ST,1,5000000.0,19000.0,9900000.0,358,63,79,73,73,70,352,72,72,68,65,75,417,81,83,89,73,91,346,72,75,74,50,75,322,70,40,74,72,66,73,131,50,38,43,65,13,16,10,14,12,1991,409,1,82,75,69,76,46,168,69,Ipswich Town,2026.0,,C. Chaplin
Y. Moukoko ST,18,77,87,240833,Left,79,ST,10,22500000.0,18000.0,42800000.0,343,47,79,69,71,77,318,79,68,42,48,81,409,82,79,85,77,86,360,78,79,68,68,67,281,52,32,78,59,60,75,86,30,31,25,60,13,13,11,10,13,1857,393,2,80,75,59,80,34,179,72,Borussia Dortmund,2026.0,,Y. Moukoko
K. Havertz CAM CM ST,24,82,87,235790,Left,85,CAM,5,46000000.0,110000.0,88600000.0,404,74,83,83,84,80,385,84,84,53,79,85,382,75,81,75,83,68,385,76,84,77,70,78,347,56,43,84,81,83,84,133,45,47,41,47,6,8,11,10,12,2083,440,3,78,81,79,83,49,193,82,Arsenal,2028.0,,K. Havertz
J. Bellingham CAM CM,20,88,92,252371,Right,90,CAM,4,128500000.0,230000.0,273100000.0,385,66,87,69,89,74,391,88,73,56,87,87,411,81,80,82,89,79,408,79,81,93,75,80,406,85,82,88,87,64,85,233,77,79,77,48,14,11,10,5,8,2282,490,4,80,82,81,87,78,186,75,Real Madrid,2029.0,,J. Bellingham
L. Davis LB LWB,23,74,80,246685,Left,75,LWB,6,6000000.0,15000.0,12600000.0,296,77,47,62,71,39,364,70,77,72,73,72,378,80,79,74,69,76,333,53,76,85,67,52,316,62,71,65,70,48,70,203,69,69,65,51,13,6,9,10,13,1941,412,1,79,50,73,71,68,182,70,Ipswich Town,2025.0,,L. Davis
A. Isak ST LW,23,83,87,233731,Right,85,ST,4,52500000.0,130000.0,103700000.0,386,66,86,77,78,79,367,87,70,65,59,86,403,82,85,81,82,73,397,82,88,75,76,76,342,58,38,84,79,83,84,98,35,34,29,40,7,6,9,7,11,2033,436,2,84,83,72,85,39,192,77,Newcastle United,2028.0,,A. Isak
M. Reus CAM CF,34,82,82,188350,Right,82,CAM,0,14500000.0,60000.0,24700000.0,379,82,84,44,85,84,420,85,87,85,77,86,370,68,60,78,83,81,355,82,61,65,66,81,355,51,56,84,83,81,86,165,59,47,59,61,12,12,13,13,11,2105,430,3,64,83,83,84,53,180,71,Borussia Dortmund,2024.0,,M. Reus
C. Palmer RM RW CAM,21,79,87,257534,Left,82,CAM,8,39500000.0,76000.0,83000000.0,343,70,80,48,82,63,376,81,77,64,71,83,377,72,77,78,80,70,342,75,62,75,58,72,347,57,43,80,82,85,84,144,47,52,45,51,7,6,10,14,14,1980,420,1,75,77,77,81,48,189,74,Chelsea,2030.0,,C. Palmer
J. Bellingham CM CAM ST,17,66,82,270964,Right,68,CAM,16,2100000.0,1000.0,5300000.0,285,51,56,64,67,47,303,69,55,44,65,70,339,68,72,68,61,70,315,57,70,69,63,56,296,56,64,65,66,45,66,187,61,66,60,59,10,10,13,15,11,1784,383,1,70,56,62,69,63,191,75,Sunderland,2028.0,,J. Bellingham
L. Stergiou CB,21,70,80,247360,Right,72,CB,10,3300000.0,5000.0,0.0,221,36,27,64,66,28,221,38,33,29,65,56,387,84,84,77,70,72,312,49,85,76,77,25,271,69,72,39,52,39,60,210,70,72,68,41,7,8,11,6,9,1663,368,1,84,32,54,52,70,180,75,VfB Stuttgart,,,L. Stergiou
W. Zaïre-Emery CM CDM,17,80,90,270673,Right,82,CM,10,43500000.0,11000.0,89200000.0,329,66,66,66,82,49,357,78,64,53,81,81,395,80,78,74,79,84,384,76,80,84,75,69,369,76,78,76,80,59,77,224,71,80,73,55,14,11,7,8,15,2113,455,1,79,68,76,79,75,178,68,Paris Saint Germain,2025.0,,W. Zaïre-Emery
C. Hudson-Odoi LM LW RW,22,76,81,240740,Right,77,RM,5,11500000.0,49000.0,22700000.0,330,75,70,52,74,59,376,82,76,71,69,78,388,86,74,83,67,78,335,71,70,67,58,69,291,51,44,69,72,55,72,143,47,51,45,58,14,13,11,15,5,1921,407,2,79,69,73,79,48,182,76,Nottingham Forest,2026.0,,C. Hudson-Odoi
V. Gyökeres ST,25,82,87,241651,Right,84,ST,5,45000000.0,22000.0,93400000.0,371,61,85,78,73,74,342,81,70,59,52,80,403,85,88,70,79,81,434,85,94,93,90,72,346,82,28,83,74,79,79,84,34,34,16,56,10,13,11,14,8,2036,438,1,87,81,67,79,35,187,90,Sporting CP,2028.0,,V. Gyökeres
J. Hato CB LB,17,73,88,272978,Left,75,CDM,15,6500000.0,550.0,13200000.0,270,55,36,67,77,35,299,67,54,31,73,74,395,82,88,75,75,75,306,53,86,71,67,29,294,67,77,52,64,34,72,216,72,74,70,40,8,5,5,13,9,1820,403,1,85,39,66,71,73,182,76,Ajax,2028.0,,J. Hato
R. Højlund ST,20,78,89,259399,Left,80,ST,11,31000000.0,82000.0,65099999.99999999,326,38,78,70,72,68,306,76,58,48,49,75,378,82,86,69,78,63,405,83,88,78,86,70,325,82,28,80,65,70,75,79,32,28,19,50,12,8,9,14,7,1869,409,1,84,77,58,74,33,191,79,Manchester United,2028.0,,R. Højlund
F. Wirtz CAM,20,87,92,256630,Right,89,CAM,5,118500000.0,77000.0,210300000.0,367,82,79,42,90,74,407,87,80,64,86,90,420,81,80,87,86,86,347,75,61,83,53,75,340,63,44,83,90,60,84,151,58,49,44,57,14,14,13,6,10,2089,443,3,80,76,86,88,50,177,71,Bayer 04 Leverkusen,2027.0,,F. Wirtz
A. Gray CM RB CDM,17,72,86,270208,Right,74,CM,14,5500000.0,4000.0,13900000.0,321,67,59,65,75,55,336,74,60,55,73,74,367,74,77,72,72,72,342,62,75,75,70,60,336,71,70,68,70,57,75,210,70,70,70,51,15,12,13,6,5,1963,422,1,76,60,70,74,70,187,70,Leeds United,2028.0,,A. Gray
Vitor Roque ST RW LW,18,76,88,276589,Right,78,ST,12,17500000.0,44000.0,39400000.0,335,62,82,62,54,75,356,83,74,70,52,77,406,88,83,85,70,80,377,80,83,65,75,74,257,28,15,80,62,72,74,44,18,15,11,54,13,14,12,6,9,1829,387,1,85,79,59,80,20,172,78,FC Barcelona,2031.0,,Vitor Roque
Vini Jr. LW ST,22,89,94,238794,Right,90,CAM,5,158500000.0,310000.0,336800000.0,373,79,89,50,82,73,400,92,79,62,77,90,454,95,95,94,86,84,380,77,74,84,65,80,323,58,26,87,83,69,83,75,32,25,18,36,5,7,7,7,10,2041,446,5,95,83,80,90,29,176,73,Real Madrid,2027.0,,Vini Jr.
J. Zirkzee ST,22,78,86,250961,Right,81,CAM,8,32000000.0,34000.0,60800000.0,351,55,80,71,78,67,365,81,68,66,65,85,368,74,76,84,74,60,385,76,85,67,81,76,290,43,14,78,78,77,83,59,20,20,19,51,6,11,12,8,14,1869,398,1,75,78,70,81,24,193,89,Bologna,2026.0,,J. Zirkzee
T. Kubo RW ST RM,22,81,88,237681,Left,83,CAM,7,52500000.0,40000.0,120800000.0,352,77,81,49,78,67,391,84,75,74,74,84,416,89,79,86,79,83,348,73,69,74,58,74,289,43,28,79,76,63,72,129,40,43,46,48,6,7,15,10,10,1973,419,3,84,76,76,83,40,173,64,Real Sociedad,2029.0,,T. Kubo
M. Tel ST LM RM,18,75,88,268421,Right,77,ST,13,13000000.0,20000.0,29600000.0,341,56,79,65,68,73,339,79,68,56,59,77,382,79,85,78,64,76,355,86,76,53,67,73,278,48,18,77,71,64,74,81,22,27,32,54,12,9,15,7,11,1830,389,1,82,78,64,77,28,183,77,FC Bayern München,2029.0,,M. Tel
K. Mainoo CDM CM,18,72,87,269136,Right,73,CAM,15,5000000.0,16000.0,12600000.0,308,54,60,64,78,52,331,79,63,41,74,74,379,77,72,78,68,84,334,67,76,69,68,54,317,70,64,63,69,51,75,205,70,72,63,49,14,11,10,5,9,1923,416,1,74,60,68,77,68,184,80,Manchester United,2027.0,,K. Mainoo
K. Adeyemi LM ST,21,80,87,251852,Left,81,LM,7,43000000.0,38000.0,81700000.0,366,72,79,70,74,71,358,82,67,62,67,80,438,96,96,87,78,81,383,76,90,76,67,74,309,59,31,77,72,70,76,94,25,34,35,50,12,12,7,12,7,1998,427,2,96,76,71,81,34,180,77,Borussia Dortmund,2027.0,,K. Adeyemi
S. Guirassy ST,27,82,82,215441,Right,82,ST,0,33000000.0,41000.0,56100000.0,379,56,86,80,78,79,359,80,66,67,63,83,355,66,68,67,83,71,403,84,85,73,83,78,343,73,29,86,70,85,87,105,42,29,34,51,11,8,12,12,8,1995,418,2,67,84,69,80,39,187,82,VfB Stuttgart,2026.0,,S. Guirassy
João Neves CM,18,77,88,272834,Right,81,CDM,11,22000000.0,5000.0,48400000.0,324,63,53,62,80,66,354,76,67,53,79,79,392,78,75,79,82,78,359,71,75,90,68,55,364,81,79,72,76,56,81,226,77,77,72,46,8,7,5,13,13,2065,438,1,76,59,74,78,75,174,66,Benfica,2028.0,,João Neves
L. Messi CF CAM,36,90,90,158023,Left,91,CAM,0,41000000.0,23000.0,61500000.0,409,83,89,60,91,86,465,96,93,93,90,93,435,87,74,91,88,95,382,83,71,70,68,90,342,44,40,91,92,75,96,79,20,35,24,54,6,11,15,14,8,2166,448,5,80,87,90,94,33,169,67,Inter Miami,2025.0,,L. Messi
Cristiano Ronaldo ST,38,86,86,20801,Right,86,ST,0,23000000.0,66000.0,36800000.0,414,78,87,87,79,83,388,77,79,76,70,86,377,73,80,76,87,61,426,92,93,80,76,85,349,62,29,90,78,90,92,80,24,32,24,58,7,11,15,14,11,2092,431,5,77,88,77,80,34,187,85,Al Nassr,2025.0,,Cristiano Ronaldo
Moleiro LM CM CAM,19,77,87,264388,Right,79,CAM,10,23000000.0,12000.0,52900000.0,315,62,65,57,78,53,353,82,65,52,74,80,408,86,81,88,70,83,339,70,74,67,60,68,322,60,48,74,81,59,71,155,47,55,53,45,6,9,11,8,11,1937,416,1,83,66,73,81,51,172,67,Las Palmas,2026.0,,Moleiro
P. Brunner ST LM,17,65,87,274126,Right,67,ST,22,2300000.0,2000.0,6200000.0,298,42,72,60,61,63,274,68,63,40,39,64,334,69,68,71,59,67,311,62,69,57,64,59,243,48,24,62,50,59,59,68,20,28,20,43,10,7,12,8,6,1571,337,1,68,66,51,66,27,185,77,Borussia Dortmund,2025.0,,P. Brunner
D. Rice CDM CM,24,87,88,234378,Right,87,CDM,1,88500000.0,150000.0,170400000.0,343,72,64,72,85,50,388,82,72,65,86,83,346,68,74,55,84,65,397,78,79,91,79,70,381,85,86,61,78,71,83,256,85,86,85,47,8,11,14,5,9,2158,465,3,71,68,80,79,84,185,80,Arsenal,2028.0,,D. Rice
E. Camavinga CM CDM LB,20,83,90,248243,Left,86,CM,7,71500000.0,135000.0,160900000.0,350,77,64,64,86,59,385,84,72,59,84,86,401,78,79,82,82,80,389,73,81,84,81,70,379,79,82,73,83,62,84,239,76,82,81,50,12,6,8,12,12,2193,470,3,79,67,81,84,78,182,68,Real Madrid,2029.0,,E. Camavinga
J. Sancho LM RM,23,81,85,233049,Right,85,CAM,4,37000000.0,110000.0,0.0,356,77,76,38,85,80,392,89,84,65,68,86,411,81,75,89,77,89,272,63,53,55,42,59,296,25,31,82,84,74,85,85,30,30,25,52,7,11,10,11,13,1864,388,3,78,70,80,87,31,180,76,Borussia Dortmund,,,J. Sancho
G. Rutter CAM ST,21,76,86,245637,Left,78,CAM,10,17000000.0,31000.0,35700000.0,347,65,70,69,75,68,335,81,60,45,70,79,388,77,80,77,74,80,379,75,83,72,80,69,267,35,18,74,76,64,74,135,45,45,45,50,6,10,14,10,10,1901,410,1,79,71,70,79,42,182,77,Leeds United,2028.0,,G. Rutter
Palhinha CDM,27,84,85,229391,Right,86,CB,1,43000000.0,110000.0,84900000.0,339,60,66,79,79,55,349,77,66,45,80,81,331,63,67,64,80,57,412,81,86,88,90,67,376,95,83,69,72,57,84,259,84,88,87,46,14,10,8,7,7,2112,456,2,65,68,72,76,85,190,85,Fulham,2028.0,,Palhinha
M. Olise RM RW CAM,21,80,88,247827,Left,82,CAM,8,47500000.0,37000.0,99800000.0,338,80,77,36,80,65,399,84,80,76,77,82,413,82,79,91,75,86,317,76,55,68,46,72,345,68,50,75,83,69,79,159,52,56,51,49,9,11,9,10,10,2020,426,1,80,75,80,84,51,184,73,Crystal Palace,2027.0,,M. Olise
J. Bakayoko RW,20,78,87,265450,Left,79,LM,9,31000000.0,17000.0,49600000.0,340,75,72,58,71,64,358,84,78,57,58,81,403,88,86,86,77,66,348,68,70,75,68,67,259,40,23,71,68,57,72,86,24,35,27,43,7,14,7,6,9,1837,401,1,87,69,69,81,31,179,70,PSV,2026.0,,J. Bakayoko
Kim Min Jae CB,26,84,86,237086,Right,86,CB,2,46000000.0,82000.0,79400000.0,238,35,23,81,75,24,248,57,36,23,64,68,371,75,84,65,82,65,336,51,84,77,87,37,304,84,85,48,57,30,74,258,86,87,85,56,13,7,11,14,11,1811,404,2,80,33,57,64,86,190,86,FC Bayern München,2028.0,,Kim Min Jae
M. Mudryk LM LW,22,77,84,246340,Right,78,CAM,7,21500000.0,76000.0,45200000.0,303,67,67,42,72,55,358,82,67,63,67,79,420,93,91,87,70,79,333,76,65,67,55,70,292,56,30,70,77,59,70,125,40,45,40,49,10,12,14,6,7,1880,411,1,92,69,71,80,40,175,61,Chelsea,2031.0,,M. Mudryk
K. Kvaratskhelia LW RW,22,86,92,247635,Right,87,CAM,6,109000000.0,95000.0,207100000.0,368,78,81,62,83,64,401,90,82,65,76,88,417,85,86,86,84,76,388,78,78,79,70,83,335,62,40,82,86,65,79,111,38,39,34,54,9,15,8,14,8,2074,445,2,86,79,81,87,41,183,70,Napoli,2027.0,,K. Kvaratskhelia
V. Boniface ST,22,81,86,247679,Right,83,ST,5,40000000.0,60000.0,71000000.0,355,48,80,77,75,75,355,84,70,58,60,83,352,69,79,68,78,58,412,86,87,73,88,78,337,79,33,84,71,70,78,95,38,31,26,45,14,5,7,7,12,1951,420,1,75,80,65,80,38,190,91,Bayer 04 Leverkusen,2028.0,,V. Boniface
Arnau Martínez RB CB RWB,20,80,86,260815,Right,80,RB,6,30500000.0,22000.0,70200000.0,318,80,50,74,79,35,326,75,68,40,66,77,380,82,78,75,79,66,327,56,82,78,66,45,319,67,76,61,65,50,65,228,73,78,77,43,10,7,7,10,9,1941,423,1,80,50,72,75,76,182,72,Girona,2025.0,,Arnau Martínez
Alejandro Garnacho LM RM,19,76,87,268438,Right,77,RM,11,16000000.0,49000.0,33600000.0,328,70,72,44,72,70,345,78,75,61,56,75,423,88,84,87,76,88,329,78,59,76,47,69,308,66,40,77,69,56,72,98,32,37,29,55,6,15,14,13,7,1886,399,1,86,72,68,78,36,180,72,Manchester United,2028.0,,Alejandro Garnacho
R. Lewis RB CDM,18,75,86,271574,Right,76,RWB,11,11500000.0,23000.0,23600000.0,286,72,44,58,82,30,324,75,54,42,73,80,384,78,75,79,77,75,278,55,66,69,51,37,323,66,68,70,69,50,74,217,71,74,72,55,11,8,11,12,13,1867,401,1,76,46,73,77,70,169,70,Manchester City,2028.0,,R. Lewis
E. Haaland ST,22,91,94,239085,Left,93,ST,3,185000000.0,340000.0,356100000.0,393,47,96,83,77,90,363,79,77,62,63,82,420,82,94,78,94,72,442,94,93,76,93,86,386,87,43,96,74,86,87,114,38,47,29,52,7,14,13,11,7,2170,464,5,89,93,68,81,45,195,94,Manchester City,2027.0,,E. Haaland
M. Greenwood RM ST LM,21,78,85,246147,Left,80,CAM,7,28500000.0,73000.0,0.0,360,70,79,63,77,71,381,81,78,70,72,80,394,82,83,85,69,75,363,85,75,67,60,76,304,49,34,79,75,67,73,99,27,39,33,34,5,6,6,9,8,1935,412,1,83,79,74,80,36,181,70,Getafe,,,M. Greenwood
R. Bardghji RW,17,70,85,265600,Left,71,CAM,15,3600000.0,3000.0,6900000.0,279,61,70,24,64,60,327,72,66,63,55,71,392,77,74,86,67,88,296,70,48,64,49,65,280,52,28,73,66,61,69,91,32,30,29,63,8,14,13,14,14,1728,363,1,75,68,63,74,30,173,67,København,2025.0,,R. Bardghji
Fresneda RWB RB,18,72,85,266253,Right,72,RWB,13,5000000.0,2000.0,13100000.0,272,65,43,60,69,35,285,75,50,30,53,77,364,77,75,71,67,74,295,43,75,76,67,34,279,62,65,58,53,41,60,208,68,73,67,48,14,5,12,6,11,1751,388,2,76,41,60,74,68,183,74,Sporting CP,2028.0,,Fresneda
K. Mbappé ST LW,24,91,94,231747,Right,93,ST,3,181500000.0,230000.0,349400000.0,415,78,94,73,86,84,405,93,80,69,71,92,462,97,97,93,93,82,426,90,88,88,77,83,362,64,38,93,83,84,88,92,26,34,32,42,13,5,7,11,6,2204,473,5,97,90,80,92,36,182,75,Paris Saint Germain,2024.0,,K. Mbappé
António Silva CB,19,79,87,270086,Right,81,CB,8,35500000.0,8000.0,78100000.0,281,45,31,77,77,51,280,69,36,26,76,73,352,77,81,57,79,58,331,60,83,83,83,22,291,70,78,34,69,40,77,239,80,81,78,44,12,10,8,6,8,1818,408,2,79,37,64,69,79,187,82,Benfica,2027.0,,António Silva
J. Álvarez CF ST CAM,23,83,87,246191,Right,84,CAM,4,52500000.0,150000.0,101100000.0,383,77,83,69,78,76,406,83,84,80,74,85,425,85,80,87,86,87,404,86,80,85,70,83,374,84,52,84,81,73,84,161,60,55,46,45,6,10,8,15,6,2198,460,2,82,83,78,84,56,170,71,Manchester City,2028.0,,J. Álvarez
A. Tuanzebe CB RB,25,73,77,231485,Right,75,CB,4,3800000.0,15000.0,7500000.0,260,52,26,70,71,41,285,66,45,37,69,68,364,72,87,66,73,66,295,53,79,55,74,34,310,75,72,52,61,50,77,216,73,72,71,43,5,8,5,13,12,1773,388,1,80,36,62,68,72,185,75,Ipswich Town,2024.0,,A. Tuanzebe
Pau Cubarsí CB,16,64,83,278046,Right,66,CB,19,1400000.0,1000.0,3700000.0,197,26,22,65,63,21,207,43,22,25,54,63,322,63,68,65,64,62,243,32,67,68,60,16,220,63,65,22,34,36,59,196,63,67,66,51,10,6,14,7,14,1436,316,1,66,23,45,54,65,182,75,FC Barcelona,2026.0,,Pau Cubarsí
R. Aït-Nouri LWB LB LM,22,77,83,242641,Left,77,LWB,6,16000000.0,47000.0,33600000.0,303,73,50,62,70,48,358,82,72,58,67,79,391,84,83,79,70,75,327,61,76,79,63,48,316,67,71,68,68,42,71,220,71,75,74,60,15,11,8,14,12,1975,423,1,83,52,69,79,72,180,70,Wolverhampton Wanderers,2026.0,,R. Aït-Nouri
R. Lavia CDM CM,19,73,86,263620,Right,74,CDM,13,7000000.0,32000.0,17700000.0,272,50,42,60,78,42,333,76,65,50,67,75,359,72,68,73,70,76,339,63,76,70,75,55,311,72,72,50,65,52,77,218,73,73,72,43,7,7,5,11,13,1875,405,1,70,50,66,75,71,181,76,Chelsea,2030.0,,R. Lavia
X. Simons CAM LW LM,20,82,89,245367,Right,84,CAM,7,60500000.0,71000.0,0.0,356,74,78,60,82,62,393,85,82,65,76,85,428,89,85,89,81,84,380,78,71,84,67,80,361,79,65,75,81,61,78,178,60,62,56,43,9,11,5,8,10,2139,462,2,87,77,78,85,61,179,61,RB Leipzig,,,X. Simons
D. Udogie LB,20,81,86,259583,Left,81,LB,5,35500000.0,62000.0,70100000.0,341,78,64,64,77,58,340,80,64,51,65,80,403,86,89,80,78,70,377,74,83,83,78,59,356,79,77,79,75,46,78,230,75,79,76,57,8,14,11,10,14,2104,461,1,88,65,73,79,76,186,73,Tottenham Hotspur,2030.0,,D. Udogie
M. van de Ven CB,22,80,86,264453,Left,82,CB,6,31000000.0,69000.0,65099999.99999999,294,58,37,75,77,47,292,72,37,34,74,75,357,79,92,59,78,49,344,48,88,73,84,51,299,79,78,48,55,39,82,243,80,82,81,51,7,13,13,11,7,1880,424,1,86,43,64,71,80,193,81,Tottenham Hotspur,2029.0,,M. van de Ven
Joselu ST,33,82,82,173608,Right,82,ST,0,19500000.0,19000.0,0.0,388,58,87,90,78,75,355,75,73,65,60,82,304,64,63,63,80,34,403,84,89,68,83,79,340,67,30,85,73,85,75,74,26,28,20,52,11,11,8,15,7,1916,399,3,63,84,69,74,33,191,86,Real Madrid,,,Joselu
D. Szoboszlai CAM CM,22,82,87,236772,Right,84,CAM,5,47000000.0,110000.0,90500000.0,390,85,77,60,83,85,424,83,90,87,81,83,393,78,87,80,80,68,399,89,74,82,67,87,362,63,57,79,84,79,82,173,58,61,54,49,10,10,13,10,6,2190,460,2,83,82,84,82,59,186,74,Liverpool,2028.0,,D. Szoboszlai
Rafael Leão LW CF LM,24,86,91,241721,Right,86,LW,5,102500000.0,110000.0,181900000.0,379,78,82,65,80,74,381,90,80,60,63,88,437,94,94,85,84,80,397,80,86,77,80,74,304,60,24,82,75,63,83,67,22,24,21,57,10,12,15,11,9,2022,439,2,94,79,75,88,27,188,81,Milan,2028.0,,Rafael Leão
A. Dovbyk ST,26,80,83,242458,Left,82,ST,3,28000000.0,36000.0,60900000.0,357,48,84,80,78,67,328,73,63,46,70,76,375,79,83,69,77,67,401,78,92,75,85,71,322,68,25,83,66,80,73,83,32,28,23,53,13,13,5,12,10,1919,411,1,81,79,66,73,33,189,78,Girona,2028.0,,A. Dovbyk
G. Bazunu GK,21,72,82,243585,Right,72,GK,10,4600000.0,14000.0,9700000.0,79,11,5,11,45,7,109,12,14,12,51,20,253,49,43,54,65,42,184,56,57,16,50,5,108,16,9,8,60,15,38,39,16,12,11,362,73,71,74,69,75,1134,409,1,73,71,74,75,47,189,78,Southampton,2027.0,,G. Bazunu
T. Livramento RB LB,20,77,85,262118,Right,78,RWB,8,22000000.0,57000.0,46200000.0,293,74,47,56,75,41,336,77,69,51,61,78,388,79,80,76,75,78,321,60,73,74,68,46,321,74,76,70,60,41,76,225,73,78,74,56,10,12,8,13,13,1940,420,1,80,50,68,77,74,181,71,Newcastle United,2028.0,,T. Livramento
Sávio LM CF LW,19,80,88,270409,Left,81,CAM,8,45500000.0,7000.0,0.0,341,80,76,45,77,63,368,86,78,55,67,82,412,88,87,88,73,76,315,69,61,73,45,67,284,45,25,76,76,62,70,92,26,30,36,50,9,12,8,9,12,1862,399,1,87,71,75,83,30,176,71,Girona,,,Sávio
S. Giménez ST,22,79,84,245152,Left,81,ST,5,27500000.0,20000.0,40600000.0,370,64,82,80,74,70,347,77,72,52,69,77,371,77,75,75,74,70,400,83,82,80,79,76,369,78,51,84,75,81,78,116,55,39,22,48,6,14,12,6,10,2021,430,2,76,80,70,76,49,182,69,Feyenoord,2027.0,,S. Giménez
R. Calafiori CB LB,21,75,84,257711,Left,77,CB,9,12000000.0,19000.0,22800000.0,299,74,28,69,75,53,347,69,72,65,67,74,354,69,73,70,73,69,380,74,79,76,79,72,318,77,74,62,56,49,67,228,75,77,76,42,9,11,5,6,11,1968,414,1,71,50,69,71,75,188,86,Bologna,2027.0,,R. Calafiori
M. Kerkez LB,19,75,85,260908,Left,75,LB,10,11500000.0,20000.0,24200000.0,309,73,53,62,69,52,299,73,54,42,59,71,398,85,79,83,69,82,329,55,70,89,65,50,324,79,70,62,67,46,65,209,68,69,72,57,8,13,10,13,13,1925,417,1,82,53,66,73,69,176,71,AFC Bournemouth,2027.0,,M. Kerkez
L. Trossard CF LW,28,82,82,207421,Right,82,CF,0,31000000.0,140000.0,57400000.0,387,78,84,65,82,78,398,84,83,69,77,85,418,87,75,92,79,85,368,81,75,76,57,79,303,47,18,83,80,75,84,79,30,31,18,47,14,8,11,7,7,2000,417,2,80,82,79,85,30,171,67,Arsenal,2027.0,,L. Trossard
F. Valverde CM RW,24,88,91,239053,Right,90,CM,3,124000000.0,270000.0,263500000.0,380,78,78,63,87,74,402,83,74,69,88,88,409,84,91,77,89,68,427,89,82,89,80,87,395,81,83,86,86,59,84,244,79,85,80,45,6,10,6,15,8,2302,500,3,88,81,84,84,80,182,78,Real Madrid,2029.0,,F. Valverde
T. Almada CAM CM CF,22,80,88,245371,Right,83,CAM,8,47500000.0,11000.0,80800000.0,329,66,72,39,79,73,408,82,85,84,73,84,431,91,81,92,74,93,337,75,57,75,55,75,354,64,58,81,76,75,81,152,44,57,51,47,12,8,9,8,10,2058,432,3,86,74,75,84,51,171,62,Atlanta United,2026.0,,T. Almada
D. Núñez ST LW,24,83,87,253072,Right,86,ST,4,52500000.0,130000.0,101100000.0,382,69,81,80,74,78,362,79,75,61,68,79,408,88,92,78,84,66,430,86,94,88,85,77,371,84,44,87,78,78,78,122,39,47,36,59,14,10,12,10,13,2134,453,3,90,81,72,78,46,187,81,Liverpool,2028.0,,D. Núñez
P. Hincapié CB,21,79,86,256197,Left,81,CB,7,33000000.0,36000.0,62700000.0,284,55,40,78,78,33,305,70,56,32,74,73,385,79,85,75,78,68,320,50,88,74,77,31,298,80,77,55,53,33,76,242,79,79,84,49,9,15,10,6,9,1883,414,2,82,40,64,72,79,183,77,Bayer 04 Leverkusen,2027.0,,P. Hincapié
Gonçalo Inácio CB,21,80,87,257179,Left,82,CB,7,40000000.0,12000.0,88000000.0,259,30,23,82,79,45,274,63,29,27,82,73,364,78,81,73,77,55,336,67,84,78,79,28,319,78,78,48,75,40,75,243,82,82,79,36,6,6,7,10,7,1831,408,1,80,36,64,68,81,185,78,Sporting CP,2027.0,,Gonçalo Inácio
G. Ilenikhena ST,16,70,86,273546,Left,72,ST,16,4000000.0,3000.0,8500000.0,312,42,74,67,66,63,296,70,59,45,54,68,363,80,82,76,60,65,352,72,81,62,72,65,240,28,17,72,55,68,65,70,16,28,26,38,9,7,10,5,7,1671,364,1,81,71,56,69,26,185,76,Antwerp,2027.0,,G. Ilenikhena
H. Kane ST,29,90,90,202126,Right,90,ST,0,119500000.0,170000.0,197200000.0,440,80,95,89,87,89,404,82,82,65,88,87,369,67,70,66,93,73,433,93,87,81,85,87,395,80,42,94,87,92,92,130,46,46,38,54,8,10,11,14,11,2225,461,5,69,93,84,83,49,188,85,FC Bayern München,2027.0,,H. Kane
J. Branthwaite CB,21,77,86,247649,Left,79,CB,9,22000000.0,26000.0,46200000.0,254,34,35,75,76,34,239,54,29,24,65,67,316,65,76,44,77,54,309,51,81,70,78,29,249,73,76,32,35,33,72,234,77,79,78,52,10,9,11,12,10,1653,372,1,71,37,53,59,77,195,74,Everton,2025.0,,J. Branthwaite
W. Gnonto LM RM ST,19,74,85,258906,Right,75,ST,11,9000000.0,21000.0,18900000.0,326,63,72,60,72,59,318,79,52,46,64,77,414,87,87,86,69,85,361,80,78,69,67,67,288,59,25,72,64,68,73,77,37,21,19,53,11,9,10,10,13,1837,399,1,87,72,65,79,30,166,71,Leeds United,2027.0,,W. Gnonto
M. Rashford LM LW ST,25,83,84,231677,Right,83,LM,1,43500000.0,140000.0,85900000.0,377,74,81,71,78,73,394,85,80,75,72,82,408,88,91,80,80,69,388,93,82,70,65,78,326,54,27,83,77,85,76,83,30,29,24,53,11,6,15,7,14,2029,429,3,90,83,76,82,33,186,70,Manchester United,2028.0,,M. Rashford
J. Musiala CAM LM CM,20,86,93,256790,Right,88,CAM,7,134500000.0,79000.0,248800000.0,347,67,79,49,82,70,380,94,69,51,77,89,440,84,86,93,85,92,344,73,65,78,53,75,342,59,65,81,82,55,84,195,64,63,68,42,6,9,8,8,11,2090,451,3,85,75,76,91,63,184,72,FC Bayern München,2026.0,,J. Musiala
J. Bynoe-Gittens LM,18,74,86,266032,Right,75,CAM,12,10000000.0,12000.0,19000000.0,308,64,73,42,68,61,321,84,71,42,45,79,427,90,90,89,74,84,298,65,62,63,54,54,249,38,25,69,64,53,62,70,24,22,24,38,6,5,12,7,8,1711,377,1,90,66,62,81,25,179,77,Borussia Dortmund,2028.0,,J. Bynoe-Gittens
S. Pafundi CAM CF CM,17,68,86,271575,Left,70,CAM,18,3000000.0,900.0,0.0,308,64,61,55,67,61,353,71,74,71,64,73,394,83,72,87,57,95,306,73,60,66,42,65,311,61,55,61,65,69,70,122,47,39,36,43,7,10,11,7,8,1837,381,1,77,65,66,74,46,166,64,Lausanne Sport,,,S. Pafundi
S. Szmodics CAM ST,27,75,75,220139,Right,75,CAM,0,6000000.0,40000.0,11400000.0,344,66,79,59,72,68,347,73,69,65,67,73,410,83,76,85,76,90,356,74,72,83,57,70,343,72,53,81,72,65,73,141,48,53,40,62,13,9,15,11,14,2003,417,1,79,75,70,75,51,168,67,Blackburn Rovers,2026.0,,S. Szmodics
M. Ødegaard CM,24,87,90,222665,Left,89,CAM,3,108000000.0,170000.0,207900000.0,393,86,83,55,90,79,433,87,84,85,88,89,400,74,71,85,87,83,373,82,66,85,56,84,372,64,67,83,90,68,87,187,68,62,57,62,14,15,15,8,10,2220,458,4,72,82,88,87,64,178,68,Arsenal,2028.0,,M. Ødegaard
W. Weghorst ST,30,77,77,223689,Right,77,ST,0,10500000.0,51000.0,0.0,352,38,75,86,77,76,287,65,40,48,54,80,287,52,60,54,81,40,413,84,88,83,90,68,362,87,54,80,70,71,74,164,48,64,52,62,11,9,14,16,12,1927,407,2,56,76,61,68,58,197,84,TSG Hoffenheim,,,W. Weghorst
A. Lunin GK,24,80,85,243952,Right,80,GK,5,25500000.0,89000.0,54200000.0,72,15,8,12,25,12,81,11,14,15,26,15,213,39,35,36,78,25,219,57,62,32,61,7,131,22,19,11,60,19,56,46,22,13,11,392,78,77,76,79,82,1154,429,1,78,77,76,82,37,191,83,Real Madrid,2024.0,,A. Lunin
B. Saka RW,21,86,90,246669,Left,87,LM,4,99000000.0,150000.0,190600000.0,375,85,84,45,82,79,399,89,84,69,69,88,428,88,82,85,85,88,381,79,70,86,63,83,381,68,62,82,85,84,81,182,60,62,60,50,7,8,13,9,13,2196,466,2,85,82,81,88,60,178,65,Arsenal,2027.0,,B. Saka
I. Maatsen LB,21,76,84,248465,Left,77,LWB,8,16000000.0,53000.0,0.0,309,74,56,58,75,46,345,75,67,62,64,77,418,87,87,84,74,86,324,65,70,77,53,59,322,74,70,66,67,45,70,214,68,72,74,55,9,10,12,15,9,1987,426,1,87,58,71,77,69,168,57,Borussia Dortmund,,,I. Maatsen
Balde LB RB LM,19,81,89,263578,Left,81,LB,8,53000000.0,70000.0,119300000.0,308,79,51,66,80,32,311,77,56,28,70,80,414,90,91,81,78,74,309,53,79,75,63,39,298,47,75,63,72,41,64,231,72,80,79,43,5,8,7,10,13,1914,429,2,91,48,73,78,75,175,69,FC Barcelona,2028.0,,Balde
F. Miretti CM CAM,19,75,88,268802,Right,77,CM,13,13500000.0,42000.0,31400000.0,321,71,52,49,79,70,376,79,74,69,75,79,381,77,77,79,71,77,348,66,68,79,67,68,351,76,66,68,76,65,72,204,64,71,69,52,11,9,6,14,12,2033,428,1,77,60,75,78,66,180,72,Juventus,2027.0,,F. Miretti
N. Barella CM,26,86,87,224232,Right,86,CM,1,79500000.0,135000.0,141100000.0,378,79,78,53,88,80,399,81,79,67,85,87,430,83,78,90,89,90,401,80,75,94,73,79,406,84,83,83,83,73,86,244,80,83,81,54,11,5,13,14,11,2312,487,3,80,79,83,85,79,172,68,Inter,2026.0,,N. Barella
V. Osimhen ST,24,87,90,232293,Right,89,ST,3,110000000.0,100000.0,195300000.0,391,62,91,84,71,83,336,83,63,52,54,84,414,87,92,78,89,68,424,86,94,81,86,77,337,68,34,90,70,75,80,103,36,45,22,53,14,14,10,9,6,2058,447,3,90,86,65,82,42,186,77,Napoli,2025.0,,V. Osimhen
A. Davies LB LM,22,82,87,234396,Left,85,LM,5,43500000.0,59000.0,75000000.0,357,83,64,69,82,59,356,85,72,44,71,84,443,96,95,86,83,83,375,74,86,77,75,63,362,72,78,77,77,58,78,215,69,73,73,47,11,11,6,5,14,2155,469,3,95,66,77,84,72,185,77,FC Bayern München,2025.0,,A. Davies
M. O'Riley CM CAM CDM,22,78,86,240734,Left,80,CM,8,31500000.0,48000.0,63000000.0,357,74,77,53,79,74,375,76,75,69,77,78,365,67,69,70,77,82,383,80,69,85,74,75,369,68,69,79,81,72,80,197,65,70,62,50,14,12,5,13,6,2096,440,1,68,77,77,77,66,188,77,Celtic,2027.0,,M. O'Riley
J. Frimpong RWB RM,22,84,88,253149,Right,84,RWB,4,57000000.0,63000.0,101200000.0,323,85,66,52,77,43,353,85,77,47,61,83,447,96,92,91,78,90,331,58,74,85,61,53,355,77,78,78,81,41,80,234,78,79,77,54,12,7,8,13,14,2097,462,2,94,60,76,85,76,171,64,Bayer 04 Leverkusen,2028.0,,J. Frimpong
A. Onana CDM CM,21,77,83,257057,Right,78,CDM,6,15500000.0,26000.0,32600000.0,320,61,57,72,79,51,323,72,58,42,77,74,333,66,78,63,74,52,369,72,82,76,81,58,332,78,75,65,74,40,73,227,73,76,78,50,7,12,12,9,10,1954,428,1,73,59,71,71,75,192,76,Everton,2027.0,,A. Onana
J. Sarmiento LM CAM,21,67,81,263522,Right,68,CAM,14,2500000.0,16000.0,0.0,285,62,62,43,66,52,312,70,64,55,56,67,362,80,78,73,57,74,304,70,62,57,61,54,241,30,22,64,65,60,68,89,27,32,30,60,12,9,13,14,12,1653,356,1,79,62,63,69,29,178,73,Ipswich Town,,,J. Sarmiento
B. Barcola LW RW,20,79,86,264652,Right,80,LW,7,35000000.0,65000.0,71800000.0,371,73,77,69,79,73,353,80,73,59,63,78,395,84,87,84,76,64,346,74,76,68,59,69,312,60,29,79,78,66,78,90,25,37,28,43,8,8,15,6,6,1910,409,1,86,74,74,79,34,186,70,Paris Saint Germain,2028.0,,B. Barcola
Grimaldo LWB LM,27,86,86,210035,Left,86,LWB,0,65500000.0,88000.0,111400000.0,366,91,64,62,86,63,431,85,89,89,82,86,417,86,76,84,85,86,394,84,76,88,63,83,364,69,79,78,84,54,83,228,76,78,74,50,7,13,10,7,13,2250,471,3,81,72,86,85,76,171,68,Bayer 04 Leverkusen,2027.0,,Grimaldo
P. Foden LW RW CAM,23,86,90,237692,Left,89,CAM,4,97500000.0,195000.0,187700000.0,355,80,82,47,87,59,411,88,82,68,82,91,427,86,78,91,81,91,363,87,63,83,47,83,358,64,59,85,86,64,86,166,60,59,47,52,8,15,6,10,13,2132,452,3,82,81,83,89,57,171,69,Manchester City,2027.0,,P. Foden
Silas RM ST RW,24,74,77,245940,Right,76,ST,3,6000000.0,19000.0,10700000.0,339,66,75,65,68,65,299,83,59,33,48,76,406,87,92,82,70,75,345,70,85,64,77,49,329,59,54,77,59,80,67,142,53,50,39,54,8,13,13,9,11,1914,422,1,90,69,61,79,52,189,82,VfB Stuttgart,2026.0,,Silas
Gabri Veiga CM CAM,21,78,87,258729,Right,80,CAM,9,31500000.0,28000.0,59900000.0,312,55,80,52,80,45,356,80,56,60,78,82,360,73,74,72,76,65,362,77,67,71,65,82,339,53,75,75,76,60,68,172,41,71,60,55,13,14,13,6,9,1956,425,2,74,77,72,78,60,184,71,Al Ahli Jeddah,2026.0,,Gabri Veiga
G. Restes GK,18,75,87,265526,Left,75,GK,12,11500000.0,2000.0,25300000.0,80,17,9,12,35,7,82,8,13,13,31,17,210,35,38,31,67,39,219,56,59,36,61,7,94,22,13,9,35,15,28,41,11,16,14,374,76,72,75,73,78,1100,410,1,76,72,75,78,36,188,82,Toulouse,2028.0,,G. Restes
D. Malen RM ST LM,24,83,85,231447,Right,84,ST,2,47000000.0,57000.0,83400000.0,385,74,84,67,79,81,371,86,76,61,63,85,435,93,87,87,82,86,392,86,84,77,73,72,329,65,31,84,75,74,79,97,29,33,35,49,7,9,9,10,14,2058,438,2,90,81,74,85,35,176,68,Borussia Dortmund,2026.0,,D. Malen
N. Broadhead LM ST,25,72,73,232545,Right,72,LM,1,2800000.0,15000.0,5500000.0,336,68,73,65,67,63,338,74,68,65,58,73,377,81,79,75,68,74,350,72,77,68,65,68,300,65,32,71,68,64,65,97,39,28,30,39,9,8,7,7,8,1837,392,1,80,71,66,73,36,178,73,Ipswich Town,2026.0,,N. Broadhead
Lee Kang In CAM CM RW,22,79,86,243780,Left,81,CAM,7,35500000.0,68000.0,72800000.0,374,79,75,65,80,75,402,82,82,77,79,82,395,75,74,83,76,87,350,78,71,73,59,69,353,72,53,78,80,70,81,138,45,51,42,57,11,12,12,8,14,2069,426,2,74,74,80,82,50,173,66,Paris Saint Germain,2028.0,,Lee Kang In
O. Kossounou CB,22,80,86,246875,Right,82,CB,6,31000000.0,46000.0,58900000.0,267,58,26,78,77,28,266,66,33,23,75,69,348,74,81,62,75,56,315,52,81,76,82,24,290,77,80,44,57,32,73,244,80,83,81,35,5,8,6,10,6,1765,401,1,78,32,64,67,81,191,82,Bayer 04 Leverkusen,2026.0,,O. Kossounou
F. Balogun ST,21,78,84,247463,Right,80,ST,6,23000000.0,41000.0,48300000.0,362,58,82,76,69,77,324,78,59,52,57,78,397,83,86,76,76,76,377,77,88,66,74,72,288,56,18,81,62,71,77,49,18,15,16,57,10,12,12,13,10,1854,395,1,85,78,62,78,23,178,66,Monaco,2028.0,,F. Balogun
Nico Williams LM RM,20,82,88,256516,Right,83,CAM,6,47500000.0,29000.0,109300000.0,359,77,75,65,78,64,380,88,76,72,59,85,443,94,93,92,80,84,370,78,79,81,60,72,313,55,40,76,80,62,78,89,36,28,25,60,9,13,12,12,14,2014,429,2,93,74,75,86,36,181,67,Athletic Club,2027.0,,Nico Williams
Yan Couto RM RB,21,78,85,259075,Right,79,RM,7,28500000.0,78000.0,0.0,317,80,65,51,76,45,354,83,77,43,71,80,411,86,84,85,73,83,327,65,69,80,55,58,331,66,73,68,69,55,69,214,67,74,73,47,9,6,13,8,11,2001,434,1,85,62,73,81,69,168,60,Girona,,,Yan Couto
J. Duranville LM ST RM,17,66,87,262105,Right,67,CAM,21,2700000.0,1000.0,7300000.0,261,54,61,33,62,51,321,77,63,55,56,70,403,87,81,90,58,87,280,64,53,53,47,63,217,43,20,51,55,48,56,68,17,28,23,51,10,6,9,15,11,1601,348,1,84,60,58,75,23,170,67,Borussia Dortmund,2027.0,,J. Duranville
G. Scalvini CB,19,77,87,265188,Right,79,CB,10,21000000.0,22000.0,39900000.0,242,38,23,72,70,39,247,56,35,22,64,70,302,63,64,49,77,49,317,57,78,68,75,39,283,80,79,28,61,35,72,236,77,80,79,45,6,12,12,9,6,1672,369,1,64,35,57,61,78,194,75,Atalanta,2027.0,,G. Scalvini
N. Madueke RM RW,21,76,83,254796,Left,77,CAM,7,15000000.0,60000.0,31500000.0,318,68,72,40,71,67,368,85,74,63,66,80,416,89,90,88,72,77,346,74,68,65,67,72,284,52,32,67,67,66,73,102,37,35,30,51,5,13,6,12,15,1885,412,1,90,72,69,82,35,182,75,Chelsea,2030.0,,N. Madueke
V. Barco LM LB LWB,18,73,85,263370,Left,74,CAM,12,7000000.0,19000.0,14700000.0,270,71,42,50,77,30,359,77,75,60,72,75,385,76,76,82,73,78,273,44,59,70,48,52,347,70,65,73,72,67,72,204,68,68,68,49,12,10,9,6,12,1887,397,1,76,47,73,77,66,172,68,Brighton & Hove Albion,2028.0,,V. Barco
L. Modrić CM CAM,37,86,86,177003,Right,86,CM,0,21500000.0,175000.0,44100000.0,379,86,72,55,90,76,427,84,85,78,90,90,414,75,70,92,85,92,362,79,67,76,58,82,390,62,79,76,90,83,91,215,70,73,72,52,13,9,7,14,9,2239,458,4,72,76,88,87,71,172,66,Real Madrid,2024.0,,L. Modrić
R. Lewandowski ST,34,90,90,188545,Right,90,ST,0,58000000.0,340000.0,118900000.0,433,76,93,91,84,89,410,86,79,85,70,90,404,76,75,77,93,83,432,91,92,76,89,84,395,81,49,94,81,90,88,96,35,42,19,51,15,6,12,8,10,2221,461,5,75,91,80,87,44,185,81,FC Barcelona,2026.0,,R. Lewandowski
Rodrygo RW ST,22,85,91,243812,Right,87,CAM,6,86500000.0,210000.0,194600000.0,379,79,86,67,80,67,399,87,80,73,73,86,432,89,88,87,84,84,370,76,77,81,59,77,324,54,21,84,83,82,85,88,24,34,30,42,9,8,12,8,5,2034,429,3,88,81,79,86,31,174,64,Real Madrid,2028.0,,Rodrygo
F. Nmecha CM LM,22,78,84,246863,Right,80,CAM,6,22500000.0,39000.0,42800000.0,346,57,67,79,80,63,353,82,67,48,75,81,396,80,85,78,77,76,390,79,90,77,79,65,360,77,74,76,78,55,76,217,60,82,75,49,6,10,12,13,8,2111,456,1,83,69,72,80,73,194,80,Borussia Dortmund,2028.0,,F. Nmecha
I. Reyes CB CDM,23,74,81,252008,Right,76,CDM,7,0.0,0.0,0.0,319,60,59,69,72,59,348,72,67,62,74,73,395,81,85,77,73,79,375,76,82,76,74,67,354,68,74,67,70,75,78,225,78,74,73,45,8,9,11,12,5,2061,440,1,83,65,69,74,75,179,73,Mexico,,,I. Reyes
A. Gordon LW RW ST,22,80,85,242964,Right,82,RM,5,32500000.0,105000.0,64200000.0,343,76,78,49,77,63,378,81,76,75,66,80,405,89,92,79,80,65,362,76,70,83,60,73,328,72,37,77,77,65,77,146,47,53,46,40,5,6,14,7,8,2002,436,1,91,75,75,79,47,183,72,Newcastle United,2028.0,,A. Gordon
Gabriel Martinelli LW,22,84,88,251566,Right,85,RM,4,61500000.0,145000.0,118400000.0,391,79,83,72,79,78,380,89,74,68,65,84,429,91,88,87,82,81,377,77,82,82,63,73,342,80,39,82,79,62,79,131,44,44,43,35,10,6,7,6,6,2085,447,2,89,78,76,86,46,178,75,Arsenal,2027.0,,Gabriel Martinelli
R. Cherki CAM LW RW,19,74,84,251570,Left,76,CAM,10,9000000.0,16000.0,18900000.0,291,70,64,28,72,57,386,90,77,73,67,79,368,70,66,81,70,81,321,76,55,55,67,68,283,57,22,68,75,61,77,57,19,23,15,43,7,14,6,8,8,1749,373,2,68,67,72,84,21,177,71,Olympique Lyonnais,2025.0,,R. Cherki
Pedri CM LW,20,86,92,251854,Right,88,CM,6,105000000.0,165000.0,236300000.0,334,68,72,50,88,56,402,87,79,62,86,88,422,81,76,88,87,90,369,68,73,87,73,68,355,62,73,79,88,53,87,210,68,77,65,46,12,7,11,8,8,2138,461,3,78,69,82,88,70,174,60,FC Barcelona,2026.0,,Pedri
B. Šeško ST,20,77,86,260592,Right,79,ST,9,23500000.0,39000.0,44700000.0,351,55,79,77,69,71,319,75,59,56,52,77,378,79,86,74,70,69,398,79,91,74,83,71,293,62,32,77,61,61,74,119,42,42,35,43,10,8,5,14,6,1901,415,1,83,76,61,75,43,195,85,RB Leipzig,2028.0,,B. Šeško
Carlos Forbs RW LW,19,72,85,277426,Left,72,RW,13,5500000.0,8000.0,11100000.0,318,65,72,53,66,62,311,72,65,54,53,67,419,92,88,85,68,86,315,66,69,65,52,63,299,58,42,70,63,66,69,90,33,33,24,36,5,8,12,5,6,1788,386,1,90,68,63,72,36,169,58,Ajax,2028.0,,Carlos Forbs
F. de Jong CM CDM,26,87,90,228702,Right,89,CM,3,103500000.0,240000.0,219900000.0,383,78,72,72,91,70,413,87,84,64,89,89,417,80,83,87,88,79,379,68,82,89,74,66,374,74,82,77,88,53,90,229,76,76,77,49,7,13,10,10,9,2244,479,4,82,69,86,87,77,181,74,FC Barcelona,2026.0,,F. de Jong
B. White RB CB,25,82,84,231936,Right,84,CDM,2,35000000.0,110000.0,67400000.0,273,70,24,74,84,21,303,76,45,20,82,80,357,72,75,67,82,61,318,50,83,82,78,25,316,81,84,52,75,24,83,249,83,84,82,42,8,11,12,5,6,1858,418,2,74,31,74,76,83,185,77,Arsenal,2028.0,,B. White
T. Tomiyasu RB LB,24,78,83,232938,Right,81,CB,5,20000000.0,73000.0,38500000.0,273,65,29,74,75,30,301,71,48,37,71,74,357,72,71,69,78,67,314,42,85,77,82,28,314,78,78,58,63,37,72,244,81,82,81,45,9,14,6,5,11,1848,403,1,71,33,67,72,80,188,84,Arsenal,2026.0,,T. Tomiyasu
Florentino CDM CM,23,79,84,234569,Right,80,CDM,5,24500000.0,13000.0,50800000.0,258,41,35,67,79,36,310,72,44,44,76,74,327,55,60,71,76,65,354,65,73,81,77,58,335,78,83,67,69,38,76,239,79,82,78,58,6,14,14,10,14,1881,400,1,58,47,65,73,79,184,74,Benfica,2027.0,,Florentino
A. Tchouaméni CDM CM CB,23,84,89,241637,Right,86,CDM,5,58500000.0,160000.0,124300000.0,343,68,65,75,85,50,372,78,76,53,84,81,371,74,72,72,83,70,403,78,85,83,82,75,375,80,84,74,82,55,83,246,83,83,80,48,9,8,12,12,7,2158,463,3,73,69,79,78,82,188,82,Real Madrid,2028.0,,A. Tchouaméni
Fran García LB,23,78,85,246606,Left,79,LWB,7,27000000.0,100000.0,60800000.0,286,75,42,54,76,39,320,76,69,36,62,77,426,90,89,84,72,91,336,63,75,80,65,53,309,65,74,68,63,39,69,221,66,79,76,47,9,6,12,9,11,1945,424,2,89,49,69,77,71,169,63,Real Madrid,2027.0,,Fran García
Bruno Guimarães CM CDM,25,84,87,247851,Right,86,CM,3,55500000.0,145000.0,109600000.0,359,70,72,64,87,66,396,85,79,62,85,85,389,69,72,78,86,84,398,79,76,87,79,77,397,86,82,78,86,65,87,244,81,84,79,55,7,11,15,11,11,2238,472,2,71,74,81,84,80,182,74,Newcastle United,2028.0,,Bruno Guimarães
M. Caicedo CDM CM,21,79,86,256079,Right,80,CDM,7,33500000.0,67000.0,70400000.0,309,56,57,58,83,55,347,74,61,55,76,81,371,77,70,73,76,75,367,71,74,82,70,70,346,77,78,62,74,55,79,234,75,81,78,56,15,6,13,9,13,2030,434,2,73,62,72,76,76,178,73,Chelsea,2031.0,,M. Caicedo
A. Vermeeren CDM CM,18,76,87,269859,Right,78,CM,11,15000000.0,12000.0,34500000.0,282,68,48,52,80,34,351,76,71,48,78,78,374,77,74,79,68,76,347,66,68,90,61,62,339,65,75,58,81,60,78,213,75,72,66,45,9,6,13,9,8,1951,422,1,75,55,75,77,71,180,71,Atlético Madrid,2030.0,,A. Vermeeren
Neymar Jr LW CAM,31,88,88,190871,Right,88,LW,0,75500000.0,115000.0,120800000.0,400,83,83,63,85,86,445,95,88,87,81,94,425,85,82,90,85,83,355,79,71,73,51,81,355,63,37,83,87,85,93,96,35,32,29,59,9,9,15,15,11,2135,440,5,83,82,85,93,37,175,68,Al Hilal,2025.0,,Neymar Jr
F. Kadıoğlu LB RB,23,78,83,235152,Right,80,RM,5,20000000.0,28000.0,39500000.0,332,69,61,62,76,64,369,85,72,64,69,79,431,90,85,90,78,88,362,69,71,91,62,69,331,64,71,71,73,52,76,219,73,72,74,50,10,13,11,11,5,2094,447,1,87,64,72,83,71,174,73,Fenerbahçe,2026.0,,F. Kadıoğlu
Y. Bisseck CB,22,75,85,241736,Right,77,CB,10,12000000.0,46000.0,22800000.0,273,45,45,75,75,33,285,66,45,35,68,71,350,73,74,61,72,70,369,60,89,78,87,55,287,70,73,40,55,49,72,219,74,75,70,39,8,7,8,5,11,1822,406,1,74,49,60,68,74,196,87,Inter,2028.0,,Y. Bisseck
J. Doku RW RM LW,21,79,87,246420,Right,81,CAM,8,39500000.0,95000.0,81000000.0,313,70,72,37,75,59,337,87,63,44,64,79,440,95,87,93,77,88,335,74,70,63,69,59,281,62,18,76,74,51,75,75,22,28,25,50,11,10,8,9,12,1831,404,3,91,68,70,84,25,173,77,Manchester City,2028.0,,J. Doku
K. Thuram CM CDM,22,78,83,247246,Right,80,CAM,5,21500000.0,38000.0,42500000.0,357,72,72,76,82,55,366,80,72,56,78,80,363,73,72,71,77,70,390,74,87,80,80,69,360,70,76,77,78,59,78,228,77,77,74,50,7,9,14,11,9,2114,452,2,72,71,77,78,76,192,80,Nice,2025.0,,K. Thuram
N. Schlotterbeck CB,23,83,86,247819,Left,86,CB,3,44500000.0,51000.0,79000000.0,310,49,51,84,75,51,315,74,49,41,81,70,368,79,77,68,80,64,389,75,92,73,83,66,330,82,83,58,69,38,77,251,83,86,82,53,8,10,8,14,13,2016,441,3,78,59,67,72,84,191,86,Borussia Dortmund,2027.0,,N. Schlotterbeck
S. Ricci CDM CM,21,76,86,253473,Right,77,CDM,10,16000000.0,26000.0,30400000.0,293,62,42,57,78,54,344,73,56,62,75,78,368,75,74,76,73,70,354,70,70,82,64,68,336,72,72,68,72,52,78,224,74,75,75,56,14,12,6,11,13,1975,417,1,74,55,71,75,72,181,76,Torino,2026.0,,S. Ricci
W. Pacho CB,21,78,85,256196,Left,80,CB,7,26500000.0,25000.0,50400000.0,244,46,30,70,72,26,257,52,31,38,69,67,362,80,85,63,76,58,312,41,87,69,86,29,274,77,78,36,47,36,81,236,79,81,76,56,9,12,12,13,10,1741,392,1,83,32,58,61,78,186,81,Eintracht Frankfurt,2028.0,,W. Pacho
Miguel Gutiérrez LB LM,21,78,85,261865,Left,79,LM,7,27000000.0,19000.0,62100000.0,322,82,57,65,78,40,344,80,75,41,68,80,390,83,80,78,74,75,344,70,76,80,62,56,326,60,74,75,77,40,70,221,73,75,73,48,14,10,8,6,10,1995,434,1,81,59,75,79,73,180,73,Girona,2027.0,,Miguel Gutiérrez
O. Diomande CB,19,78,86,270531,Right,80,CB,8,28500000.0,8000.0,62700000.0,220,28,20,74,74,24,273,71,25,24,76,77,361,71,77,63,78,72,311,40,87,75,87,22,255,82,72,24,38,39,74,235,76,81,78,41,8,6,15,6,6,1696,386,1,74,26,53,73,77,190,86,Sporting CP,2027.0,,O. Diomande
D. Doué LM CAM,18,73,85,271421,Right,75,CAM,12,7000000.0,12000.0,14700000.0,295,60,68,38,73,56,343,81,63,59,62,78,376,79,78,77,67,75,326,73,62,59,64,68,252,38,21,68,69,56,70,114,32,37,45,46,9,12,7,5,13,1752,381,1,78,68,67,78,33,181,79,Rennes,2026.0,,D. Doué
E. Ben Seghir CF ST,18,72,85,272781,Right,73,CAM,13,5500000.0,14000.0,13900000.0,322,59,73,55,67,68,329,74,65,58,58,74,380,76,77,81,69,77,322,74,65,55,54,74,275,51,23,72,65,64,72,81,22,28,31,39,6,10,6,10,7,1748,370,1,77,73,63,75,28,178,72,Monaco,2027.0,,E. Ben Seghir
L. Miley CM CDM CAM,17,70,85,274246,Right,72,CM,15,3600000.0,6000.0,9100000.0,305,62,61,57,73,52,329,74,60,54,69,72,328,66,60,65,67,70,334,67,67,73,68,59,297,49,60,64,75,49,75,177,58,64,55,45,9,7,10,12,7,1815,390,1,63,61,69,72,60,189,68,Newcastle United,2027.0,,L. Miley
T. Courtois GK,31,90,90,192119,Left,90,GK,0,63000000.0,250000.0,129199999.99999999,86,14,14,13,33,12,110,13,19,20,35,23,290,42,52,63,88,45,250,57,68,38,70,17,122,23,15,13,44,27,66,54,20,18,16,433,85,89,76,90,93,1345,479,5,85,89,76,93,46,200,96,Real Madrid,2026.0,,T. Courtois
S. Morsy CDM,31,74,74,197975,Right,74,CDM,0,3000000.0,17000.0,5700000.0,299,60,59,55,71,54,315,66,53,58,67,71,334,63,59,65,72,75,365,65,71,85,77,67,333,87,73,63,65,45,74,214,72,72,70,58,14,15,8,8,13,1918,407,1,61,61,65,69,70,175,75,Ipswich Town,2024.0,,S. Morsy
Nacho Fernández CB LB RB,33,82,82,200724,Right,82,CB,0,14500000.0,155000.0,29700000.0,301,70,32,79,82,38,302,64,55,37,67,79,370,69,79,65,81,76,325,54,84,80,79,28,297,80,82,37,53,45,75,246,82,83,81,51,12,7,10,15,7,1892,413,2,75,37,68,71,82,180,76,Real Madrid,2024.0,,Nacho Fernández
T. Hernández LB LM CB,25,85,88,232656,Left,86,LWB,3,66000000.0,90000.0,117200000.0,384,84,67,74,81,78,379,83,74,75,68,79,425,92,94,78,85,76,420,84,90,90,81,75,388,82,78,80,73,75,80,235,74,81,80,43,12,10,7,7,7,2274,487,3,93,74,77,81,78,184,81,Milan,2026.0,,T. Hernández
G. Kobel GK,25,87,90,235073,Right,87,GK,3,81500000.0,64000.0,144700000.0,85,13,10,13,39,10,116,24,13,12,33,34,241,38,52,37,85,29,247,55,71,30,81,10,119,24,14,10,59,12,66,45,15,15,15,418,86,84,73,86,89,1271,462,3,86,84,73,89,44,195,88,Borussia Dortmund,2028.0,,G. Kobel
Jeong Woo Yeong CAM CF,23,72,76,239138,Right,75,RM,4,3400000.0,15000.0,6000000.0,326,68,66,61,73,58,304,78,50,40,59,77,394,78,76,87,69,84,323,59,69,85,54,56,277,55,30,71,71,50,63,102,34,32,36,41,12,6,9,7,7,1767,383,1,77,62,67,78,36,179,71,VfB Stuttgart,2026.0,,Jeong Woo Yeong
L. Openda ST,23,83,86,243580,Right,85,ST,3,50000000.0,71000.0,88800000.0,381,69,85,79,75,73,335,81,64,50,59,81,437,94,93,82,83,85,408,82,93,79,79,75,329,74,26,85,69,75,81,71,29,23,19,48,9,8,10,8,13,2009,433,2,93,81,68,81,31,177,75,RB Leipzig,2028.0,,L. Openda
E. Tapsoba CB,24,81,85,247263,Right,83,CB,4,33000000.0,49000.0,58600000.0,291,39,57,82,80,33,308,66,54,32,82,74,358,74,75,66,79,64,345,74,83,75,83,30,341,75,83,34,72,77,77,243,82,84,77,50,5,10,13,7,15,1936,427,2,75,54,67,70,82,194,84,Bayer 04 Leverkusen,2028.0,,E. Tapsoba
B. Verbruggen GK,20,75,85,258498,Right,75,GK,10,10500000.0,30000.0,22100000.0,74,10,8,15,35,6,89,15,11,15,30,18,284,57,55,52,75,45,232,55,72,26,72,7,99,17,19,4,38,21,30,43,12,17,14,369,77,71,73,68,80,1190,425,1,77,71,73,80,56,194,89,Brighton & Hove Albion,2028.0,,B. Verbruggen
F. Parisi LB,22,77,86,258976,Left,78,LWB,9,22500000.0,39000.0,42800000.0,326,77,60,50,74,65,368,79,72,70,71,76,390,80,80,77,75,78,378,78,73,80,73,74,326,73,73,69,56,55,72,224,75,75,74,54,11,10,11,13,9,2066,441,1,80,67,70,77,72,178,72,Fiorentina,2028.0,,F. Parisi
N. Mbamba CDM CB,18,65,84,261360,Right,67,CB,19,1700000.0,3000.0,4000000.0,205,31,20,64,67,23,249,66,25,28,64,66,329,67,76,67,56,63,315,53,74,65,73,50,258,68,61,44,59,26,62,193,61,67,65,54,12,11,11,14,6,1603,359,1,72,34,54,65,64,187,75,Bayer 04 Leverkusen,2028.0,,N. Mbamba
J. Kiwior CB LB,23,76,83,265693,Left,78,CB,7,14000000.0,64000.0,28700000.0,265,58,29,74,72,32,270,62,41,34,68,65,324,63,74,54,78,55,328,62,79,83,76,28,310,74,76,57,64,39,71,231,77,78,76,47,7,7,6,13,14,1775,388,1,69,37,64,63,77,189,75,Arsenal,2028.0,,J. Kiwior
Stefan Bajcetic CDM CM,18,72,85,271975,Right,73,CDM,13,5000000.0,15000.0,12400000.0,283,55,50,54,74,50,327,73,59,49,71,75,332,70,68,64,68,62,304,56,65,68,63,52,307,70,71,52,66,48,77,211,68,71,72,50,6,12,11,13,8,1814,394,1,69,52,66,72,69,185,77,Liverpool,2027.0,,Stefan Bajcetic
K. De Bruyne CM CAM,32,91,91,192985,Right,91,CM,0,103000000.0,350000.0,190600000.0,412,95,85,55,94,83,447,86,92,83,94,92,394,74,74,76,92,78,420,92,73,88,75,92,407,75,66,88,95,83,88,189,66,70,53,56,15,13,5,10,13,2325,486,5,74,88,94,87,65,181,75,Manchester City,2025.0,,K. De Bruyne
O. Kökçü CM CAM CDM,22,82,86,243245,Right,84,CM,4,44000000.0,18000.0,91300000.0,347,78,72,41,84,72,412,78,82,82,85,85,376,75,69,78,74,80,389,78,66,88,73,84,398,85,74,77,84,78,78,212,70,73,69,43,9,6,10,6,12,2177,459,2,72,76,83,80,69,175,69,Benfica,2028.0,,O. Kökçü
Zubimendi CDM CM,24,81,86,248148,Right,82,CDM,5,35500000.0,33000.0,77200000.0,328,65,67,65,82,49,346,72,67,47,80,80,360,66,63,72,84,75,348,61,71,79,68,69,353,70,83,79,76,45,81,237,77,81,79,52,7,6,12,14,13,2024,429,1,64,65,75,76,78,181,74,Real Sociedad,2027.0,,Zubimendi
C. Summerville LM RM,21,76,84,251954,Right,77,RM,8,17000000.0,31000.0,35700000.0,311,69,75,41,72,54,336,80,68,65,47,76,425,93,90,88,71,83,331,71,65,74,55,66,274,47,18,72,71,66,72,108,44,38,26,54,9,9,15,11,10,1839,402,1,91,71,67,79,35,174,64,Leeds United,2026.0,,C. Summerville
M. Gusto RB RWB,20,78,86,259307,Right,79,RWB,8,29500000.0,61000.0,62000000.0,304,79,42,55,76,52,339,78,75,46,64,76,400,86,87,77,73,77,338,62,76,87,68,45,333,75,70,72,70,46,74,219,71,74,74,49,10,6,14,8,11,1982,430,1,87,49,72,77,70,178,67,Chelsea,2030.0,,M. Gusto
A. Varela CDM CM,21,77,84,260599,Right,78,CDM,7,20000000.0,10000.0,44000000.0,321,66,54,57,81,63,351,70,78,53,74,76,356,69,66,71,75,75,368,78,72,82,74,62,358,82,76,65,73,62,80,224,78,72,74,51,8,11,14,5,13,2029,427,1,67,62,74,73,73,177,73,Porto,2028.0,,A. Varela
L. Colwill CB LB,20,76,83,262859,Left,78,CB,7,14000000.0,53000.0,29400000.0,284,64,36,71,77,36,303,68,58,36,70,71,347,66,76,64,76,65,319,50,81,70,80,38,295,69,75,46,65,40,73,229,76,79,74,61,15,14,8,10,14,1838,400,1,72,40,68,69,76,187,83,Chelsea,2029.0,,L. Colwill
Vanderson RB RM RWB,22,77,84,263781,Right,77,RB,7,20500000.0,37000.0,43100000.0,345,77,63,68,76,61,362,78,69,72,67,76,383,79,77,76,75,76,342,62,77,77,67,59,338,71,72,72,74,49,74,219,71,74,74,35,8,8,6,6,7,2024,434,2,78,62,74,77,72,173,74,Monaco,2028.0,,Vanderson
C. Bradley RB RWB,19,74,84,264298,Right,75,RWB,10,8500000.0,34000.0,17400000.0,310,72,60,58,70,50,295,72,57,33,61,72,375,81,83,72,73,66,340,66,73,84,61,56,327,83,68,71,66,39,67,208,67,72,69,49,15,9,10,5,10,1904,419,1,82,59,66,72,68,181,71,Liverpool,2027.0,,C. Bradley
N. Irankunda RM LM,17,65,85,266245,Right,68,ST,20,1900000.0,500.0,4300000.0,279,58,63,49,56,53,309,65,62,69,52,61,423,95,91,88,60,89,360,87,78,55,74,66,288,78,37,56,61,56,62,121,30,45,46,45,8,10,12,7,8,1825,394,1,93,67,58,67,39,174,74,Adelaide United,2024.0,,N. Irankunda
D. Huijsen CB,18,68,86,278349,Right,70,CB,18,2900000.0,8000.0,0.0,271,48,36,70,67,50,297,64,56,46,65,66,280,60,68,54,64,34,315,56,70,64,67,58,267,64,62,32,60,49,68,211,63,76,72,55,12,7,14,14,8,1696,366,1,64,46,60,62,68,195,84,Roma,,,D. Huijsen
J. Philogene RW LW RM,21,74,82,261336,Right,75,RM,8,9500000.0,14000.0,20000000.0,315,70,73,44,71,57,340,79,74,49,63,75,388,82,87,84,64,71,333,72,63,70,59,69,269,45,29,68,68,59,70,114,37,40,37,47,8,6,8,12,13,1806,396,1,85,70,68,77,37,179,67,Hull City,2027.0,,J. Philogene
A. Bastoni CB,24,85,90,237383,Left,86,CB,5,73500000.0,95000.0,130500000.0,293,70,26,82,80,35,325,73,55,36,84,77,348,68,77,60,86,57,340,50,86,81,83,40,325,83,87,39,69,47,84,256,87,86,83,48,11,5,9,11,12,1935,424,2,73,36,73,73,86,190,75,Inter,2028.0,,A. Bastoni
L. Geertruida RB CB,22,79,84,241187,Right,81,CB,5,25000000.0,17000.0,36900000.0,321,70,63,80,77,31,314,76,56,30,74,78,373,77,76,73,75,72,339,49,89,79,80,42,328,73,78,69,68,40,77,237,77,82,78,58,12,11,13,12,10,1970,434,2,76,54,70,76,79,185,73,Feyenoord,2025.0,,L. Geertruida
B. Williams LB RB LWB,22,72,77,243414,Right,72,LB,5,3400000.0,49000.0,0.0,314,68,54,61,70,61,300,73,61,30,65,71,359,76,75,73,67,68,328,69,74,69,66,50,323,85,73,66,64,35,71,208,65,71,72,48,10,13,11,7,7,1880,408,1,75,56,65,72,69,182,63,Ipswich Town,,,B. Williams
W. Saliba CB,22,85,89,243715,Right,86,CB,4,71000000.0,130000.0,136700000.0,286,58,35,75,84,34,324,74,55,35,78,82,357,77,86,50,85,59,330,60,88,72,87,23,318,83,83,43,62,47,85,258,86,87,85,42,7,10,6,8,11,1915,433,2,82,39,70,74,85,193,85,Arsenal,2027.0,,W. Saliba
H. Elliott CAM CM RW,20,77,85,246174,Left,79,CAM,8,23000000.0,65000.0,47200000.0,317,75,64,40,78,60,356,81,66,60,70,79,399,79,71,87,75,87,305,65,54,75,45,66,330,57,54,79,81,59,76,152,52,55,45,47,10,10,6,14,7,1906,402,1,75,65,75,81,51,168,64,Liverpool,2027.0,,H. Elliott
A. Bella Kotchap CB,21,74,82,247497,Right,76,CB,8,9000000.0,24000.0,0.0,213,31,20,72,66,24,207,39,22,22,64,60,333,71,83,55,63,61,298,40,87,65,86,20,251,66,77,29,46,33,57,220,71,77,72,52,12,14,5,8,13,1574,354,1,78,25,50,50,74,190,87,PSV,,,A. Bella Kotchap
S. Boey RB,22,80,85,248266,Right,80,RB,5,30000000.0,51000.0,51800000.0,280,65,44,59,74,38,324,75,60,45,68,76,418,85,86,85,79,83,400,70,90,91,82,67,341,84,82,68,58,49,76,236,80,80,76,50,10,11,13,10,6,2049,447,1,86,55,66,77,78,178,70,FC Bayern München,2028.0,,S. Boey
Nuno Mendes LB LWB,21,82,87,252145,Left,82,LB,5,43500000.0,63000.0,83700000.0,327,79,45,70,79,54,362,78,73,59,72,80,424,90,88,82,80,84,381,80,84,81,73,63,345,74,77,77,72,45,80,233,76,79,78,50,7,8,8,12,15,2122,455,2,89,58,75,80,77,180,70,Paris Saint Germain,2026.0,,Nuno Mendes
L. Mercan LB LM,22,67,74,252544,Left,68,LWB,7,2000000.0,7000.0,4400000.0,296,64,54,53,67,58,334,67,68,66,65,68,363,76,76,78,57,76,310,80,56,64,44,66,276,44,64,54,59,55,58,196,65,65,66,55,15,14,11,8,7,1830,385,1,76,62,65,68,64,176,69,Fatih Karagümrük,2026.0,,L. Mercan
Ansu Fati LM ST CAM,20,77,85,253004,Right,80,CAM,8,23000000.0,81000.0,0.0,354,69,77,66,73,69,374,79,75,73,69,78,424,91,87,89,74,83,330,74,72,63,49,72,291,48,19,77,73,74,82,83,23,32,28,40,6,9,8,10,7,1896,399,3,89,75,72,80,30,178,66,Brighton & Hove Albion,,,Ansu Fati
Antony RM RW,23,79,84,255475,Left,81,CAM,5,26500000.0,95000.0,52300000.0,326,75,70,45,74,62,383,83,84,70,62,84,426,89,78,92,79,88,360,73,69,84,60,74,352,86,50,76,74,66,78,110,37,45,28,54,9,10,14,8,13,2011,425,3,83,71,73,84,42,172,63,Manchester United,2027.0,,Antony
Rodri LM RM CAM,23,78,86,259681,Left,80,CAM,8,31000000.0,23000.0,71300000.0,338,68,74,48,81,67,352,81,62,54,75,80,397,80,78,82,73,84,341,78,64,68,55,76,294,52,35,74,79,54,65,118,32,42,44,60,11,12,11,13,13,1900,404,1,79,74,75,80,38,168,62,Real Betis,2028.0,,Rodri
Lucas Beraldo CB,19,75,86,279709,Left,77,CB,11,11500000.0,28000.0,23600000.0,263,53,34,69,77,30,299,66,58,34,71,70,322,64,73,57,70,58,300,56,75,63,75,31,294,80,74,35,59,46,68,227,72,78,77,60,11,14,15,12,8,1765,385,1,69,38,65,66,74,182,78,Paris Saint Germain,2028.0,,Lucas Beraldo
A. Griezmann ST,32,88,88,194765,Left,88,ST,0,74000000.0,135000.0,155400000.0,432,82,90,85,89,86,437,88,89,85,86,89,424,81,80,89,90,84,412,85,85,86,69,87,390,74,59,90,88,79,89,172,45,63,64,63,14,8,14,13,14,2330,477,5,80,88,87,88,59,176,73,Atlético Madrid,2026.0,,A. Griezmann
N. Füllkrug ST,30,81,81,205431,Right,81,ST,0,25500000.0,60000.0,43400000.0,391,65,84,86,77,79,352,74,72,68,59,79,333,62,62,64,83,62,404,86,88,66,86,78,350,78,24,84,76,88,80,117,41,46,30,56,15,9,10,13,9,2003,414,2,62,83,71,75,43,188,83,Borussia Dortmund,2026.0,,N. Füllkrug
Adama Traoré RM RW,27,75,75,213956,Right,75,RM,0,6000000.0,63000.0,11400000.0,293,73,61,40,69,50,328,87,72,42,49,78,420,94,93,78,68,87,380,78,79,73,88,62,286,76,38,62,63,47,69,107,33,40,34,52,13,9,11,12,7,1866,420,1,93,63,64,82,37,178,86,Fulham,2025.0,,Adama Traoré
O. Watkins ST,27,83,83,221697,Right,83,ST,0,39500000.0,120000.0,75100000.0,391,67,85,83,78,78,359,81,74,63,64,77,408,80,89,79,84,76,419,83,92,88,82,74,366,74,55,86,77,74,81,127,45,46,36,58,14,14,14,6,10,2128,452,2,85,82,73,80,50,180,70,Aston Villa,2028.0,,O. Watkins
T. Abraham ST,25,80,83,231352,Right,82,ST,3,28500000.0,72000.0,50600000.0,371,53,77,84,77,80,324,80,55,55,53,81,354,75,81,61,84,53,394,80,92,69,85,68,330,68,25,81,77,79,80,89,40,29,20,53,12,7,8,13,13,1915,411,2,78,76,66,77,36,195,86,Roma,2026.0,,T. Abraham
Rodri CDM CM,27,90,92,231866,Right,90,CDM,2,129500000.0,260000.0,249300000.0,377,71,74,81,92,59,410,84,83,63,90,90,356,63,65,68,93,67,435,92,83,89,83,88,391,85,84,76,84,62,87,257,92,87,78,49,10,10,7,14,8,2275,482,4,64,79,84,84,86,191,82,Manchester City,2027.0,,Rodri
Diogo Costa GK,23,83,89,234577,Right,83,GK,6,46500000.0,14000.0,102300000.0,88,13,6,11,50,8,123,18,10,10,55,30,232,33,39,42,83,35,221,60,61,28,63,9,137,23,18,18,64,14,44,43,19,13,11,407,82,77,80,82,86,1251,442,2,82,77,80,86,35,192,84,Porto,2026.0,,Diogo Costa
A. Buongiorno CB,24,79,85,243241,Left,81,CB,6,25000000.0,39000.0,47500000.0,301,63,36,79,77,46,298,60,52,43,72,71,326,62,69,57,78,60,341,65,82,70,77,47,317,80,81,37,70,49,75,242,83,81,78,54,13,11,7,11,12,1879,402,1,66,45,69,65,81,190,86,Torino,2028.0,,A. Buongiorno
Sancet CAM CM ST,23,82,87,244675,Right,84,CAM,5,46000000.0,34000.0,100100000.0,389,75,77,80,84,73,382,84,81,53,81,83,392,72,74,85,84,77,409,82,86,86,80,75,391,80,74,81,86,70,85,198,64,74,60,54,15,11,6,15,7,2215,466,1,73,77,80,84,70,188,77,Athletic Club,2032.0,,Sancet
M. Ruiz CM CAM CDM,22,75,82,244973,Right,77,CM,7,0.0,0.0,0.0,324,64,60,60,80,60,365,74,69,68,77,77,370,74,74,81,69,72,360,72,72,82,64,70,345,58,75,70,77,65,68,199,70,65,64,49,14,14,6,8,7,2012,425,1,74,65,75,75,68,180,68,Mexico,,,M. Ruiz
M. Kudus RM CAM ST,22,80,86,245155,Left,83,CAM,6,34000000.0,66000.0,71400000.0,345,66,76,55,77,71,359,86,67,49,73,84,430,92,88,85,73,92,383,79,75,79,76,74,344,68,59,78,75,64,77,172,60,66,46,42,6,12,7,7,10,2075,457,3,90,75,72,85,60,177,70,West Ham United,2028.0,,M. Kudus
E. Fernández CM CDM CAM,22,82,88,247090,Right,85,CM,6,48500000.0,110000.0,101900000.0,355,67,66,60,87,75,408,79,82,76,87,84,379,77,70,76,79,77,393,82,76,84,72,79,388,82,75,76,85,70,81,222,75,75,72,39,8,6,7,8,10,2184,458,3,73,73,82,80,73,178,78,Chelsea,2032.0,,E. Fernández
S. Dest LB RB,22,78,83,251804,Right,80,RM,5,20000000.0,90000.0,0.0,319,75,59,59,80,46,351,84,74,43,70,80,414,87,83,88,75,81,343,65,74,83,59,62,328,72,70,73,74,39,75,217,69,73,75,61,11,10,10,15,15,2033,439,1,85,60,74,82,70,173,68,PSV,,,S. Dest
B. Brobbey ST,21,78,86,251810,Right,80,ST,8,32000000.0,15000.0,51200000.0,324,35,79,70,73,67,290,67,49,44,53,77,396,82,85,65,78,86,398,79,90,73,92,64,297,70,26,83,52,66,75,75,28,23,24,57,10,11,15,8,13,1837,400,1,84,75,56,72,30,180,78,Ajax,2027.0,,B. Brobbey
M. Ugarte CDM CM,22,81,86,253306,Right,82,CDM,5,36500000.0,69000.0,70300000.0,307,62,65,55,80,45,355,79,62,58,79,77,365,72,72,69,80,72,366,67,74,83,77,65,383,88,83,75,75,62,84,239,79,83,77,53,6,10,16,8,13,2068,446,1,72,65,73,77,78,182,77,Paris Saint Germain,2028.0,,M. Ugarte
M. Beier ST LM RM,20,75,84,254117,Right,77,ST,9,12500000.0,25000.0,23800000.0,330,55,78,62,69,66,321,78,65,47,55,76,416,88,94,82,75,77,347,76,72,78,50,71,275,47,22,78,67,61,65,60,22,21,17,41,6,8,8,6,13,1790,388,1,91,75,62,77,25,185,72,TSG Hoffenheim,2027.0,,M. Beier
M. Thiaw CB,21,76,84,256261,Right,78,CB,8,15500000.0,34000.0,29500000.0,282,49,43,74,72,44,291,62,52,44,65,68,352,72,76,67,77,60,330,56,84,65,79,46,315,76,78,42,55,64,71,229,74,78,77,51,10,6,15,11,9,1850,398,1,74,47,61,65,76,191,80,Milan,2027.0,,M. Thiaw
N. Jackson ST,22,77,84,259197,Right,79,ST,7,21500000.0,83000.0,45200000.0,359,53,79,76,75,76,319,81,55,53,53,77,377,80,80,74,72,71,388,77,87,75,74,75,297,57,38,78,63,61,73,113,36,40,37,45,12,7,12,7,7,1898,412,1,80,77,63,78,42,187,78,Chelsea,2031.0,,N. Jackson
C. Chukwuemeka CAM CM,19,69,82,259356,Right,71,CAM,13,3300000.0,22000.0,8300000.000000001,292,56,66,46,72,52,323,75,57,51,67,73,336,67,65,67,65,72,301,62,60,61,63,55,301,58,50,68,67,58,73,153,50,52,51,54,12,12,9,11,10,1760,377,1,66,62,65,73,50,187,77,Chelsea,2028.0,,C. Chukwuemeka
E. Wahi ST,20,77,84,260407,Right,79,ST,7,21000000.0,29000.0,44100000.0,370,64,81,67,72,86,343,79,66,60,60,78,406,85,84,80,75,82,374,79,80,70,69,76,297,57,28,78,68,66,77,77,25,29,23,51,13,7,5,12,14,1918,407,2,84,79,67,79,31,181,77,Lens,2028.0,,E. Wahi
Gavi CM LW,18,83,90,264240,Right,86,CM,7,68500000.0,60000.0,154100000.0,315,69,71,42,84,49,374,86,74,47,82,85,414,77,75,86,86,90,330,56,62,84,58,70,379,85,79,81,83,51,74,209,59,78,72,49,8,10,11,7,13,2070,443,3,76,66,78,85,68,173,70,FC Barcelona,2026.0,,Gavi
Thiago Silva CB,38,84,84,164240,Right,84,CB,0,7500000.0,100000.0,14300000.0,326,60,40,82,83,61,348,63,62,60,83,80,304,42,55,60,85,62,351,70,76,63,79,63,348,75,84,57,72,60,87,259,88,87,84,45,9,12,5,9,10,1981,407,4,49,54,74,70,86,183,79,Chelsea,2024.0,,Thiago Silva
K. Moore ST,30,72,72,216627,Right,72,ST,0,2300000.0,34000.0,0.0,339,58,71,84,58,68,298,65,62,45,55,71,291,52,72,52,71,44,373,76,88,62,89,58,308,73,42,72,54,67,68,122,39,44,39,50,10,10,13,8,9,1781,378,1,63,69,56,65,46,196,83,Ipswich Town,,,K. Moore
T. Adarabioyo CB,25,76,81,222104,Right,78,CB,5,10000000.0,58000.0,19800000.0,239,38,30,73,73,25,255,56,30,22,75,72,322,66,78,51,76,51,297,36,83,68,82,28,262,75,73,28,51,35,76,231,77,80,74,53,14,11,11,8,9,1659,376,1,73,31,57,62,76,196,80,Fulham,2024.0,,T. Adarabioyo
T. Alexander-Arnold RB,24,86,88,231281,Right,88,CM,2,81000000.0,140000.0,155900000.0,383,93,64,69,89,68,428,79,88,85,92,84,381,73,79,73,84,72,393,85,75,89,68,76,377,69,84,79,90,55,82,238,78,82,78,56,14,15,14,6,7,2256,471,3,76,71,90,80,80,180,72,Liverpool,2025.0,,T. Alexander-Arnold
Pedro Neto RW LW ST,23,79,83,238616,Left,80,CAM,4,25000000.0,68000.0,49400000.0,343,76,75,49,75,68,351,84,68,56,62,81,422,89,87,86,74,86,354,77,71,70,63,73,309,55,41,75,76,62,69,72,32,23,17,44,6,13,7,12,6,1895,411,1,88,74,72,82,31,172,62,Wolverhampton Wanderers,2027.0,,Pedro Neto
Éder Militão CB,25,86,89,240130,Right,88,CB,3,80000000.0,210000.0,170000000.0,316,69,48,87,78,34,318,70,60,40,76,72,387,82,88,70,85,62,360,62,92,85,79,42,353,84,86,64,59,60,76,258,86,87,85,61,11,8,15,12,15,2053,443,3,85,50,69,71,86,186,78,Real Madrid,2028.0,,Éder Militão
Pedro Porro RB,23,82,85,243576,Right,83,RM,3,38500000.0,80000.0,76000000.0,363,83,68,69,79,64,403,82,83,78,77,83,394,80,84,80,79,71,400,83,80,91,71,75,379,75,77,81,80,66,79,229,74,79,76,48,15,7,14,5,7,2216,469,2,82,73,80,81,76,173,69,Tottenham Hotspur,2028.0,,Pedro Porro
João Pedro ST CAM,21,75,83,252042,Right,77,ST,8,12500000.0,52000.0,26300000.0,343,56,77,72,72,66,335,82,67,46,63,77,373,79,76,80,74,64,354,74,80,73,64,63,270,29,14,78,68,81,76,66,17,25,24,45,7,6,10,8,14,1786,379,1,77,73,65,79,25,182,70,Brighton & Hove Albion,2028.0,,João Pedro
E. Millot CAM CM CF,20,75,83,252259,Left,77,CAM,8,12500000.0,17000.0,23800000.0,310,68,69,44,75,54,354,80,68,59,69,78,390,75,71,87,73,84,301,67,50,78,42,64,330,57,64,72,74,63,68,180,62,65,53,56,13,15,12,8,8,1921,405,1,73,67,71,79,61,174,66,VfB Stuttgart,2028.0,,E. Millot
R. Araujo CB RB,24,86,91,253163,Right,88,CB,5,93000000.0,175000.0,197600000.0,313,58,56,85,76,38,281,55,47,45,66,68,357,76,86,56,84,55,354,68,92,72,87,35,330,87,85,56,59,43,76,258,86,86,86,53,11,14,9,11,8,1946,432,3,82,53,65,62,86,188,79,FC Barcelona,2026.0,,R. Araujo
Vitinha CM,23,83,87,255253,Right,85,CM,4,52000000.0,90000.0,100100000.0,338,74,74,42,86,62,393,87,74,62,83,87,404,75,69,90,82,88,355,76,61,81,59,78,386,77,78,77,81,73,84,217,74,75,68,43,12,13,8,5,5,2136,453,2,72,75,80,87,71,172,64,Paris Saint Germain,2027.0,,Vitinha
Yeremy Pino LM LW RM,20,79,87,259377,Right,80,CAM,8,38500000.0,27000.0,88600000.0,347,77,79,46,78,67,368,81,73,60,74,80,385,77,76,79,74,79,291,68,52,70,32,69,286,48,29,79,76,54,60,120,31,48,41,45,9,7,14,6,9,1842,388,2,76,73,76,79,38,172,60,Villarreal,2027.0,,Yeremy Pino
A. Nusa LM LW RM,18,72,86,262863,Right,73,RM,14,5500000.0,6000.0,11700000.0,297,67,61,45,65,59,346,80,72,58,58,78,414,90,87,90,60,87,323,72,68,59,59,65,272,57,32,62,67,54,68,137,37,47,53,59,12,14,14,9,10,1848,396,1,88,64,65,79,41,180,72,Club Brugge,2027.0,,A. Nusa
T. Bischof CAM CM,18,67,86,263765,Left,69,CAM,19,2600000.0,4000.0,6000000.0,266,52,55,40,72,47,324,71,61,52,68,72,344,63,59,77,64,81,254,55,41,59,44,55,268,56,34,55,69,54,65,142,37,53,52,53,9,13,12,13,6,1651,346,1,61,55,65,72,43,176,66,TSG Hoffenheim,2025.0,,T. Bischof
Pablo Barrios CM,20,76,86,272449,Right,78,CAM,10,16500000.0,32000.0,38000000.0,308,57,69,57,80,45,326,75,47,48,79,77,359,77,75,72,73,62,334,72,71,60,61,70,353,62,78,72,79,62,75,200,66,71,63,52,5,15,9,13,10,1932,421,1,76,68,72,75,69,181,75,Atlético Madrid,2028.0,,Pablo Barrios
Fermín CM LW CAM,20,70,81,277179,Right,74,CAM,11,3500000.0,41000.0,7900000.0,281,47,70,42,75,47,319,75,54,45,73,72,382,75,73,83,70,81,291,68,48,63,43,69,302,58,62,65,67,50,63,175,43,72,60,44,8,14,8,7,7,1794,388,1,74,67,65,74,57,174,64,FC Barcelona,2027.0,,Fermín
C. Huerta LW LM,22,75,81,246289,Right,76,RM,6,0.0,0.0,0.0,354,73,71,66,71,73,333,84,51,53,70,75,385,83,83,88,56,75,354,66,80,70,70,68,283,51,24,70,70,68,57,161,40,61,60,48,7,12,6,11,12,1918,415,1,83,69,69,79,48,171,67,Mexico,,,C. Huerta
W. Fofana CB,22,78,84,248695,Right,80,CB,6,20500000.0,73000.0,43100000.0,265,42,39,73,72,39,287,63,46,44,67,67,329,63,78,60,73,55,309,50,80,60,80,39,300,80,80,39,55,46,72,241,80,81,80,55,14,12,9,14,6,1786,391,1,71,42,59,64,80,190,84,Chelsea,2029.0,,W. Fofana
A. Colpani CF RM CAM,24,78,85,251988,Left,80,CAM,7,28500000.0,48000.0,54200000.0,373,74,76,67,81,75,386,80,76,72,77,81,371,76,82,75,72,66,386,78,79,82,72,75,337,58,62,77,74,66,73,200,62,69,69,48,10,9,6,12,11,2101,447,1,79,76,77,78,65,184,75,Monza,2028.0,,A. Colpani
K. Mitoma LM,26,81,82,255565,Right,82,CAM,1,30500000.0,95000.0,60200000.0,357,76,80,52,80,69,366,89,71,62,59,85,412,89,79,89,77,78,347,69,73,75,62,68,336,58,57,77,81,63,79,169,56,59,54,56,10,13,10,14,9,2043,441,3,84,74,75,86,57,178,71,Brighton & Hove Albion,2027.0,,K. Mitoma
C. Alcaraz ST CM CAM,20,73,84,256402,Right,77,CAM,11,6500000.0,28000.0,0.0,328,59,72,65,77,55,371,82,70,72,72,75,400,87,77,84,71,81,356,75,78,73,61,69,340,78,52,72,72,66,69,139,45,49,45,48,12,9,14,6,7,1982,421,1,82,71,71,79,50,176,70,Juventus,,,C. Alcaraz
E. Martel CDM CB,21,75,85,256942,Right,77,CB,10,12000000.0,17000.0,24000000.0,275,52,50,67,71,35,295,71,46,43,63,72,335,65,61,67,73,69,351,53,76,90,77,55,314,77,78,56,65,38,75,226,77,76,73,48,5,10,13,5,15,1844,403,1,63,51,62,71,76,188,81,FC Köln,2026.0,,E. Martel
M. Baturina CAM CM,20,75,84,262842,Right,77,CAM,9,12500000.0,750.0,30000000.0,327,72,62,49,77,67,382,83,72,72,73,82,381,77,73,78,71,82,347,74,64,78,59,72,332,64,58,65,77,68,78,180,62,60,58,35,7,5,7,10,6,1984,422,1,75,67,75,81,59,172,68,Dinamo Zagreb,2028.0,,M. Baturina
F. Chaïbi LM CM CF,20,76,86,270670,Right,77,RM,10,16500000.0,25000.0,31400000.0,350,78,76,65,79,52,368,76,77,68,72,75,350,74,72,66,75,63,350,70,77,74,71,58,347,68,69,74,75,61,73,204,67,69,68,58,10,13,12,12,11,2027,431,1,73,69,76,74,68,183,79,Eintracht Frankfurt,2028.0,,F. Chaïbi
E. Nwaneri CAM CF,16,61,86,271807,Left,63,CAM,25,1000000.0,2000.0,2900000.0,280,58,62,42,61,57,291,61,63,50,55,62,345,71,65,74,57,78,269,59,51,52,51,56,250,44,40,56,60,50,64,108,43,35,30,54,14,11,8,12,9,1597,338,1,68,59,59,63,39,176,70,Arsenal,2024.0,,E. Nwaneri
E. Can CDM CB,29,82,82,208333,Right,83,CB,0,26000000.0,57000.0,44200000.0,373,64,74,81,81,73,375,76,77,64,80,78,379,67,88,69,81,74,421,85,88,82,86,80,398,91,80,72,74,81,83,248,79,85,84,54,14,8,8,13,11,2248,476,3,79,78,75,76,82,186,86,Borussia Dortmund,2026.0,,E. Can
R. Guerreiro LB CM,29,82,82,209889,Left,84,CAM,0,27000000.0,72000.0,44600000.0,372,84,78,42,89,79,422,87,85,82,79,89,401,79,54,90,88,90,339,79,51,77,49,83,347,44,85,79,85,54,87,234,79,78,77,45,12,6,8,11,8,2160,447,3,65,78,85,88,76,170,69,FC Bayern München,2026.0,,R. Guerreiro
J. Kimmich CDM RB CM,28,87,87,212622,Right,87,CDM,0,70000000.0,110000.0,115500000.0,388,91,68,72,88,69,418,82,85,76,91,84,397,77,65,84,87,84,400,78,78,93,68,83,405,86,85,80,85,69,86,243,81,84,78,60,8,15,7,15,15,2311,475,4,70,74,88,83,82,177,75,FC Bayern München,2025.0,,J. Kimmich
E. Palacios CM,24,82,85,231521,Right,84,CM,3,41500000.0,59000.0,73700000.0,358,70,73,67,85,63,372,80,73,54,83,82,363,68,60,78,78,79,381,81,72,83,67,78,394,84,84,75,81,70,82,247,79,86,82,38,10,5,8,9,6,2153,454,2,64,75,79,80,81,178,71,Bayer 04 Leverkusen,2028.0,,E. Palacios
C. Nkunku CF ST CAM,25,85,87,232411,Right,87,CAM,2,68500000.0,170000.0,135300000.0,382,80,85,62,85,70,417,88,82,80,80,87,424,82,81,88,83,90,370,79,75,75,63,78,357,55,62,86,83,71,82,176,62,62,52,43,5,6,10,15,7,2169,457,3,81,81,82,87,61,177,68,Chelsea,2029.0,,C. Nkunku
F. Tomori CB,25,84,88,232756,Right,86,CB,4,52500000.0,84000.0,93200000.0,274,53,33,83,73,32,268,61,38,40,63,66,399,80,90,74,84,71,351,56,92,74,84,45,280,83,85,37,48,27,81,258,86,90,82,51,10,13,10,11,7,1881,419,2,86,40,59,66,86,185,79,Milan,2027.0,,F. Tomori
N. Molina RWB,25,82,85,233084,Right,82,RWB,3,37000000.0,59000.0,80500000.0,353,80,67,64,80,62,338,77,68,44,69,80,406,84,85,82,79,76,360,70,76,86,61,67,352,74,80,77,76,45,76,235,79,79,77,48,12,13,8,5,10,2092,454,1,85,67,75,78,78,175,70,Atlético Madrid,2027.0,,N. Molina
Raphinha RW,26,84,84,233419,Left,84,RW,0,46000000.0,210000.0,94300000.0,382,80,78,74,78,72,406,87,81,79,74,85,432,90,91,88,84,79,396,83,83,86,65,79,372,76,55,83,80,78,80,139,47,54,38,50,8,7,13,8,14,2177,460,3,91,79,78,86,53,176,68,FC Barcelona,2027.0,,Raphinha
J. Quiñones CF ST LW,26,78,79,234579,Right,79,ST,1,0.0,0.0,0.0,359,58,81,76,75,69,345,80,51,66,70,78,396,88,88,83,69,68,422,80,95,88,89,70,315,60,21,75,81,78,65,99,25,46,28,51,8,12,11,8,12,1987,433,1,88,78,70,78,36,177,78,Mexico,,,J. Quiñones
João Félix CF ST LW,23,81,87,242444,Right,85,CAM,6,41000000.0,60000.0,0.0,388,77,78,69,81,83,393,86,83,67,73,84,414,82,80,88,80,84,375,80,77,75,62,81,337,68,40,81,80,68,84,107,30,42,35,66,13,12,14,13,14,2080,430,3,81,79,78,85,40,181,70,FC Barcelona,,,João Félix
N. Okafor ST LW CAM,23,77,84,242530,Right,79,CAM,7,21500000.0,53000.0,40900000.0,348,66,78,63,72,69,357,82,68,63,64,80,416,91,91,87,76,71,390,75,88,71,83,73,294,53,20,78,73,70,73,83,38,25,20,50,14,14,11,6,5,1938,422,1,91,76,69,81,31,185,85,Milan,2028.0,,N. Okafor
M. Hjulmand CDM CM,24,80,85,244669,Right,81,CDM,5,29000000.0,14000.0,60200000.0,311,68,60,60,81,42,360,73,68,61,79,79,328,61,65,60,79,63,382,70,74,85,82,71,360,80,80,75,78,47,71,218,71,77,70,44,11,6,10,11,6,2003,430,1,63,63,76,73,73,185,77,Sporting CP,2028.0,,M. Hjulmand
M. Salah RW,31,89,89,209331,Left,89,RW,0,85500000.0,260000.0,158200000.0,399,80,92,59,85,83,404,88,84,69,77,86,451,89,89,89,93,91,411,82,81,87,77,84,376,63,55,92,85,81,90,122,38,43,41,62,14,14,9,11,14,2225,468,5,89,87,82,88,45,175,72,Liverpool,2025.0,,M. Salah
A. Martial ST,27,77,77,211300,Right,78,RW,0,11500000.0,100000.0,21900000.0,369,69,77,70,77,76,355,83,82,54,54,82,387,80,78,79,73,77,363,82,81,54,74,72,321,54,34,76,77,80,79,90,26,33,31,51,9,8,8,15,11,1936,408,3,79,77,71,81,35,184,76,Manchester United,2024.0,,A. Martial
L. Sané RM LM,27,86,86,222492,Left,86,RM,0,72500000.0,105000.0,119600000.0,404,82,83,72,83,84,414,89,84,83,72,86,435,88,93,87,85,82,388,86,82,73,67,80,328,65,34,83,81,65,83,103,36,32,35,52,8,12,9,9,14,2124,448,3,91,82,81,87,38,183,80,FC Bayern München,2025.0,,L. Sané
R. Kolo Muani ST,24,82,85,237679,Right,85,ST,3,42000000.0,90000.0,80900000.0,384,64,82,79,79,80,358,83,70,62,62,81,423,90,91,84,81,77,391,82,90,74,74,71,306,36,38,85,77,70,80,97,32,33,32,49,7,14,15,8,5,2008,429,3,91,79,72,82,38,187,73,Paris Saint Germain,2028.0,,R. Kolo Muani
N. Zaniolo RM CF ST,23,78,81,238067,Left,79,CAM,3,19000000.0,37000.0,0.0,353,73,75,64,77,64,364,77,74,60,73,80,373,74,77,66,80,76,397,84,75,75,86,77,364,87,62,79,76,60,74,175,54,63,58,48,8,11,11,13,5,2074,446,2,76,76,74,77,60,190,79,Aston Villa,,,N. Zaniolo
R. James RB RWB,23,83,87,238074,Right,84,CB,4,48500000.0,105000.0,95800000.0,381,88,68,75,83,67,403,83,83,75,79,83,398,76,80,72,82,88,395,85,87,68,85,70,379,77,80,77,82,63,83,247,82,85,80,51,8,12,7,13,11,2254,476,2,78,72,83,82,82,179,91,Chelsea,2028.0,,R. James
C. Gallagher CM CAM CDM,23,79,83,238216,Right,81,CM,4,25000000.0,89000.0,49400000.0,332,68,72,50,80,62,373,78,67,70,79,79,369,72,77,70,80,70,390,79,70,93,72,76,374,86,77,76,76,59,75,225,73,81,71,46,7,6,15,9,9,2109,455,2,75,73,76,77,74,182,74,Chelsea,2025.0,,C. Gallagher
Matheus Cunha ST CAM CF,24,79,83,240243,Right,82,CAM,4,25500000.0,68000.0,50400000.0,375,76,78,67,79,75,379,84,77,64,71,83,404,82,86,83,79,74,391,82,81,80,73,75,341,70,41,78,77,75,80,121,41,41,39,52,8,7,13,13,11,2063,439,2,84,78,76,83,43,183,76,Wolverhampton Wanderers,2027.0,,Matheus Cunha
L. Woolfenden CB,24,72,76,240500,Right,74,CB,4,3000000.0,12000.0,5900000.0,247,52,30,70,68,27,264,59,39,33,65,68,320,70,68,44,68,70,311,44,82,72,85,28,310,68,70,63,64,45,73,212,70,72,70,42,9,11,6,6,10,1706,375,1,69,35,60,62,71,193,80,Ipswich Town,2025.0,,L. Woolfenden
T. Reijnders CM CAM CDM,24,80,85,240638,Right,82,CAM,5,31500000.0,60000.0,55900000.0,353,73,73,61,81,65,385,82,70,70,79,84,396,82,72,84,78,80,390,80,76,92,65,77,361,70,74,78,80,59,81,216,72,74,70,48,6,10,9,14,9,2149,456,1,77,74,78,82,72,185,73,Milan,2028.0,,T. Reijnders
J. Koundé CB RB,24,85,89,241486,Right,87,CB,4,69500000.0,160000.0,147700000.0,303,62,47,80,82,32,292,72,42,26,75,77,399,85,83,71,86,74,336,48,90,78,80,40,316,78,86,47,62,43,82,257,87,86,84,56,11,10,8,14,13,1959,438,3,84,45,68,75,86,180,75,FC Barcelona,2027.0,,J. Koundé
Sergio Gómez LB,22,74,83,241811,Left,76,CAM,9,9000000.0,64000.0,18500000.0,335,78,67,47,74,69,371,76,75,76,69,75,380,76,63,85,73,83,338,72,63,75,58,70,368,68,74,72,76,78,73,212,70,72,70,48,11,7,9,11,10,2052,425,1,69,70,75,77,69,171,68,Manchester City,2026.0,,Sergio Gómez
J. David ST,23,80,83,243630,Right,83,ST,3,29000000.0,39000.0,57300000.0,377,67,82,76,76,76,341,77,58,58,69,79,392,80,84,75,82,71,403,79,88,85,77,74,330,55,33,83,73,86,81,77,29,29,19,39,7,7,11,7,7,1959,420,3,82,80,71,78,34,175,70,LOSC Lille,2025.0,,J. David
M. Lacroix CB,23,76,84,244067,Right,78,CB,8,15500000.0,31000.0,29500000.0,236,35,29,73,71,28,263,66,37,26,66,68,366,82,89,64,76,55,305,46,83,67,82,27,271,74,77,32,50,38,80,228,77,77,74,56,14,7,12,12,11,1725,394,2,86,33,55,67,76,190,88,VfL Wolfsburg,2025.0,,M. Lacroix
A. Hložek ST CAM,20,76,83,246618,Right,78,ST,7,15000000.0,36000.0,28500000.0,368,69,77,74,75,73,358,76,68,68,68,78,371,77,73,69,76,76,394,78,88,68,83,77,309,69,23,75,76,66,76,78,23,32,23,51,11,10,9,11,10,1929,407,1,75,76,72,76,31,188,84,Bayer 04 Leverkusen,2027.0,,A. Hložek
K. Koné CM,22,76,84,250723,Right,78,CAM,8,17000000.0,23000.0,32299999.999999996,340,70,71,68,76,55,359,82,70,50,75,82,377,76,71,78,75,77,382,80,80,75,75,72,341,73,70,69,75,54,75,208,64,74,70,51,11,10,11,9,10,2058,442,2,73,71,73,81,69,185,80,Borussia Mönchengladbach,2026.0,,K. Koné
G. Raspadori CF ST LW,23,78,85,253002,Right,79,CAM,7,28500000.0,49000.0,54200000.0,357,54,80,69,78,76,348,80,69,60,58,81,403,85,79,77,76,86,341,73,74,65,54,75,304,59,18,78,73,76,77,68,24,23,21,50,13,14,7,7,9,1871,393,2,82,77,68,80,27,172,69,Napoli,2028.0,,G. Raspadori
B. El Khannouss CAM CM,19,74,86,257504,Right,76,CAM,12,10000000.0,9000.0,17000000.0,289,65,64,27,82,51,371,78,67,68,76,82,392,78,66,90,73,85,295,65,53,71,53,53,254,37,41,56,77,43,72,110,34,39,37,53,10,6,14,13,10,1764,377,1,71,60,75,80,37,180,70,Genk,2027.0,,B. El Khannouss
A. Scott CM CAM,19,72,84,261299,Right,75,CAM,12,5500000.0,18000.0,11600000.0,309,68,63,51,74,53,363,78,67,72,71,75,389,75,74,84,71,85,335,63,67,78,65,62,321,62,66,69,72,52,72,191,64,66,61,54,9,10,15,12,8,1962,416,1,74,62,72,77,63,180,70,AFC Bournemouth,2028.0,,A. Scott
Q. Merlin LB LM,21,75,82,261616,Left,76,LWB,7,11000000.0,22000.0,23100000.0,321,77,49,56,75,64,369,78,74,71,70,76,374,75,73,71,74,81,335,69,67,74,57,68,332,64,68,73,72,55,66,216,68,75,73,53,11,11,12,10,9,2000,415,1,74,59,74,76,69,174,68,Olympique de Marseille,2028.0,,Q. Merlin
B. Meijer LB LM LWB,20,73,84,262219,Left,74,CB,11,6500000.0,12000.0,11100000.0,306,74,58,73,67,34,340,67,68,66,69,70,326,64,75,65,65,57,395,79,84,80,87,65,304,65,72,64,65,38,68,207,72,67,68,58,13,9,12,10,14,1936,418,1,70,62,68,67,70,190,74,Club Brugge,2026.0,,B. Meijer
A. Obando ST,17,66,85,278856,Right,68,ST,19,2100000.0,500.0,5900000.0,277,25,68,75,57,52,245,64,43,37,39,62,340,66,72,67,67,68,333,54,88,68,72,51,260,44,20,71,66,59,73,70,25,25,20,57,13,13,6,12,13,1582,338,1,69,61,48,65,29,188,79,Barcelona Guayaquil,2025.0,,A. Obando
Aleix García CM CDM,26,83,85,228813,Right,85,CM,2,44500000.0,42000.0,96800000.0,363,83,77,51,86,66,420,84,84,80,88,84,377,68,66,76,82,85,366,78,65,78,65,80,368,65,77,81,85,60,84,233,76,81,76,50,16,8,9,10,7,2177,455,2,67,77,85,83,75,173,68,Girona,2026.0,,Aleix García
C. Romero CB,25,83,87,232488,Right,86,CB,4,45500000.0,95000.0,89900000.0,298,42,48,82,74,52,284,60,54,38,64,68,358,72,69,67,85,65,330,51,89,71,83,36,305,89,83,43,50,40,82,254,85,85,84,47,5,7,11,10,14,1876,407,3,70,46,59,66,84,185,79,Tottenham Hotspur,2027.0,,C. Romero
H. Ito CB LB,24,77,80,234205,Left,79,CB,3,13000000.0,21000.0,23100000.0,305,66,48,72,74,45,311,67,45,45,80,74,375,81,81,66,80,67,381,78,87,74,78,64,308,69,77,53,62,47,73,232,79,78,75,53,13,10,10,10,10,1965,429,2,81,57,68,70,77,188,84,VfB Stuttgart,2027.0,,H. Ito
E. Sánchez CM CDM,23,78,83,235537,Right,80,CM,5,0.0,0.0,0.0,339,68,72,63,82,54,361,72,70,65,80,74,372,73,74,80,70,75,390,83,74,82,69,82,369,68,80,75,81,65,72,223,80,73,70,55,12,12,12,12,7,2109,446,1,74,75,77,73,75,167,71,Mexico,,,E. Sánchez
A. Ahmedhodžić CB,24,74,80,236524,Right,76,CB,6,6000000.0,24000.0,13200000.0,259,45,40,73,70,31,267,59,44,34,65,65,344,72,82,67,71,52,329,57,86,73,81,32,290,74,74,37,60,45,74,222,73,74,75,45,7,10,8,11,9,1756,393,1,78,41,59,63,74,195,84,Sheffield United,2026.0,,A. Ahmedhodžić
K. Dewsbury-Hall CM,24,78,81,237386,Left,80,CM,3,19000000.0,41000.0,35600000.0,354,71,69,65,79,70,380,78,75,70,77,80,362,74,64,71,81,72,380,73,77,85,72,73,361,72,69,78,77,65,76,202,68,68,66,53,12,15,9,10,7,2092,438,1,69,71,76,78,68,179,70,Leicester City,2027.0,,K. Dewsbury-Hall
A. Mac Allister CM CAM CDM,24,84,86,239837,Right,86,CM,2,54500000.0,130000.0,104900000.0,381,79,79,61,87,75,417,84,83,82,82,86,389,73,67,82,84,83,391,80,73,87,69,82,396,75,76,79,85,81,84,229,77,79,73,56,7,10,14,15,10,2259,468,3,70,80,84,84,75,176,72,Liverpool,2028.0,,A. Mac Allister
Pedro Gonçalves LW RW CM,25,82,85,240950,Right,85,CAM,3,40500000.0,22000.0,84000000.0,366,80,84,40,83,79,405,84,82,77,78,84,407,77,76,83,84,87,360,78,61,84,58,79,386,64,69,84,86,83,86,166,57,61,48,56,15,11,15,7,8,2146,448,1,76,82,82,84,58,173,77,Sporting CP,2027.0,,Pedro Gonçalves
C. Führich LM LW CAM,25,77,78,241925,Right,77,LM,1,12500000.0,25000.0,22200000.0,319,66,68,54,73,58,370,86,73,62,66,83,405,83,81,88,70,83,327,70,64,78,49,66,299,58,43,69,70,59,72,158,53,55,50,43,6,7,12,12,6,1921,412,2,82,67,69,84,51,181,70,VfB Stuttgart,2028.0,,C. Führich
J. Clarke LM,22,75,83,242908,Right,76,RM,8,12500000.0,28000.0,26300000.0,320,72,75,48,69,56,334,77,65,58,61,73,401,84,82,84,73,78,331,71,63,77,51,69,306,53,39,73,71,70,64,114,46,35,33,44,9,10,9,6,10,1850,398,1,83,72,68,76,40,181,74,Sunderland,2026.0,,J. Clarke
E. Loiodice CM CDM,22,75,84,243478,Left,77,CM,9,12500000.0,17000.0,28800000.0,297,63,58,58,79,39,368,77,67,69,76,79,353,64,67,72,68,82,353,73,63,81,58,78,341,74,67,63,79,58,69,214,71,72,71,49,14,9,5,6,15,1975,417,1,66,64,74,77,69,175,71,Las Palmas,2025.0,,E. Loiodice
D. Vlahović ST,23,84,88,246430,Left,86,ST,4,61000000.0,140000.0,108300000.0,378,57,88,82,72,79,384,81,75,83,60,85,360,76,82,63,86,53,426,85,92,79,88,82,334,73,24,87,70,80,81,69,19,26,24,47,5,15,6,11,10,1998,423,2,79,85,68,79,29,190,75,Juventus,2026.0,,D. Vlahović
B. Johnson RW RM,22,77,83,251421,Right,78,RM,6,17000000.0,68000.0,35700000.0,351,74,77,58,69,73,325,80,64,43,63,75,404,87,91,88,72,66,342,74,70,78,52,68,284,48,23,74,72,67,70,143,45,45,53,52,14,7,13,5,13,1901,411,1,89,74,68,78,43,179,73,Tottenham Hotspur,2028.0,,B. Johnson
M. van Ewijk RB RWB,22,75,82,251626,Right,75,RB,7,11000000.0,31000.0,23100000.0,298,69,52,60,69,48,321,71,61,64,56,69,408,91,93,77,69,78,355,68,79,82,65,61,306,68,71,63,63,41,67,208,69,70,69,56,11,13,14,12,6,1952,425,1,92,57,65,71,69,175,70,Coventry City,2027.0,,M. van Ewijk
Riquelme LM LWB,23,78,84,252324,Right,80,CAM,6,22000000.0,44000.0,50600000.0,342,76,77,46,78,65,362,82,73,56,72,79,396,80,77,83,75,81,318,76,56,65,43,78,316,58,52,75,76,55,76,144,50,48,46,48,9,10,8,9,12,1926,410,1,78,75,75,81,49,174,68,Atlético Madrid,2028.0,,Riquelme
L. Romero RM,18,72,84,258467,Left,73,LM,12,5500000.0,13000.0,0.0,308,68,64,48,70,58,320,75,53,56,63,73,399,82,76,87,66,88,306,72,59,69,45,61,327,70,64,66,67,60,60,151,49,52,50,57,14,11,9,12,11,1868,395,1,79,65,66,75,53,165,64,Almería,,,L. Romero
E. Zeballos RM RW LW,21,73,84,260601,Right,74,RM,11,7000000.0,12000.0,11900000.0,280,69,60,34,65,52,339,78,64,66,57,74,415,86,84,90,72,83,296,69,52,68,43,64,271,40,28,69,70,64,75,97,27,36,34,41,5,11,11,6,8,1739,372,1,85,63,66,78,31,170,68,Boca Juniors,2026.0,,E. Zeballos
C. Lukeba CB,20,78,85,262138,Left,80,CB,7,26000000.0,33000.0,49400000.0,292,59,41,73,77,42,297,70,54,26,73,74,363,71,76,69,79,68,330,55,83,76,78,38,303,74,79,44,67,39,80,238,78,81,79,56,8,10,14,11,13,1879,412,2,74,43,67,72,79,184,73,RB Leipzig,2028.0,,C. Lukeba
Vinicius Souza CDM CM,24,75,82,262929,Right,78,CB,7,10500000.0,25000.0,23100000.0,256,45,38,73,70,30,300,68,48,43,71,70,316,64,68,63,74,47,383,80,83,80,83,57,286,79,80,29,62,36,63,226,74,77,75,58,14,14,9,13,8,1825,400,1,66,49,61,67,76,187,80,Sheffield United,2027.0,,Vinicius Souza
J. Trafford GK,20,71,84,263063,Right,71,GK,13,4000000.0,14000.0,10500000.0,92,12,8,10,53,9,95,10,14,12,47,12,168,33,17,27,64,27,191,52,55,17,58,9,106,28,7,7,48,16,26,31,5,13,13,351,70,69,69,70,73,1034,378,1,70,69,69,73,27,192,90,Burnley,2028.0,,J. Trafford
M. Soulé RW RM,20,74,86,265695,Left,76,CAM,12,10000000.0,57000.0,0.0,344,75,66,58,76,69,384,82,79,73,70,80,379,78,75,83,66,77,315,66,64,66,47,72,266,33,30,63,71,69,70,108,28,41,39,63,15,8,11,15,14,1859,383,1,76,67,74,80,36,176,69,Frosinone,,,M. Soulé
L. Hall LB CM,18,67,82,266127,Left,68,CAM,15,2300000.0,7000.0,0.0,297,66,55,54,70,52,314,69,57,55,67,66,362,75,68,74,65,80,280,53,61,60,52,54,310,60,68,62,65,55,67,190,62,68,60,53,14,8,9,8,14,1806,381,1,71,55,66,69,64,179,71,Newcastle United,,,L. Hall
Casemiro CDM,31,86,86,200145,Right,86,CDM,0,47500000.0,175000.0,90300000.0,372,68,69,85,82,68,381,69,77,74,84,77,323,56,59,60,85,63,424,88,85,82,88,81,400,92,87,77,78,66,81,260,86,87,87,67,13,14,16,12,12,2227,457,4,58,75,78,72,87,185,84,Manchester United,2026.0,,Casemiro
E. Dier CB,29,78,78,202335,Right,78,CB,0,12000000.0,53000.0,19800000.0,321,65,52,81,72,51,363,68,68,76,83,68,249,47,49,34,73,46,389,82,83,63,87,74,345,84,74,51,62,74,69,233,78,77,78,53,11,14,6,13,9,1953,402,2,48,63,70,64,77,188,90,FC Bayern München,2025.0,,E. Dier
H. Çalhanoğlu CM CDM,29,86,86,208128,Right,86,CM,0,66000000.0,140000.0,112200000.0,368,78,75,53,88,74,434,85,88,85,88,88,386,72,65,83,86,80,379,86,66,80,60,87,405,76,76,74,89,90,85,213,74,74,65,50,9,14,11,6,10,2235,460,3,68,80,86,86,71,178,69,Inter,2027.0,,H. Çalhanoğlu
P. Dybala CF CAM ST,29,86,86,211110,Left,87,CAM,0,68000000.0,130000.0,115600000.0,394,82,82,54,86,90,440,90,90,88,79,93,420,84,76,88,82,90,378,84,71,74,60,89,346,43,42,82,91,88,84,112,32,41,39,26,5,4,4,5,8,2116,441,3,80,85,85,90,40,177,75,Roma,2025.0,,P. Dybala
J. Brandt CAM RM CM,27,84,85,212194,Right,85,CAM,1,48500000.0,72000.0,86100000.0,382,82,80,54,87,79,411,86,80,76,82,87,396,69,73,84,86,84,391,83,69,87,71,81,326,45,58,82,86,55,84,150,49,45,56,55,11,16,11,8,9,2111,442,3,71,80,84,86,51,185,83,Borussia Dortmund,2026.0,,J. Brandt
Bruno Fernandes CM CAM,28,87,87,212198,Right,87,CM,0,79500000.0,220000.0,151100000.0,402,82,82,63,88,87,420,78,85,82,89,86,386,74,68,78,90,76,395,86,71,95,60,83,417,84,63,86,94,90,79,196,62,71,63,63,12,14,15,8,14,2279,463,4,71,84,88,81,65,179,69,Manchester United,2026.0,,Bruno Fernandes
R. Andrich CDM CB,28,82,82,212242,Right,82,CDM,0,27000000.0,65000.0,45900000.0,367,71,74,74,78,70,382,74,78,76,78,76,319,59,56,63,82,59,414,84,80,87,83,80,378,89,83,72,72,62,75,245,83,84,78,54,7,9,10,13,15,2159,448,2,57,76,75,73,82,186,85,Bayer 04 Leverkusen,2026.0,,R. Andrich
Joelinton CM LW,26,82,83,223334,Right,84,CM,1,35500000.0,125000.0,70100000.0,370,71,74,82,83,60,343,84,58,38,78,85,380,72,82,68,85,73,413,84,91,88,89,61,396,89,83,80,83,61,83,238,79,83,76,56,9,13,8,13,13,2196,478,2,78,72,76,82,81,186,81,Newcastle United,2028.0,,Joelinton
T. Minamino CF RM LM,28,78,78,226627,Right,78,CF,0,14500000.0,56000.0,27600000.0,345,67,76,53,77,72,374,82,76,69,67,80,412,84,74,89,78,87,345,71,69,74,58,73,341,64,49,77,79,72,78,106,34,39,33,58,9,12,8,15,14,1981,412,1,79,74,73,82,40,172,67,Monaco,2026.0,,T. Minamino
L. Suárez ST,36,84,84,176580,Right,84,ST,0,14500000.0,14000.0,21800000.0,411,75,87,83,78,88,397,77,85,81,73,81,352,65,64,66,86,71,383,86,79,53,81,84,378,87,39,90,80,82,86,124,41,45,38,153,27,25,31,33,37,2198,427,4,64,86,78,78,46,182,86,Inter Miami,2024.0,,L. Suárez
M. Sabitzer CM CAM CDM,29,82,82,204923,Right,82,CM,0,29500000.0,63000.0,50200000.0,381,77,78,60,83,83,399,79,77,78,81,84,390,76,73,77,86,78,398,86,70,82,75,85,393,78,77,79,81,78,81,219,75,75,69,66,11,13,14,15,13,2246,467,3,74,81,81,81,73,178,76,Borussia Dortmund,2027.0,,M. Sabitzer
J. Maddison CAM CM,26,85,86,220697,Right,85,CAM,1,63500000.0,135000.0,125400000.0,361,83,80,35,86,77,431,86,86,86,85,88,391,78,66,84,80,83,355,83,58,78,53,83,361,70,44,85,88,74,88,166,59,65,42,65,11,14,14,12,14,2130,441,2,71,81,86,86,54,175,73,Tottenham Hotspur,2028.0,,J. Maddison
David Raya GK,27,82,84,220901,Right,82,GK,2,28000000.0,56000.0,0.0,133,12,19,20,62,20,162,19,18,15,67,43,296,64,46,68,73,45,210,65,62,31,38,14,149,29,11,15,68,26,68,55,28,14,13,412,82,81,86,81,82,1417,469,1,82,81,86,82,57,183,75,Arsenal,,,David Raya
D. Solanke ST,25,77,79,225539,Right,79,ST,2,13500000.0,49000.0,26700000.0,357,54,81,74,73,75,310,75,56,47,59,73,354,67,82,64,74,67,403,80,83,86,83,71,320,75,22,80,71,72,77,68,21,25,22,57,9,15,14,9,10,1869,401,1,75,78,65,73,28,187,80,AFC Bournemouth,2027.0,,D. Solanke
Marcos Llorente CM RM RWB,28,84,84,226161,Right,84,CM,0,42000000.0,85000.0,88200000.0,373,76,81,67,83,66,383,82,75,63,82,81,412,87,91,83,83,68,415,84,84,91,77,79,393,80,83,84,81,65,79,235,79,82,74,51,13,6,6,11,15,2262,490,3,89,80,80,81,79,184,74,Atlético Madrid,2027.0,,Marcos Llorente
I. Bennacer CDM CM CAM,25,84,87,226754,Left,85,CDM,3,50500000.0,84000.0,89600000.0,352,74,67,62,85,64,406,86,79,73,83,85,419,84,76,87,83,89,393,85,79,84,71,74,393,86,83,75,81,68,87,241,78,83,80,62,9,12,10,16,15,2266,476,2,80,72,81,86,79,175,70,Milan,2027.0,,I. Bennacer
Lucas Paquetá LM CAM CM,25,82,83,233927,Left,83,CAM,1,36500000.0,85000.0,72100000.0,376,74,78,68,82,74,402,87,77,74,78,86,376,71,73,75,81,76,391,77,78,82,77,77,386,77,71,80,83,75,88,202,67,72,63,57,14,9,12,11,11,2190,460,2,72,77,79,85,69,180,72,West Ham United,2027.0,,Lucas Paquetá
A. Hakimi RB RWB,24,84,86,235212,Right,84,RB,2,50500000.0,90000.0,97200000.0,383,84,75,68,82,74,388,79,77,77,73,82,422,88,93,81,82,78,403,82,82,92,72,75,374,76,78,78,78,64,83,227,75,76,76,46,10,8,14,6,8,2243,480,3,91,76,80,80,75,181,73,Paris Saint Germain,2026.0,,A. Hakimi
M. Gibbs-White CAM CF,23,78,82,236015,Right,80,CAM,4,20000000.0,56000.0,39500000.0,345,68,73,58,79,67,381,81,73,71,76,80,385,77,73,83,76,76,361,74,72,78,66,71,350,66,58,75,78,73,76,170,57,57,56,54,7,7,14,15,11,2046,429,1,75,73,75,80,57,178,70,Nottingham Forest,2027.0,,M. Gibbs-White
E. Nketiah ST,24,76,80,236988,Right,78,ST,4,11000000.0,78000.0,21200000.0,336,43,79,70,73,71,298,79,54,38,49,78,388,83,76,79,78,72,351,75,79,71,65,61,288,58,20,79,60,71,70,58,24,19,15,47,12,10,11,9,5,1766,380,1,79,74,58,78,25,180,73,Arsenal,2027.0,,E. Nketiah
Rúben Dias CB,26,89,90,239818,Right,89,CB,1,106500000.0,250000.0,205000000.0,285,54,29,87,83,32,309,64,46,48,76,75,328,54,69,60,89,56,352,74,84,78,90,26,314,93,86,39,51,45,81,269,91,91,87,47,7,8,13,7,12,1904,412,4,62,39,66,69,89,187,82,Manchester City,2027.0,,Rúben Dias
M. Diaby RW ST CF,23,83,85,241852,Left,84,LM,2,47000000.0,105000.0,92800000.0,340,76,80,41,76,67,370,87,72,56,72,83,455,95,95,92,80,93,332,74,60,82,44,72,314,62,48,79,77,48,77,129,48,35,46,47,8,9,8,8,14,1987,431,3,95,75,74,86,43,171,67,Aston Villa,2028.0,,M. Diaby
Dani Olmo CAM CF,25,83,87,244260,Right,86,CAM,4,50500000.0,71000.0,89600000.0,357,78,74,43,86,76,402,87,75,75,79,86,394,77,61,86,84,86,344,79,60,74,54,77,341,51,57,82,85,66,82,144,50,50,44,66,15,15,13,12,11,2048,421,3,68,76,82,86,50,179,72,RB Leipzig,2027.0,,Dani Olmo
V. Tsygankov RM CM CAM,25,83,84,244369,Left,83,RM,1,43500000.0,41000.0,94600000.0,364,83,82,45,82,72,400,83,81,76,77,83,405,85,85,83,80,72,349,78,64,77,53,77,347,63,39,82,82,81,80,136,60,39,37,49,9,7,15,6,12,2050,436,2,85,80,81,82,46,178,72,Girona,2027.0,,V. Tsygankov
Samuel Lino LM LWB,23,79,84,251445,Right,80,RM,5,26500000.0,48000.0,57600000.0,341,73,72,58,76,62,353,82,69,54,69,79,403,85,81,83,76,78,353,74,72,86,58,63,330,57,52,75,74,72,75,146,51,49,46,50,12,9,14,9,6,1976,423,1,83,70,73,80,51,170,69,Atlético Madrid,2027.0,,Samuel Lino
J. Leweling RM ST RW,22,74,81,252448,Right,75,ST,7,8500000.0,25000.0,0.0,334,68,69,59,72,66,307,79,55,43,53,77,394,85,81,79,71,78,372,74,81,73,76,68,275,57,26,75,62,55,65,92,38,31,23,50,6,11,10,14,9,1824,399,1,83,69,64,77,34,185,86,VfB Stuttgart,,,J. Leweling
T. Mengi CB,21,72,83,253465,Right,74,CB,11,4900000.0,21000.0,10800000.0,243,42,33,73,66,29,263,60,46,33,62,62,346,73,83,69,68,53,322,54,85,65,79,39,265,66,70,41,53,35,63,214,69,74,71,45,11,8,11,5,10,1698,379,1,79,39,55,62,71,183,78,Luton Town,2027.0,,T. Mengi
A. Adli ST LM,23,77,84,255223,Left,79,ST,7,21500000.0,45000.0,40900000.0,357,66,78,73,73,67,353,83,73,52,63,82,405,87,76,86,73,83,369,78,82,79,60,70,320,73,30,78,71,68,71,114,44,35,35,52,10,8,14,8,12,1970,416,1,81,75,69,82,41,174,73,Bayer 04 Leverkusen,2026.0,,A. Adli
J. Šutalo CB,23,78,84,256325,Right,80,CB,6,20000000.0,15000.0,32000000.0,244,45,27,74,72,26,272,71,29,22,75,75,357,79,85,65,80,48,316,43,87,77,80,29,287,67,80,37,64,39,76,235,77,80,78,55,8,15,7,11,14,1766,401,1,82,32,61,71,78,185,82,Ajax,2028.0,,J. Šutalo
A. Schjelderup LW RW CAM,19,72,84,260952,Right,73,CAM,12,5500000.0,6000.0,0.0,293,61,69,39,68,56,338,77,66,65,56,74,394,83,73,83,69,86,300,66,57,66,50,61,290,47,35,69,70,69,71,105,35,35,35,59,13,10,10,15,11,1779,374,1,78,66,65,76,35,176,68,Nordsjælland,,,A. Schjelderup
A. Al Hamadi ST,21,64,72,263376,Right,66,ST,8,1300000.0,4000.0,2700000.0,263,32,66,57,51,57,236,64,38,33,38,63,341,76,75,63,61,66,341,62,79,68,77,55,260,65,16,64,56,59,63,38,12,14,12,42,9,5,9,9,10,1521,336,1,75,62,45,64,18,187,76,Ipswich Town,2028.0,,A. Al Hamadi
Pablo Torre CAM LM CM,20,74,86,267976,Right,76,CAM,12,10000000.0,67000.0,0.0,308,75,65,41,77,50,381,76,75,79,75,76,377,76,69,82,69,81,303,62,54,71,48,68,297,44,45,70,76,62,70,136,42,48,46,59,15,10,15,10,9,1861,386,1,72,64,76,76,45,173,63,Girona,,,Pablo Torre
H. Larsson CM CDM,19,73,85,268896,Right,75,CM,12,7000000.0,16000.0,13300000.0,296,44,60,54,77,61,324,73,62,41,73,75,357,72,79,78,72,56,359,67,68,90,68,66,331,74,70,65,71,51,73,181,67,63,51,48,14,7,7,12,8,1896,416,1,76,62,66,73,64,187,74,Eintracht Frankfurt,2028.0,,H. Larsson
L. Bergvall CM,17,65,85,272926,Right,69,RM,20,1900000.0,500.0,4300000.0,283,63,53,51,67,49,331,73,65,58,65,70,328,69,68,64,63,64,281,51,60,65,57,48,297,56,54,64,70,53,71,158,46,58,54,52,7,13,13,10,9,1730,368,1,68,52,66,70,53,186,74,Djurgården,2025.0,,L. Bergvall
B. Kamara CDM CM,23,82,85,236987,Right,83,CDM,3,37500000.0,80000.0,74100000.0,295,64,47,72,84,28,336,73,59,47,77,80,342,66,70,66,75,65,372,67,80,82,80,63,351,78,85,52,73,63,86,248,83,85,80,45,8,12,8,6,11,1989,434,2,68,54,74,75,83,184,68,Aston Villa,2027.0,,B. Kamara
G. Vicario GK,26,84,87,240091,Right,84,GK,3,42500000.0,90000.0,83900000.0,93,11,6,11,58,7,145,22,14,10,55,44,279,54,49,56,82,38,229,59,67,38,60,5,145,35,15,13,69,13,63,47,23,11,13,414,84,80,79,84,87,1352,466,2,84,80,79,87,52,194,76,Tottenham Hotspur,2028.0,,G. Vicario
L. Balerdi CB,24,78,83,242835,Right,80,CB,5,19000000.0,31000.0,37500000.0,252,42,29,76,76,29,280,64,39,30,74,73,320,63,66,62,73,56,316,55,82,69,79,31,314,81,78,48,60,47,69,234,78,80,76,58,6,8,15,15,14,1774,385,2,65,36,62,67,78,187,85,Olympique de Marseille,2026.0,,L. Balerdi
J. Todibo CB,23,80,85,245388,Right,82,CB,5,29000000.0,40000.0,57300000.0,286,49,44,80,78,35,306,69,52,41,72,72,347,74,87,54,77,55,349,60,89,73,82,45,308,73,80,45,58,52,78,240,80,81,79,52,7,13,11,8,13,1888,419,2,81,47,64,69,80,190,88,Nice,2027.0,,J. Todibo
R. Gravenberch CM,21,79,86,246104,Right,82,CAM,7,35500000.0,76000.0,72800000.0,356,73,76,58,80,69,386,84,74,69,76,83,378,76,72,80,74,76,385,78,76,77,75,79,352,61,75,77,81,58,76,197,69,69,59,49,12,8,6,11,12,2103,450,1,74,76,77,82,68,190,77,Liverpool,2028.0,,R. Gravenberch
J. Timber CB RB,22,79,86,251805,Right,82,CB,7,33000000.0,80000.0,67700000.0,290,60,41,68,80,41,299,76,44,31,70,78,382,79,78,73,78,74,352,58,84,82,82,46,326,72,82,66,64,42,85,241,83,82,76,48,6,6,8,14,14,1938,429,3,78,47,67,77,80,179,78,Arsenal,2028.0,,J. Timber
Q. Timber CM CAM CDM,22,77,84,251806,Right,79,CM,7,21500000.0,16000.0,34400000.0,314,62,64,58,78,52,349,77,68,50,76,78,393,86,70,80,78,79,402,77,84,84,83,74,357,79,72,74,75,57,77,217,69,75,73,44,5,8,12,11,8,2076,449,1,77,68,72,78,71,179,71,Feyenoord,2026.0,,Q. Timber
E. Caprile GK,21,74,86,255303,Right,74,GK,12,9000000.0,19000.0,0.0,62,11,7,11,25,8,76,13,11,14,23,15,257,46,52,60,66,33,199,54,57,28,51,9,111,26,6,6,55,18,33,38,13,11,14,367,72,72,72,74,77,1110,415,1,72,72,72,77,48,191,73,Empoli,,,E. Caprile
P. Kalulu CB RB,23,78,85,255654,Right,80,CB,7,26000000.0,47000.0,49400000.0,311,70,43,76,78,44,312,64,65,44,65,74,376,77,83,69,78,69,349,66,86,72,74,51,323,77,78,60,59,49,77,239,80,80,79,50,12,5,13,9,11,1960,421,1,80,50,68,69,79,184,82,Milan,2027.0,,P. Kalulu
F. Farías CAM CF,20,75,85,256287,Right,77,CAM,10,12500000.0,7000.0,21300000.0,340,64,69,63,73,71,351,83,69,49,70,80,420,89,81,89,72,89,363,82,73,70,69,69,316,72,29,73,68,74,80,113,33,43,37,44,6,13,6,6,13,1947,416,1,85,72,68,82,39,171,69,Inter Miami,2026.0,,F. Farías
Evanilson ST,23,79,84,256612,Right,81,ST,5,27000000.0,16000.0,56000000.0,351,45,81,75,74,76,332,78,67,46,62,79,366,75,74,67,81,69,388,76,86,75,81,70,281,45,16,84,67,69,77,61,22,20,19,51,13,11,6,14,7,1830,389,1,74,77,63,77,25,181,77,Porto,2027.0,,Evanilson
A. Wharton CDM CM,19,74,85,259240,Left,76,CM,11,8500000.0,16000.0,17900000.0,317,66,59,62,80,50,354,74,67,58,77,78,364,72,63,76,71,82,343,66,73,73,68,63,328,72,63,62,78,53,80,211,65,74,72,47,5,11,13,6,12,1964,417,1,67,61,75,76,68,182,70,Crystal Palace,2029.0,,A. Wharton
Hugo Bueno LWB LB,20,73,81,261224,Left,74,LM,8,6500000.0,30000.0,13700000.0,295,77,53,47,69,49,365,78,75,68,66,78,371,77,77,76,70,71,305,55,66,73,63,48,318,62,67,66,71,52,74,200,66,68,66,51,9,12,13,6,11,1905,408,1,77,53,71,77,65,180,73,Wolverhampton Wanderers,2028.0,,Hugo Bueno
N. Zalewski LWB LM RM,21,75,82,262113,Right,78,RM,7,11000000.0,32000.0,20900000.0,324,75,58,45,77,69,372,80,75,72,66,79,393,83,83,80,72,75,325,72,59,82,46,66,346,65,64,75,73,69,72,196,66,67,63,45,10,5,7,8,15,2001,423,1,83,64,74,79,64,175,78,Roma,2025.0,,N. Zalewski
F. Chiarodia CB,18,64,83,264763,Left,66,CB,19,1400000.0,2000.0,3300000.0,233,51,26,62,59,35,230,55,36,34,54,51,315,64,67,62,63,59,269,42,69,53,67,38,222,60,63,26,32,41,55,196,65,67,64,52,11,14,11,9,7,1517,330,1,66,33,49,55,65,186,78,Borussia Mönchengladbach,2027.0,,F. Chiarodia
A. Fatawu RW,19,74,85,267680,Left,75,CAM,11,9000000.0,8000.0,0.0,328,72,69,49,71,67,365,77,72,71,70,75,407,85,81,86,69,86,351,82,67,69,59,74,308,67,39,69,69,64,69,127,34,48,45,39,13,7,7,7,5,1925,409,1,83,72,71,77,42,177,73,Leicester City,,,A. Fatawu
E. Nuamah RW ST RM,19,74,86,268763,Left,74,RW,12,10000000.0,12000.0,0.0,295,68,69,37,63,58,334,80,69,58,49,78,416,88,85,88,69,86,330,72,67,64,69,58,243,41,17,70,66,49,71,73,29,21,23,52,11,8,11,9,13,1743,381,1,86,66,63,80,24,178,71,Olympique Lyonnais,,,E. Nuamah
W. Odobert LM LW ST,18,71,84,270579,Right,72,CAM,13,4400000.0,10000.0,11600000.0,298,64,67,44,66,57,308,76,55,51,52,74,393,87,85,79,68,74,278,66,54,60,43,55,260,38,23,72,64,63,63,87,29,30,28,45,5,10,12,11,7,1669,364,1,86,64,62,75,30,182,75,Burnley,2028.0,,W. Odobert
Y. Minteh RW LW,18,70,85,271800,Left,70,RW,15,3700000.0,20000.0,0.0,261,57,64,40,59,41,293,75,58,38,50,72,423,94,91,92,64,82,268,60,55,61,42,50,253,58,26,66,58,45,65,76,22,29,25,43,9,8,7,11,8,1617,359,1,92,58,56,75,27,180,65,Feyenoord,,,Y. Minteh
C. Uzun CF CAM CM,17,70,84,275328,Right,72,CAM,14,3700000.0,2000.0,8000000.0,305,53,72,51,67,62,343,76,75,59,61,72,366,74,68,79,68,77,330,67,66,69,62,66,268,41,25,70,66,66,66,60,19,21,20,46,5,7,15,10,9,1718,361,1,71,69,63,74,24,186,67,Nürnberg,2026.0,,C. Uzun
Deivid Washington ST LW,18,68,84,277795,Right,70,ST,16,3100000.0,14000.0,7800000.0,296,53,73,50,55,65,293,72,57,47,45,72,352,78,81,76,57,60,333,67,71,62,70,63,270,57,28,73,50,62,67,82,27,29,26,55,14,12,10,11,8,1681,367,1,80,69,52,71,30,187,73,Chelsea,2030.0,,Deivid Washington
K. Benzema ST CF,35,88,88,165153,Right,88,ST,0,39000000.0,86000.0,62400000.0,431,75,89,90,89,88,409,87,82,73,76,91,390,76,77,77,88,72,412,87,84,80,80,81,351,63,39,90,88,71,88,85,43,24,18,41,13,11,5,5,7,2119,449,5,77,86,83,87,39,185,81,Al Ittihad,2026.0,,K. Benzema
R. Lukaku ST,30,84,84,192505,Left,84,ST,0,41500000.0,165000.0,0.0,398,73,86,83,77,79,372,80,78,66,69,79,351,72,86,59,82,52,414,87,93,64,95,75,348,71,27,86,75,89,82,101,30,41,30,54,8,15,14,7,10,2038,434,4,80,84,74,76,38,191,94,Roma,,,R. Lukaku
G. Xhaka CDM,30,84,84,199503,Left,84,CDM,0,35500000.0,74000.0,60400000.0,343,74,67,65,87,50,394,73,76,77,85,83,292,48,50,51,82,61,401,90,69,85,78,79,390,91,76,76,82,65,78,232,78,79,75,46,7,8,11,7,13,2098,437,3,49,74,82,74,76,185,82,Bayer 04 Leverkusen,2028.0,,G. Xhaka
H. Son LW LM ST,30,87,87,200104,Right,87,LW,0,77000000.0,170000.0,146300000.0,406,84,90,70,83,79,403,87,87,74,72,83,418,85,88,81,90,74,407,88,78,88,64,89,349,62,39,91,82,75,88,114,47,34,33,53,11,13,13,6,10,2150,453,4,87,88,81,85,42,183,78,Tottenham Hotspur,2025.0,,H. Son
J. Grealish LW LM,27,85,85,206517,Right,85,LW,0,57500000.0,200000.0,106400000.0,364,83,76,48,85,72,417,89,83,74,81,90,406,79,74,84,84,85,380,76,71,83,71,79,341,65,49,82,87,58,88,160,58,54,48,51,11,6,11,10,13,2119,450,3,76,76,84,88,53,180,81,Manchester City,2027.0,,J. Grealish
L. Chávez CM CDM,27,79,79,222382,Left,79,CM,0,0.0,0.0,0.0,331,74,64,48,80,65,398,79,76,84,78,81,383,83,83,71,75,71,386,85,69,88,64,80,362,60,70,76,86,70,72,221,76,75,70,52,7,10,14,9,12,2133,453,1,83,72,80,78,71,178,73,Mexico,,,L. Chávez
Mikel Merino CM CAM,27,84,85,225193,Left,85,CM,1,48000000.0,54000.0,104400000.0,387,77,79,87,86,58,401,83,80,69,84,85,377,72,72,74,86,73,416,85,89,83,80,79,404,83,85,83,83,70,80,240,80,84,76,57,9,12,9,13,14,2282,480,2,72,79,82,82,83,189,83,Real Sociedad,2025.0,,Mikel Merino
Hwang Hee Chan LW ST RW,27,78,78,226380,Right,78,LW,0,15000000.0,70000.0,28500000.0,360,68,79,61,73,79,336,78,63,52,67,76,410,88,79,87,80,76,379,75,81,77,73,73,334,68,37,81,76,72,81,100,39,36,25,54,11,7,10,11,15,1973,420,1,83,77,70,78,39,177,77,Wolverhampton Wanderers,2028.0,,Hwang Hee Chan
O. Zinchenko LB,26,81,82,227813,Left,83,CM,1,27500000.0,105000.0,52900000.0,359,84,58,70,86,61,412,84,83,76,84,85,372,73,61,79,81,78,365,78,74,77,63,73,372,74,80,77,83,58,81,236,77,80,79,61,15,11,13,11,11,2177,446,2,66,66,84,83,78,175,64,Arsenal,2027.0,,O. Zinchenko
D. Upamecano CB,24,83,86,229558,Right,86,CB,3,44500000.0,64000.0,76800000.0,279,48,39,81,78,33,287,72,36,28,76,75,375,76,88,66,81,64,351,64,92,65,88,42,312,89,79,47,58,39,74,247,81,84,82,45,6,7,8,15,9,1896,428,3,83,45,63,72,82,186,90,FC Bayern München,2026.0,,D. Upamecano
R. Nelson RW LW,23,75,81,231448,Right,77,RM,6,9000000.0,74000.0,18500000.0,314,72,70,39,74,59,355,80,66,67,63,79,402,86,86,82,68,80,311,69,60,70,53,59,288,42,42,70,73,61,60,105,31,37,37,61,12,12,11,11,15,1836,393,1,86,67,71,78,36,175,71,Arsenal,2027.0,,R. Nelson
B. Brereton Díaz LM LW ST,24,74,77,233795,Right,76,ST,3,6000000.0,23000.0,0.0,350,68,75,70,68,69,335,75,68,61,58,73,380,82,83,76,74,65,385,75,86,78,80,66,315,69,36,74,65,71,72,115,34,44,37,57,7,12,13,12,13,1937,415,1,83,73,66,74,41,188,75,Sheffield United,,,B. Brereton Díaz
P. Schick ST,27,82,82,234236,Left,82,ST,0,33000000.0,73000.0,56100000.0,388,64,82,84,78,80,362,81,78,56,64,83,383,74,77,83,82,67,400,82,90,69,83,76,309,65,25,84,74,61,84,92,44,29,19,57,11,15,8,9,14,1991,421,3,76,80,71,81,37,191,87,Bayer 04 Leverkusen,2027.0,,P. Schick
Diogo Dalot RB LB,24,81,84,234574,Right,81,RB,3,32500000.0,95000.0,64200000.0,330,77,52,77,80,44,366,80,80,52,74,80,387,77,86,76,78,70,392,80,86,80,75,71,363,81,79,78,78,47,76,234,74,80,80,40,10,6,10,6,8,2112,456,2,82,62,77,79,78,183,76,Manchester United,2028.0,,Diogo Dalot
E. Álvarez CDM CB,25,81,84,235844,Right,85,CB,3,31000000.0,71000.0,61200000.0,344,64,57,82,78,63,306,72,42,40,76,76,340,67,68,60,77,68,371,74,81,90,86,40,359,86,83,56,69,65,75,245,83,83,79,41,7,11,10,7,6,2006,437,3,68,58,69,72,83,187,73,West Ham United,2028.0,,E. Álvarez
Sergio Ramos CB,37,83,83,155862,Right,83,CB,0,6500000.0,28000.0,13700000.0,363,63,65,88,78,69,368,63,72,75,80,78,333,65,51,66,85,66,365,79,87,54,81,64,404,90,84,69,71,90,86,247,82,82,83,46,11,8,9,7,11,2126,428,4,57,69,73,70,83,184,82,Sevilla,2024.0,,Sergio Ramos
M. Neuer GK,37,87,87,167495,Right,87,GK,0,9000000.0,55000.0,14900000.0,124,15,13,25,60,11,169,30,14,11,68,46,268,48,50,51,84,35,284,68,77,43,80,16,188,29,30,12,70,47,70,38,17,10,11,431,84,85,90,88,84,1502,480,5,84,85,90,84,49,193,93,FC Bayern München,2025.0,,M. Neuer
T. Kroos CM CDM,33,87,87,182521,Right,87,CM,0,49000000.0,260000.0,100500000.0,396,88,76,58,92,82,431,80,86,84,92,89,326,55,48,63,89,71,382,89,61,75,72,85,384,68,80,74,89,73,89,205,75,70,60,51,10,11,13,7,10,2175,444,4,51,80,90,81,71,183,76,Real Madrid,2024.0,,T. Kroos
23 E. Hazard LW,31,81,81,183277,Right,82,CAM,0,21500000.0,170000.0,44100000.0,375,77,74,61,81,82,413,86,83,79,80,85,401,80,79,78,77,87,346,81,55,73,61,76,344,53,41,83,84,83,88,83,34,27,22,45,11,12,6,8,8,2007,419,4,79,77,81,85,35,175,74,Real Madrid,2024.0,23,E. Hazard
P. Aubameyang ST,34,81,81,188567,Right,81,ST,0,12500000.0,54000.0,23800000.0,385,72,84,76,73,80,377,77,80,76,64,80,383,79,87,71,79,67,376,81,85,62,71,77,322,43,44,83,71,81,79,85,20,29,36,48,6,9,15,9,9,1976,413,3,83,82,72,77,35,187,80,Olympique de Marseille,2026.0,,P. Aubameyang
C. Immobile ST,33,85,85,192387,Right,85,ST,0,34500000.0,90000.0,58700000.0,387,55,90,80,78,84,341,77,70,58,57,79,413,84,86,75,84,84,400,86,87,73,74,80,360,73,40,88,71,88,76,99,34,33,32,47,6,8,15,12,6,2047,430,4,85,87,67,78,39,185,85,Lazio,2026.0,,C. Immobile
W. Zaha LM LW,30,81,81,198717,Right,81,LM,0,25000000.0,53000.0,47500000.0,348,75,82,47,76,68,368,86,73,54,69,86,405,85,86,86,76,72,377,83,74,74,74,72,341,78,35,78,74,76,80,109,34,39,36,61,15,10,15,11,10,2009,435,2,86,79,73,85,37,180,66,Galatasaray,2026.0,,W. Zaha
João Cancelo RB LB RM,29,86,86,210514,Right,86,RB,0,59500000.0,195000.0,0.0,377,87,69,72,87,62,406,85,87,69,79,86,404,86,77,79,84,78,389,80,80,88,62,79,375,76,81,81,85,52,85,241,79,83,79,58,6,9,15,14,14,2250,475,3,81,73,85,84,80,182,74,FC Barcelona,,,João Cancelo
A. Christensen CB CDM,27,83,85,213661,Right,85,CB,2,38500000.0,155000.0,81800000.0,275,51,36,80,83,25,305,67,41,39,79,79,339,57,76,61,84,61,288,37,80,73,78,20,291,75,86,32,62,36,79,256,86,86,84,44,10,12,8,6,8,1798,399,2,67,32,68,71,85,187,82,FC Barcelona,2026.0,,A. Christensen
A. Saint-Maximin LM LW,26,81,81,216388,Right,81,LM,0,28000000.0,47000.0,47600000.0,342,74,72,53,77,66,371,90,76,58,64,83,438,89,89,93,78,89,378,82,77,77,72,70,278,43,23,77,77,58,83,78,30,25,23,45,10,9,12,7,7,1930,419,2,89,73,73,87,29,173,67,Al Ahli Jeddah,2026.0,,A. Saint-Maximin
Bernardo Silva CM RW,28,88,88,218667,Left,88,CM,0,91500000.0,270000.0,169300000.0,385,84,78,54,91,78,416,92,84,67,82,91,422,78,68,95,89,92,371,79,66,93,54,79,391,78,73,85,87,68,89,206,70,76,60,54,9,10,14,12,9,2245,468,3,73,78,86,92,70,173,64,Manchester City,2026.0,,Bernardo Silva
Dani Ceballos CM CAM,26,79,80,222509,Right,80,CAM,1,20500000.0,140000.0,43600000.0,326,74,67,41,82,62,390,83,77,67,79,84,359,69,58,77,77,78,345,76,58,76,60,75,366,75,78,78,80,55,81,214,74,71,69,63,12,15,16,7,13,2063,431,2,63,70,79,82,70,179,70,Real Madrid,2027.0,,Dani Ceballos
S. Becker ST RM,28,76,76,223790,Right,77,RW,0,7500000.0,33000.0,15800000.0,359,72,75,65,74,73,341,78,66,50,69,78,421,91,94,78,78,80,378,77,84,73,73,71,304,52,45,75,66,66,73,86,21,32,33,64,6,14,15,16,13,1953,419,2,93,74,70,78,35,180,77,Real Sociedad,2026.0,,S. Becker
H. Martín ST,30,79,79,224151,Right,79,ST,0,0.0,0.0,0.0,360,59,82,84,70,65,325,72,64,51,60,78,389,76,78,78,74,83,412,79,95,80,93,65,337,75,42,82,63,75,78,88,45,21,22,51,9,10,11,9,12,1962,418,1,77,77,64,75,39,177,83,Mexico,,,H. Martín
F. Dimarco LWB LM CB,25,83,85,226268,Left,83,LWB,2,42000000.0,90000.0,74600000.0,365,85,71,49,83,77,403,80,82,79,78,84,409,81,81,80,83,84,396,79,74,85,76,82,386,78,80,83,79,66,72,231,77,78,76,43,9,8,12,7,7,2233,473,2,81,75,82,81,75,174,76,Inter,2026.0,,F. Dimarco
Mario Hermoso CB,28,82,83,229668,Left,83,CB,1,29000000.0,65000.0,63100000.0,318,71,42,83,81,41,346,67,68,55,80,76,360,71,78,70,80,61,354,66,88,73,80,47,339,84,81,63,66,45,77,246,81,83,82,44,13,8,10,5,8,2007,430,1,75,49,74,71,82,184,76,Atlético Madrid,2024.0,,Mario Hermoso
A. Wan-Bissaka RB,25,80,82,229880,Right,80,RB,2,24500000.0,100000.0,48400000.0,281,70,44,50,74,43,328,79,73,45,58,73,392,78,87,80,78,69,325,70,70,73,68,44,336,73,83,71,65,44,78,246,74,82,90,39,9,8,6,8,8,1947,426,2,83,51,68,77,77,183,72,Manchester United,2025.0,,A. Wan-Bissaka
J. Ryerson LB RB,25,78,79,229891,Right,78,LB,1,15500000.0,39000.0,27500000.0,323,76,59,57,76,55,313,77,59,34,67,76,380,77,73,76,77,77,368,70,78,83,78,59,323,82,73,62,62,44,68,233,80,73,80,42,7,13,8,7,7,1982,434,2,75,60,69,76,74,183,82,Borussia Dortmund,2026.0,,J. Ryerson
Gabriel Jesus ST,26,83,84,230666,Right,84,ST,1,43500000.0,150000.0,83700000.0,392,74,80,78,81,79,371,88,76,54,66,87,437,86,81,92,88,90,404,84,88,82,72,78,354,82,32,86,79,75,78,103,45,30,28,48,13,8,6,6,15,2109,443,2,83,80,75,88,40,175,73,Arsenal,2027.0,,Gabriel Jesus
O. Dembélé RW,26,86,87,231443,Left,86,RW,1,80000000.0,150000.0,154000000.0,360,86,75,43,80,76,398,89,82,64,76,87,438,94,93,90,80,81,344,83,65,68,52,76,328,54,36,80,83,75,81,105,42,30,33,49,6,6,14,10,13,2022,431,3,93,77,81,87,36,178,67,Paris Saint Germain,2028.0,,O. Dembélé
R. Le Normand CB,26,82,85,233486,Right,84,CB,3,35500000.0,41000.0,77200000.0,255,35,19,85,78,38,250,52,34,25,67,72,298,58,66,41,82,51,304,40,86,70,86,22,241,72,82,21,32,34,73,250,84,86,80,61,9,13,14,15,10,1659,364,1,62,26,54,59,84,187,81,Real Sociedad,2026.0,,R. Le Normand
E. Ampadu CDM CB CM,22,76,82,235735,Right,77,CDM,6,11000000.0,33000.0,23100000.0,276,46,51,67,77,35,294,67,47,36,72,72,349,69,69,67,76,68,332,55,75,78,72,52,318,78,77,59,65,39,74,228,76,77,75,54,13,12,9,8,12,1851,404,2,69,51,64,69,76,183,78,Leeds United,2027.0,,E. Ampadu
P. Estupiñán LB,25,81,83,237942,Left,81,LB,2,29500000.0,82000.0,58300000.0,324,83,48,75,80,38,325,79,65,36,64,81,381,80,78,74,76,73,356,58,84,81,73,60,345,74,76,66,60,69,74,233,73,81,79,49,14,7,14,7,7,2013,435,1,79,54,71,78,77,175,78,Brighton & Hove Albion,2027.0,,P. Estupiñán
E. Smith Rowe LW CAM,22,78,84,240273,Right,80,CAM,6,22500000.0,89000.0,46100000.0,322,74,73,36,79,60,361,83,72,58,67,81,383,76,76,80,76,75,330,70,60,68,61,71,301,52,28,79,78,64,78,98,37,30,31,51,11,8,14,8,10,1846,396,1,76,71,75,81,32,182,72,Arsenal,2026.0,,E. Smith Rowe
C. Jones CM,22,79,83,242434,Right,81,CM,4,25500000.0,89000.0,49100000.0,335,65,68,52,83,67,366,83,74,51,76,82,370,68,72,76,79,75,371,76,68,82,72,73,358,74,71,77,76,60,82,215,71,76,68,44,6,13,7,11,7,2059,442,1,70,71,75,81,70,185,75,Liverpool,2027.0,,C. Jones
J. Vagnoman RB RM RWB,22,75,79,242602,Right,75,RB,4,7500000.0,18000.0,13300000.0,310,71,58,68,75,38,317,77,60,42,65,73,368,83,77,67,73,68,386,70,87,79,84,66,318,71,70,73,68,36,68,209,69,73,67,57,12,13,14,10,8,1965,434,2,80,61,69,74,70,190,90,VfB Stuttgart,2026.0,,J. Vagnoman
J. Ramsey LM CM RM,22,78,83,246923,Right,79,CAM,5,21500000.0,66000.0,42500000.0,346,71,77,56,77,65,355,81,73,54,69,78,399,77,79,79,79,85,383,78,76,79,75,75,346,73,67,78,75,53,78,206,69,73,64,49,14,9,8,6,12,2084,450,1,78,75,73,80,68,180,72,Aston Villa,2027.0,,J. Ramsey
A. Velasco LM LW CAM,20,75,84,252238,Right,76,CAM,9,12500000.0,7000.0,20600000.0,326,70,67,55,75,59,363,80,75,67,65,76,416,87,79,90,71,89,340,73,69,74,52,72,312,63,52,70,71,56,80,155,45,60,50,44,8,7,12,10,7,1956,415,1,83,68,71,80,52,167,63,Dallas,2025.0,,A. Velasco
M. Cho ST,19,72,83,256476,Left,75,CAM,11,5000000.0,18000.0,10500000.0,324,61,72,65,74,52,300,81,43,50,50,76,364,82,79,70,65,68,333,70,77,59,62,65,260,33,21,74,68,64,63,65,23,22,20,35,9,6,6,7,7,1681,371,1,80,69,64,76,26,181,66,Nice,2028.0,,M. Cho
O. Marmoush ST LM,24,78,81,256675,Right,80,ST,3,19500000.0,37000.0,34600000.0,343,49,79,67,77,71,338,82,60,63,52,81,416,84,88,90,74,80,370,78,79,69,68,76,328,70,34,80,74,70,79,77,26,30,21,58,11,13,15,8,11,1930,412,1,86,77,66,82,32,183,81,Eintracht Frankfurt,2027.0,,O. Marmoush
I. Ilić CM CF CDM,22,77,85,258683,Left,79,CAM,8,23500000.0,37000.0,44700000.0,341,72,69,58,81,61,375,78,72,63,80,82,357,73,71,73,71,69,372,81,72,72,70,77,345,72,68,68,78,59,72,206,69,70,67,53,10,10,8,11,14,2049,438,1,72,72,77,78,68,186,75,Torino,2027.0,,I. Ilić
Kayky RW,20,66,83,262053,Left,67,LM,17,2200000.0,22000.0,5400000.0,269,57,64,38,60,50,283,73,45,39,55,71,366,83,75,83,49,76,255,62,50,60,43,40,241,31,22,61,63,64,58,85,24,30,31,67,14,14,14,13,12,1566,339,1,79,58,57,72,28,175,67,Manchester City,2026.0,,Kayky
G. Mamardashvili GK,22,82,85,262621,Left,82,GK,3,33500000.0,30000.0,72900000.0,63,13,9,14,20,7,74,11,11,10,20,22,236,48,48,40,74,26,251,54,71,45,74,7,86,25,8,8,34,11,26,27,5,12,10,403,82,82,72,83,84,1140,451,2,82,82,72,84,48,199,88,Valencia,2027.0,,G. Mamardashvili
Tomás Araújo CB,21,73,86,266096,Right,76,CDM,13,7000000.0,7000.0,18400000.0,253,44,25,72,78,34,273,65,30,30,77,71,339,77,79,59,66,58,313,40,88,82,81,22,284,70,77,27,71,39,62,211,66,75,70,52,12,11,7,9,13,1725,389,1,78,29,65,66,72,187,81,Benfica,2028.0,,Tomás Araújo
S. Kumbedi RB RWB,18,71,82,268312,Right,71,RB,11,3800000.0,6000.0,8000000.0,255,66,39,46,67,37,291,71,58,34,57,71,398,80,83,81,69,85,276,50,63,66,56,41,294,71,68,59,59,37,68,202,65,67,70,37,9,6,5,6,11,1753,385,1,82,42,62,72,65,175,63,Olympique Lyonnais,2027.0,,S. Kumbedi
K. Lisztes CAM ST,18,67,85,269116,Right,69,CAM,18,2600000.0,500.0,7300000.0,288,52,70,48,63,55,293,71,50,48,58,66,345,75,68,72,67,63,315,66,61,65,58,65,273,54,35,68,63,53,66,99,32,35,32,33,9,5,6,5,8,1646,360,1,71,67,59,69,35,183,72,Ferencváros,2026.0,,K. Lisztes
D. Seimen GK,17,61,84,271114,Left,61,GK,23,925000.0,500.0,2500000.0,57,10,6,13,22,6,68,8,13,10,20,17,226,37,44,38,59,48,210,46,59,31,68,6,83,22,11,7,25,18,30,27,9,8,10,300,63,58,61,56,62,971,340,1,63,58,61,62,40,190,89,VfB Stuttgart,2027.0,,D. Seimen
J. Diehl CF ST LM,18,65,85,273667,Right,66,CAM,20,2000000.0,3000.0,5600000.0,283,37,69,57,59,61,293,69,62,40,52,70,366,74,78,79,60,75,278,68,55,58,39,58,242,40,19,59,59,65,51,55,18,17,20,38,7,6,5,12,8,1555,331,1,76,66,53,69,22,174,70,FC Köln,2024.0,,J. Diehl
K. Konaté ST,19,70,84,274445,Right,72,ST,14,3800000.0,7000.0,8100000.0,283,32,69,74,60,48,323,75,51,74,52,71,378,85,86,72,63,72,344,67,81,70,58,68,278,49,33,70,66,60,63,104,36,38,30,61,9,10,13,14,15,1771,379,1,86,67,55,72,39,178,68,Salzburg,2027.0,,K. Konaté
M. Depay CF LW ST,29,83,83,202556,Right,83,CF,0,36500000.0,84000.0,76700000.0,383,83,81,65,79,75,411,85,84,83,75,84,406,80,82,80,84,80,412,85,83,79,84,81,345,72,28,84,85,76,79,74,23,31,20,50,8,14,6,12,10,2081,437,4,81,81,81,84,30,178,78,Atlético Madrid,2025.0,,M. Depay
N. Aké CB LB,28,82,83,208920,Left,83,CB,1,29000000.0,135000.0,55800000.0,326,63,48,82,81,52,349,73,64,59,75,78,371,78,75,67,83,68,358,64,89,71,78,56,331,78,81,51,68,53,79,252,84,85,83,50,10,7,7,16,10,2037,435,3,76,53,72,74,83,180,75,Manchester City,2027.0,,N. Aké
I. Toney ST,27,80,80,212228,Right,80,ST,0,23000000.0,70000.0,43700000.0,386,65,85,82,77,77,351,73,63,70,66,79,383,76,81,78,78,70,404,83,91,76,81,73,387,83,52,82,78,92,83,137,45,50,42,47,16,8,8,7,8,2095,441,1,79,82,72,76,51,187,76,Brentford,2025.0,,I. Toney
D. van de Beek CM CAM CDM,26,76,76,221363,Right,76,CM,0,8000000.0,87000.0,0.0,360,63,75,67,79,76,373,74,76,65,75,83,340,63,66,69,74,68,358,82,71,57,70,78,365,76,73,78,77,61,78,211,68,72,71,51,7,12,8,10,14,2058,430,3,65,77,74,76,70,184,74,Eintracht Frankfurt,,,D. van de Beek
B. Embolo ST,26,77,78,222357,Right,78,ST,1,12500000.0,51000.0,24700000.0,364,63,77,73,75,76,347,76,68,58,70,75,365,74,82,67,75,67,395,84,87,68,85,71,341,79,44,80,72,66,74,141,40,63,38,45,13,6,7,7,12,1998,430,2,78,77,70,74,51,187,88,Monaco,2026.0,,B. Embolo
G. Scamacca ST,24,79,84,226710,Right,81,ST,5,27000000.0,51000.0,47900000.0,360,44,81,82,74,79,360,74,69,68,70,79,331,61,74,61,76,59,394,82,87,65,85,75,301,55,26,81,71,68,78,88,40,28,20,52,12,10,11,7,12,1886,397,2,68,79,66,74,36,195,85,Atalanta,2027.0,,G. Scamacca
Pepelu CDM CM,24,80,85,230786,Right,81,CDM,5,29000000.0,33000.0,63100000.0,341,74,58,59,85,65,387,69,80,78,80,80,350,68,68,69,77,68,378,74,72,89,75,68,380,74,77,67,80,82,75,222,76,75,71,46,12,13,6,9,6,2104,438,1,68,65,80,73,74,186,73,Valencia,2028.0,,Pepelu
M. Mount CM CAM,24,80,83,233064,Right,83,CAM,3,28500000.0,100000.0,56300000.0,372,81,78,55,83,75,410,80,82,84,83,81,376,75,70,76,80,75,367,81,67,81,58,80,363,73,63,79,79,69,82,177,58,66,53,56,11,12,13,8,12,2121,440,3,72,78,82,80,61,181,74,Manchester United,2028.0,,M. Mount
A. Murić GK,24,75,80,233164,Right,75,GK,5,7000000.0,26000.0,14500000.0,106,13,12,10,55,16,148,20,24,11,58,35,228,44,46,38,60,40,239,59,66,29,71,14,131,24,18,11,60,18,66,50,15,17,18,379,76,73,79,74,77,1281,424,1,76,73,79,77,45,197,81,Burnley,2026.0,,A. Murić
A. Afif LM CF CAM,26,77,77,234051,Right,77,LM,0,0.0,0.0,0.0,342,71,78,48,74,71,366,79,77,63,70,77,397,87,87,81,70,72,326,70,64,72,51,69,285,37,27,76,69,76,78,92,28,36,28,44,7,14,8,5,10,1852,396,1,87,74,71,78,32,176,70,Qatar,,,A. Afif
Jota LM RM RW,24,76,79,234570,Right,78,CAM,3,10000000.0,32000.0,16800000.0,343,74,70,60,73,66,374,80,72,72,68,82,417,84,88,89,70,86,338,73,73,60,57,75,295,56,37,72,71,59,76,94,28,41,25,51,14,7,14,5,11,1912,405,2,86,71,72,81,37,175,67,Al Ittihad,2026.0,,Jota
M. de Ligt CB,23,84,89,235243,Right,87,CB,5,57500000.0,70000.0,99200000.0,311,52,50,85,79,45,319,65,48,55,78,73,320,58,64,52,84,62,412,84,87,75,91,75,296,85,82,44,45,40,82,256,85,85,86,56,12,11,11,12,10,1970,425,3,61,61,64,68,85,189,89,FC Bayern München,2027.0,,M. de Ligt
S. Szymański CAM,24,80,84,235973,Left,82,CAM,4,30000000.0,36000.0,59300000.0,353,78,78,58,79,60,388,77,82,74,76,79,407,84,78,86,79,80,347,79,63,82,42,81,321,64,40,83,80,54,76,154,56,51,47,57,9,10,10,14,14,2027,423,1,81,77,78,79,51,174,60,Fenerbahçe,2027.0,,S. Szymański
D. Raum LB LM,25,80,83,236703,Left,81,LWB,3,25500000.0,51000.0,45300000.0,332,86,57,59,78,52,384,78,84,69,75,78,403,86,89,77,74,77,373,64,81,87,76,65,332,69,73,62,79,49,76,221,73,74,74,51,11,8,14,12,6,2096,455,2,88,60,79,78,72,180,75,RB Leipzig,2027.0,,D. Raum
Marc Cucurella LB LWB,24,79,83,239231,Left,80,LWB,4,23500000.0,80000.0,46400000.0,328,80,57,57,79,55,370,79,77,60,75,79,387,77,73,77,77,83,358,70,72,86,67,63,359,77,76,75,75,56,76,230,76,79,75,50,13,7,9,10,11,2082,442,2,75,62,77,79,75,173,67,Chelsea,2028.0,,Marc Cucurella
L. Martínez CB,25,84,87,239301,Left,86,CB,3,49500000.0,140000.0,97800000.0,341,75,52,75,83,56,372,76,77,55,83,81,390,77,70,77,84,82,377,73,85,75,80,64,369,91,85,62,76,55,87,256,85,87,84,55,6,14,13,14,8,2160,455,2,73,59,78,79,85,178,77,Manchester United,2027.0,,L. Martínez
C. Gakpo CF LW,24,82,86,242516,Right,84,CAM,4,44000000.0,120000.0,84700000.0,388,83,83,68,79,75,395,86,78,76,70,85,400,86,84,80,79,71,405,86,84,76,76,83,336,63,45,80,80,68,83,125,46,48,31,47,15,11,7,9,5,2096,450,2,85,82,78,84,47,189,76,Liverpool,2028.0,,C. Gakpo
B. Badiashile CB,22,77,83,242578,Left,79,CB,6,15500000.0,68000.0,32600000.0,281,50,42,78,75,36,296,58,55,43,75,65,292,55,67,50,75,45,338,67,82,63,83,43,302,70,78,42,67,45,71,235,77,80,78,43,8,7,5,15,8,1787,388,2,62,47,66,60,78,194,75,Chelsea,2030.0,,B. Badiashile
A. Laurienté LW LM,24,80,83,243593,Right,81,CAM,3,29000000.0,22000.0,51500000.0,346,76,74,45,76,75,398,85,81,85,65,82,407,82,85,74,78,88,371,81,68,77,63,82,285,47,27,78,77,56,70,111,28,40,43,63,13,13,8,14,15,1981,416,1,84,76,75,82,35,177,79,Sassuolo,2027.0,,A. Laurienté
Y. Fofana CDM CM,24,80,84,245630,Right,81,CDM,4,27500000.0,46000.0,54300000.0,320,66,65,63,80,46,356,77,66,56,78,79,362,67,71,70,79,75,382,76,75,84,77,70,373,78,81,73,77,64,77,235,78,81,76,45,12,7,12,5,9,2073,445,2,69,68,74,77,78,185,74,Monaco,2025.0,,Y. Fofana
D. Kulusevski RW RM CAM,23,82,86,247394,Left,84,CAM,4,43500000.0,100000.0,85900000.0,376,84,76,52,84,80,389,86,85,61,72,85,381,77,74,79,82,69,403,76,76,90,80,81,350,67,54,80,84,65,84,174,55,64,55,44,14,5,10,10,5,2117,454,2,75,77,81,84,57,186,80,Tottenham Hotspur,2028.0,,D. Kulusevski
T. Dallinga ST,22,75,84,252021,Right,77,ST,9,12500000.0,21000.0,27500000.0,346,49,79,77,73,68,310,69,59,51,58,73,339,71,74,53,76,65,373,75,82,76,70,70,293,42,29,81,72,69,77,70,23,24,23,55,11,6,15,10,13,1786,378,1,73,75,64,69,30,190,72,Toulouse,2026.0,,T. Dallinga
A. Al Musrati CDM CM,27,80,81,252308,Right,80,CDM,1,21500000.0,18000.0,0.0,325,60,61,72,77,55,319,71,43,48,79,78,300,59,64,56,76,45,391,79,74,82,87,69,362,79,82,73,71,57,81,241,80,82,79,45,15,6,8,8,8,1983,433,1,62,66,70,71,80,189,83,Beşiktaş,,,A. Al Musrati
A. Diallo RM CAM RW,20,74,83,254088,Left,75,CAM,9,9500000.0,57000.0,20000000.0,307,64,72,48,69,54,339,79,62,60,60,78,412,88,82,92,65,85,314,74,61,65,45,69,266,42,22,72,67,63,67,66,19,25,22,53,13,15,8,11,6,1757,374,1,85,70,65,79,25,173,67,Manchester United,2025.0,,A. Diallo
L. Netz LWB LM,20,75,80,256781,Left,75,LWB,5,8000000.0,17000.0,14200000.0,288,77,46,60,73,32,329,73,52,68,64,72,369,76,81,72,69,71,303,59,73,65,63,43,313,68,71,65,60,49,69,220,70,76,74,52,7,11,12,9,13,1874,404,1,79,48,69,72,71,184,83,Borussia Mönchengladbach,2026.0,,L. Netz
A. Dedić RB LB,20,73,82,257345,Right,74,RWB,9,6500000.0,10000.0,11100000.0,313,74,56,56,68,59,342,72,63,68,69,70,381,83,83,78,64,73,354,67,75,88,67,57,306,68,66,64,64,44,66,204,62,72,70,49,11,6,9,14,9,1949,419,1,83,58,68,71,66,180,74,Salzburg,2027.0,,A. Dedić
N. Fagioli CM CDM,22,77,87,260823,Right,79,CM,10,23500000.0,73000.0,44700000.0,330,69,52,58,83,68,387,79,79,68,80,81,382,75,77,77,76,77,363,76,71,79,65,72,350,70,70,62,80,68,72,215,69,74,72,48,7,10,8,10,13,2075,436,1,76,63,78,79,70,178,72,Juventus,2026.0,,N. Fagioli
Francisco Conceição RM,20,77,84,261050,Left,78,LM,7,21000000.0,13000.0,0.0,314,71,68,36,72,67,349,84,69,48,68,80,422,86,80,93,78,85,291,70,53,69,40,59,280,49,31,70,71,59,72,112,34,41,37,51,9,6,7,15,14,1819,388,1,83,66,70,83,36,168,61,Porto,,,Francisco Conceição
Bryan Zaragoza RM LM CAM,21,74,84,271916,Right,75,RM,10,9500000.0,13000.0,0.0,330,76,72,42,70,70,359,83,68,67,63,78,388,85,79,83,57,84,314,78,60,56,53,67,272,49,23,68,62,70,58,95,25,32,38,47,10,11,5,12,9,1805,384,1,82,72,68,79,30,164,61,FC Bayern München,,,Bryan Zaragoza
K. Ouattara LB,18,69,83,273933,Left,70,LWB,14,3100000.0,6000.0,7800000.0,264,66,41,55,67,35,270,68,49,35,51,67,361,76,78,68,65,74,293,42,71,75,65,40,276,65,63,56,56,36,67,193,59,68,66,43,9,10,5,8,11,1700,377,1,77,41,60,68,63,176,73,Monaco,2028.0,,K. Ouattara
L. Miller CM,16,63,83,275522,Right,65,CAM,20,1300000.0,500.0,3600000.0,280,52,55,50,70,53,307,62,61,53,65,66,333,68,74,60,61,70,312,64,61,70,60,57,274,55,48,55,62,54,72,152,48,53,51,43,6,6,6,13,12,1701,367,1,71,57,63,64,50,182,72,Motherwell,2026.0,,L. Miller
E. Mbappé CM,16,62,81,278172,Left,65,CAM,19,1000000.0,1000.0,2500000.0,280,60,51,52,70,47,308,65,56,54,67,66,317,66,62,66,58,65,267,64,52,49,48,54,277,52,58,49,65,53,65,173,56,60,57,55,9,8,13,12,13,1677,354,1,64,54,65,65,57,176,70,Paris Saint Germain,2024.0,,E. Mbappé
G. Reyna RM CAM,20,78,84,245541,Right,80,CAM,6,22000000.0,33000.0,0.0,342,70,71,45,79,77,372,85,79,64,64,80,392,77,77,84,77,77,370,78,70,72,73,77,295,57,37,73,78,50,78,107,35,35,37,56,10,13,14,12,7,1934,412,2,77,73,74,82,37,185,79,Nottingham Forest,,,G. Reyna
J. Durán ST,19,71,82,247172,Left,73,ST,11,4099999.9999999995,27000.0,8600000.0,322,53,73,64,68,64,294,70,52,41,58,73,350,75,82,68,62,63,371,80,80,69,78,64,276,80,28,67,50,51,58,81,26,33,22,36,6,6,10,9,5,1730,385,1,79,71,58,69,32,187,70,Aston Villa,2027.0,,J. Durán
M. Wieffer CDM CM,23,78,84,248793,Right,79,CDM,6,20500000.0,15000.0,32799999.999999996,347,68,58,75,78,68,352,72,69,52,79,80,345,67,73,67,73,65,381,74,82,77,79,69,356,86,80,62,73,55,80,217,69,77,71,52,7,12,14,12,7,2050,435,1,70,64,73,74,74,188,78,Feyenoord,2027.0,,M. Wieffer
A. Trubin GK,21,78,86,250753,Right,78,GK,8,27500000.0,8000.0,60500000.0,75,11,9,12,37,6,100,13,13,13,32,29,238,49,38,36,70,45,235,58,67,33,69,8,125,28,9,6,64,18,50,31,9,11,11,391,72,76,77,84,82,1195,436,1,72,76,77,82,45,199,86,Benfica,2028.0,,A. Trubin
S. Botman CB,23,83,87,251809,Left,85,CB,4,47000000.0,105000.0,92800000.0,254,43,24,81,79,27,288,63,47,28,76,74,302,53,75,57,83,34,346,65,84,70,90,37,309,86,82,45,59,37,77,253,85,84,84,49,12,9,8,6,14,1801,399,2,65,37,63,66,84,193,81,Newcastle United,2027.0,,S. Botman
M. Cham CF RW CAM,22,72,78,253108,Left,75,CAM,6,3800000.0,13000.0,8400000.0,319,63,68,53,73,62,349,74,68,62,70,75,363,80,72,82,68,61,299,66,64,48,52,69,265,31,26,73,75,60,69,60,21,21,18,46,6,9,8,8,15,1701,359,1,76,67,70,74,25,180,67,Clermont,2026.0,,M. Cham
Y. Musah CM RWB CDM,20,75,83,253177,Right,78,RM,8,12500000.0,37000.0,23800000.0,324,72,66,56,76,54,342,78,60,54,73,77,393,83,87,77,72,74,384,77,78,83,72,74,350,82,72,74,72,50,70,219,73,76,70,51,15,6,14,6,10,2063,452,1,85,69,72,77,72,178,75,Milan,2028.0,,Y. Musah
P. Wimmer RM ST,22,77,83,254566,Right,78,CAM,6,17000000.0,37000.0,32299999.999999996,316,71,69,44,75,57,336,83,64,50,61,78,406,83,82,84,75,82,361,77,70,76,71,67,314,60,48,76,78,52,68,145,53,47,45,61,12,13,9,14,13,1939,421,2,82,69,71,80,49,182,77,VfL Wolfsburg,2027.0,,P. Wimmer
N. Rovella CM CDM,21,77,86,255001,Right,80,CDM,9,23500000.0,62000.0,0.0,324,67,52,56,81,68,379,75,74,71,79,80,384,75,79,79,74,77,368,72,70,87,63,76,359,80,74,68,77,60,74,233,75,79,79,51,9,12,11,9,10,2098,441,1,77,63,76,77,75,179,70,Lazio,,,N. Rovella
Morato CB LB,22,76,84,256008,Left,78,CB,8,15500000.0,11000.0,34100000.0,268,56,32,76,65,39,267,61,52,27,62,65,294,66,69,41,75,43,319,55,80,68,88,28,280,83,75,29,49,44,75,227,76,77,74,48,12,12,12,6,6,1703,381,1,68,37,57,61,76,192,89,Benfica,2027.0,,Morato
Fábio Vieira CAM CM,23,77,83,256958,Left,79,CAM,6,16500000.0,76000.0,33800000.0,334,74,69,46,80,65,377,79,74,68,76,80,368,75,73,77,72,71,319,76,57,62,48,76,308,51,33,73,82,69,76,118,41,42,35,48,9,5,15,13,6,1872,395,1,74,72,78,78,40,176,61,Arsenal,2027.0,,Fábio Vieira
L. Ugochukwu CM CDM,19,72,82,257084,Right,76,CDM,10,5000000.0,33000.0,10500000.0,310,63,55,70,77,45,325,70,60,45,75,75,336,67,63,63,73,70,355,67,78,76,77,57,319,70,73,59,67,50,70,215,70,73,72,57,10,13,15,11,8,1917,409,1,65,57,69,71,72,191,88,Chelsea,2030.0,,L. Ugochukwu
A. Elanga RM LM,21,73,82,257470,Right,74,RW,9,7000000.0,34000.0,14700000.0,337,69,70,67,67,64,328,74,70,61,49,74,406,89,85,83,73,76,353,65,81,75,68,64,271,44,31,73,67,56,69,109,38,38,33,49,13,5,13,8,10,1853,399,1,87,67,65,75,39,178,75,Nottingham Forest,2028.0,,A. Elanga
R. van den Berg CB RB,18,67,84,259442,Right,69,CB,17,2400000.0,2000.0,6100000.0,215,30,28,61,66,30,242,56,33,26,63,64,304,68,65,53,65,53,281,48,73,62,73,25,236,60,63,26,41,46,65,208,69,70,69,50,13,9,13,9,6,1536,342,1,66,32,50,59,67,190,73,Middlesbrough,2027.0,,R. van den Berg
Gabriel Veron RM LM,20,75,84,259849,Right,76,CAM,9,12500000.0,10000.0,27500000.0,308,67,71,40,72,58,341,81,62,50,69,79,392,85,86,84,69,68,300,63,62,54,55,66,273,40,34,68,67,64,70,75,23,23,29,50,6,11,6,12,15,1739,380,1,86,67,68,79,28,176,75,Porto,2027.0,,Gabriel Veron
E. Fernández CDM CM,20,73,81,262151,Left,74,CDM,8,6500000.0,10000.0,11100000.0,271,49,38,60,76,48,313,72,49,47,75,70,355,70,67,71,68,79,345,58,76,78,79,54,308,76,69,48,69,46,73,212,68,72,72,47,6,7,7,14,13,1851,400,1,68,47,66,72,69,178,76,Boca Juniors,2025.0,,E. Fernández
N. Atubolu GK,21,73,81,262659,Right,73,GK,8,6000000.0,11000.0,11400000.0,68,12,8,13,27,8,81,11,13,12,31,14,204,35,36,32,70,31,237,53,67,29,79,9,112,26,13,9,50,14,46,36,12,12,12,358,73,69,70,72,74,1096,393,1,73,69,70,74,35,190,99,SC Freiburg,2027.0,,N. Atubolu
T. Rothe LWB,18,69,83,268116,Left,69,LWB,14,3100000.0,5000.0,0.0,297,72,43,67,69,46,283,66,54,30,64,69,309,65,68,59,63,54,323,58,77,72,79,37,284,67,65,53,64,35,65,192,63,65,64,47,8,9,13,9,8,1735,382,1,67,45,65,65,65,192,85,Holstein Kiel,,,T. Rothe
Igor Paixão LW RW,23,77,83,271400,Right,78,CAM,6,16500000.0,17000.0,26400000.0,356,72,74,74,71,65,361,79,67,66,70,79,416,86,82,84,78,86,367,66,90,74,62,75,286,53,22,74,73,64,70,87,21,37,29,53,8,13,11,12,9,1926,403,1,84,72,71,79,32,168,65,Feyenoord,2027.0,,Igor Paixão
O. Gloukh CAM,19,75,86,274288,Right,77,CAM,11,12000000.0,11000.0,20400000.0,318,65,71,52,75,55,370,84,73,67,64,82,380,80,70,83,62,85,307,71,57,71,38,70,282,45,28,67,76,66,78,102,42,32,28,45,6,8,13,13,5,1804,383,1,75,70,71,82,36,170,68,Salzburg,2027.0,,O. Gloukh
Otávio CB,21,73,85,275070,Left,75,CB,12,7000000.0,7000.0,15400000.0,209,33,24,72,53,27,204,39,43,27,41,54,295,63,66,43,73,50,293,43,81,65,80,24,259,83,72,29,32,43,62,224,74,76,74,51,14,12,14,5,6,1535,333,1,65,29,41,47,74,187,83,Porto,2028.0,,Otávio
L. Vušković CB,16,62,86,275192,Right,64,CB,24,1200000.0,500.0,2800000.0,262,36,60,71,59,36,273,58,31,51,66,67,255,56,65,41,52,41,368,76,82,65,83,62,251,64,53,32,42,60,50,173,56,59,58,52,9,11,7,13,12,1634,362,1,61,61,50,57,58,193,86,Radomiak Radom,2026.0,,L. Vušković
P. Dorgu LB LM,18,65,83,277432,Left,65,LB,18,1700000.0,1000.0,4099999.9999999995,263,63,52,53,56,39,287,70,54,52,47,64,370,77,83,71,61,78,262,51,55,66,41,49,271,64,57,60,48,42,45,177,53,60,64,43,11,8,6,11,7,1673,361,1,80,50,54,67,57,175,60,Lecce,2027.0,,P. Dorgu
Pepe CB,40,81,81,120533,Right,81,CB,0,0.0,12000.0,0.0,269,46,46,81,73,23,284,58,44,47,75,60,341,73,77,62,81,48,378,63,91,82,86,56,318,94,79,40,48,57,80,245,83,82,80,47,8,15,5,9,10,1882,415,4,75,51,60,61,81,188,79,Porto,2024.0,,Pepe
K. Trippier RB,32,85,85,186345,Right,85,RB,0,37500000.0,150000.0,71300000.0,367,92,54,79,84,58,421,76,87,87,86,85,366,72,64,66,85,79,381,82,79,85,64,71,386,75,83,77,85,66,83,245,80,84,81,54,11,14,8,11,10,2220,452,2,68,65,86,79,82,173,71,Newcastle United,2025.0,,K. Trippier
W. Ben Yedder ST,32,82,82,199451,Right,84,CF,0,24500000.0,73000.0,46600000.0,402,74,86,74,83,85,397,86,82,76,66,87,421,80,77,90,83,91,374,84,81,67,68,74,358,62,44,87,80,85,85,93,34,33,26,42,6,13,9,7,7,2087,432,3,78,83,78,87,39,170,68,Monaco,2024.0,,W. Ben Yedder
Felipe Anderson RW ST,30,81,81,201995,Right,81,RW,0,25000000.0,65000.0,42500000.0,377,74,79,69,79,76,392,85,77,69,75,86,427,88,86,87,77,89,396,82,81,87,67,79,348,69,69,78,78,54,81,178,57,66,55,43,12,10,9,5,7,2161,463,3,87,78,77,85,63,175,70,Lazio,2024.0,,Felipe Anderson
A. Rüdiger CB,30,86,86,205452,Right,86,CB,0,55500000.0,220000.0,113800000.0,305,68,40,83,80,34,321,64,50,56,81,70,352,71,91,56,84,50,402,84,90,70,91,67,328,91,82,54,61,40,80,254,85,85,84,59,14,15,10,12,8,2021,444,3,82,55,71,66,84,190,86,Real Madrid,2026.0,,A. Rüdiger
T. Partey CDM CM,30,84,84,209989,Right,84,CDM,0,35500000.0,140000.0,65700000.0,348,74,66,68,84,56,386,82,69,67,85,83,327,60,74,63,80,50,401,85,77,79,84,76,369,84,82,70,84,49,86,242,80,84,78,49,11,13,9,9,7,2122,461,2,68,71,81,79,80,185,77,Arsenal,2025.0,,T. Partey
D. Alli CM CAM,27,74,74,211117,Right,76,ST,0,4500000.0,33000.0,8600000.0,381,70,78,78,78,77,368,76,76,60,76,80,335,63,66,69,71,66,355,76,81,52,74,72,362,69,61,77,75,80,77,191,64,65,62,41,7,6,9,11,8,2033,425,3,65,76,75,76,65,188,80,Everton,2024.0,,D. Alli
T. Werner LW LM ST,27,80,80,212188,Right,80,LW,0,22500000.0,63000.0,0.0,378,68,76,75,77,82,343,82,70,58,55,78,415,93,89,78,79,76,392,85,85,82,64,76,329,63,37,83,68,78,74,83,39,20,24,50,9,9,8,15,9,1990,423,3,91,79,69,80,35,180,76,Tottenham Hotspur,,,T. Werner
M. Thuram ST,25,81,84,228093,Right,83,ST,3,34500000.0,90000.0,61200000.0,384,74,81,78,78,73,348,84,71,53,62,78,393,80,89,78,81,65,418,83,91,81,85,78,323,45,50,80,78,70,77,124,38,49,37,62,11,13,14,9,15,2052,442,2,85,80,73,80,48,192,80,Inter,2028.0,,M. Thuram
W. Anton CB,26,79,80,229476,Right,80,CB,1,18000000.0,28000.0,32000000.0,273,42,42,76,75,38,275,63,37,39,67,69,329,55,77,62,78,57,346,58,81,79,83,45,314,83,79,52,52,48,79,236,81,80,75,61,11,12,12,13,13,1834,399,2,67,46,59,66,79,189,86,VfB Stuttgart,2027.0,,W. Anton
T. Chalobah CB RB,23,76,80,230918,Right,78,CB,4,9500000.0,64000.0,18800000.0,292,55,43,73,74,47,310,68,53,44,72,73,320,63,68,60,74,55,352,65,82,68,82,55,310,74,77,50,64,45,73,228,76,77,75,35,5,5,9,9,7,1847,403,1,66,50,65,69,76,192,75,Chelsea,2028.0,,T. Chalobah
M. Edwards RW LW ST,24,80,83,235619,Left,81,CAM,3,29000000.0,17000.0,60200000.0,327,73,73,37,75,69,368,87,76,60,60,85,436,88,82,92,82,92,311,72,54,73,39,73,285,44,30,78,75,58,77,94,38,32,24,55,7,12,15,15,6,1876,397,1,85,72,72,86,33,168,65,Sporting CP,2026.0,,M. Edwards
R. Sessegnon LB LWB,23,75,80,235883,Left,77,LM,5,8000000.0,49000.0,15800000.0,328,75,66,56,76,55,323,76,74,31,65,77,382,80,77,77,73,75,322,67,71,69,60,55,351,67,71,77,75,61,76,215,73,73,69,39,6,11,7,8,7,1960,425,1,78,64,72,76,71,178,70,Tottenham Hotspur,2025.0,,R. Sessegnon
E. Barco CAM LM CM,24,77,80,236007,Right,79,CAM,3,14500000.0,18000.0,21400000.0,307,74,73,33,74,53,386,83,78,73,72,80,413,92,73,85,73,90,326,74,57,72,46,77,335,68,38,75,76,78,82,124,30,50,44,36,7,7,5,10,7,1927,407,1,82,73,74,82,39,167,66,River Plate,2026.0,,E. Barco
N. Mazraoui RB LB,25,81,83,236401,Right,82,RM,2,29500000.0,60000.0,50900000.0,352,79,69,65,83,56,354,83,69,42,76,84,393,83,75,86,79,70,362,68,79,84,70,61,351,69,81,80,77,44,79,234,76,77,81,56,12,7,13,12,12,2102,456,2,79,66,77,83,77,183,65,FC Bayern München,2026.0,,N. Mazraoui
Cucho Hernández ST CF LM,24,78,83,237034,Right,80,CAM,5,21500000.0,10000.0,32799999.999999996,366,65,80,74,77,70,369,79,68,69,75,78,401,86,80,79,76,80,388,75,87,77,75,74,329,78,23,78,74,76,75,127,44,43,40,46,9,11,11,9,6,2026,430,1,83,77,73,78,42,176,73,Columbus Crew,2025.0,,Cucho Hernández
N. Tella RM LM,23,75,81,237328,Right,76,RM,6,9000000.0,36000.0,17100000.0,330,70,74,58,71,57,317,77,64,39,60,77,409,90,87,84,65,83,324,72,71,69,52,60,273,54,25,72,70,52,70,91,30,34,27,41,9,6,8,12,6,1785,392,1,88,69,67,77,33,173,70,Bayer 04 Leverkusen,2028.0,,N. Tella
T. Malacia LB,23,77,82,238041,Left,77,LB,5,15000000.0,73000.0,29600000.0,311,70,50,58,76,57,328,77,62,50,65,74,407,81,83,84,69,90,344,65,76,73,70,60,322,84,76,55,61,46,75,231,70,80,81,46,9,9,12,8,8,1989,430,1,82,55,68,77,74,169,67,Manchester United,2026.0,,T. Malacia
M. Bułka GK,23,78,85,238186,Right,78,GK,7,24000000.0,26000.0,50400000.0,70,12,8,10,35,5,88,13,13,14,33,15,195,28,25,41,73,28,233,52,63,37,74,7,102,25,11,8,40,18,58,39,15,10,14,379,79,74,69,76,81,1106,406,1,79,74,69,81,27,199,90,Nice,2026.0,,M. Bułka
L. Díaz LW,26,84,84,241084,Right,84,LW,0,46000000.0,165000.0,85100000.0,372,76,80,64,78,74,384,89,77,58,73,87,429,91,90,88,83,77,401,84,80,87,69,81,323,72,28,83,77,63,82,111,35,42,34,64,10,13,13,14,14,2084,447,2,90,80,76,87,39,180,73,Liverpool,2027.0,,L. Díaz
Pau Torres CB,26,82,84,241464,Left,84,CDM,2,33500000.0,95000.0,66200000.0,296,55,31,85,84,41,314,64,56,28,86,80,340,69,75,64,80,52,340,58,86,78,78,40,327,79,83,46,77,42,84,249,83,84,82,59,11,13,13,13,9,1925,417,3,72,40,73,70,83,191,80,Aston Villa,2028.0,,Pau Torres
P. Schuurs CB,23,79,84,241854,Right,81,CB,5,24000000.0,39000.0,42600000.0,331,69,57,75,78,52,359,68,68,71,77,75,316,65,78,62,75,36,387,85,80,75,77,70,323,70,82,44,70,57,77,243,80,83,80,45,10,13,9,7,6,2004,435,1,72,64,74,69,81,191,85,Torino,2026.0,,P. Schuurs
S. Córdova CAM CM,26,76,79,242118,Left,78,CAM,3,0.0,0.0,0.0,322,64,70,48,78,62,377,81,70,71,75,80,389,75,74,82,74,84,370,80,64,83,61,82,337,64,61,69,71,72,70,180,55,65,60,45,7,8,14,8,8,2020,427,1,74,74,73,80,59,174,66,Mexico,,,S. Córdova
L. Ferguson CAM CM CDM,23,77,82,242280,Right,79,ST,5,16000000.0,29000.0,28400000.0,369,67,80,72,78,72,364,76,69,67,74,78,379,74,78,79,72,76,402,77,83,90,76,76,394,85,72,84,73,80,75,203,66,69,68,51,6,11,6,14,14,2162,455,1,76,78,73,77,69,181,75,Bologna,2027.0,,L. Ferguson
T. Lamptey RB RWB LB,22,75,80,242418,Right,75,RB,5,8000000.0,49000.0,15800000.0,281,76,47,54,72,32,305,77,60,35,62,71,424,90,81,85,73,95,240,48,60,61,35,36,300,75,71,55,59,40,73,218,70,73,75,58,15,13,12,5,13,1826,393,1,85,44,66,77,70,163,62,Brighton & Hove Albion,2025.0,,T. Lamptey
I. Meslier GK,23,75,82,242656,Left,75,GK,7,9500000.0,24000.0,20000000.0,103,18,11,15,50,9,127,20,12,10,50,35,216,37,40,42,72,25,219,53,56,40,53,17,126,27,19,8,61,11,65,58,22,17,19,371,76,74,71,71,79,1220,409,1,76,74,71,79,38,196,74,Leeds United,2026.0,,I. Meslier
B. Sosa LB,25,77,80,243388,Left,78,LWB,3,13000000.0,15000.0,19200000.0,312,87,41,64,76,44,379,76,84,68,72,79,366,72,76,72,77,69,357,70,74,79,69,65,313,65,71,69,77,31,76,213,67,71,75,39,10,6,6,8,9,1979,422,2,74,53,78,76,70,186,79,Ajax,2028.0,,B. Sosa
D. Undav ST CAM,26,78,78,244176,Right,78,ST,0,15500000.0,82000.0,0.0,377,67,82,71,77,80,358,76,74,66,62,80,362,66,67,68,78,83,383,79,80,69,79,76,321,72,18,82,77,72,81,91,25,37,29,54,9,12,9,11,13,1946,403,1,67,80,72,77,32,179,86,VfB Stuttgart,,,D. Undav
M. Kilman CB,26,77,81,245336,Left,79,CB,4,13000000.0,55000.0,25700000.0,269,54,36,68,75,36,295,65,45,39,76,70,308,59,72,50,78,49,324,51,77,68,85,43,309,73,77,46,65,48,72,234,77,79,78,48,11,11,5,9,12,1787,394,1,66,42,66,65,77,194,89,Wolverhampton Wanderers,2028.0,,M. Kilman
A. Stiller CM CDM,22,77,80,250959,Left,79,CM,3,14500000.0,23000.0,25700000.0,313,69,49,67,83,45,368,75,66,68,80,79,353,65,55,73,81,79,358,73,70,85,65,65,319,64,74,61,78,42,78,214,73,73,68,44,7,14,5,9,9,1969,413,1,60,57,77,77,72,183,79,VfB Stuttgart,2027.0,,A. Stiller
B. Traoré CDM CM,21,71,81,252975,Right,72,CDM,10,4000000.0,23000.0,8400000.0,279,58,45,57,75,44,314,70,52,47,73,72,348,69,73,70,68,68,336,68,71,68,73,56,320,73,66,60,69,52,70,200,64,69,67,59,12,10,15,11,11,1856,400,1,71,53,68,70,66,183,67,Wolverhampton Wanderers,2027.0,,B. Traoré
H. Hackney CDM CM,21,72,83,253054,Right,73,CM,11,5000000.0,14000.0,10500000.0,279,58,53,45,74,49,336,69,64,57,74,72,359,67,71,73,73,75,331,68,61,80,65,57,337,82,64,66,72,53,73,206,66,69,71,63,14,14,14,12,9,1911,403,1,69,57,69,71,65,178,70,Middlesbrough,2027.0,,H. Hackney
Matheus Nunes CM LM,24,79,84,253124,Right,81,CAM,5,26500000.0,100000.0,51000000.0,322,59,71,53,80,59,377,84,74,58,79,82,399,80,86,81,81,71,376,77,74,83,74,68,372,76,78,79,77,62,80,224,75,75,74,60,13,10,12,12,13,2130,460,1,83,71,74,82,73,183,76,Manchester City,2028.0,,Matheus Nunes
Nico González CDM CM,21,76,82,255069,Right,77,CDM,6,11000000.0,9000.0,24200000.0,323,62,60,69,81,51,335,77,50,59,75,74,319,63,68,64,70,54,362,65,78,75,82,62,352,80,72,70,76,54,73,210,72,73,65,57,14,14,10,12,7,1958,424,1,66,61,73,73,71,188,85,Porto,2028.0,,Nico González
J. Doig LWB LM LB,21,74,81,255561,Left,74,LWB,7,8000000.0,10000.0,15200000.0,333,74,62,67,72,58,319,74,66,45,63,71,368,78,85,71,63,71,368,66,80,84,72,66,307,71,67,69,63,37,60,204,62,71,71,50,15,6,8,10,11,1949,426,1,82,63,68,71,67,189,71,Sassuolo,2028.0,,J. Doig
A. Broja ST,21,74,82,256268,Right,76,ST,8,9500000.0,59000.0,0.0,313,40,75,69,65,64,288,77,53,36,47,75,348,64,84,64,73,63,371,80,79,69,82,61,294,67,20,75,58,74,70,79,23,33,23,48,9,7,15,8,9,1741,382,1,75,73,54,74,30,191,75,Fulham,,,A. Broja
P. Solari ST RM,22,74,81,256509,Right,76,ST,7,8500000.0,16000.0,13600000.0,338,70,75,63,64,66,333,76,59,64,58,76,399,85,86,82,73,73,367,77,74,69,72,75,293,59,21,78,70,65,76,107,35,37,35,52,11,8,13,14,6,1889,407,1,86,75,65,76,36,178,78,River Plate,2027.0,,P. Solari
Fábio Carvalho CAM CM LM,20,74,83,256725,Right,76,CAM,9,9500000.0,53000.0,0.0,310,60,73,43,73,61,338,76,65,53,66,78,395,80,76,82,71,86,297,66,56,62,48,65,276,42,39,75,71,49,73,130,49,49,32,47,14,5,8,10,10,1793,387,1,78,68,68,77,45,170,62,Hull City,,,Fábio Carvalho
L. Gourna-Douath CDM CM,19,73,83,257271,Right,74,CDM,10,6000000.0,8000.0,10200000.0,285,54,48,65,72,46,299,71,42,43,70,73,361,78,74,71,68,70,346,62,80,81,74,49,325,72,72,62,69,50,71,208,67,72,69,46,8,6,6,13,13,1870,410,1,76,52,65,71,70,185,81,Salzburg,2027.0,,L. Gourna-Douath
R. Edwards CB,20,68,80,258167,Right,70,CB,12,2700000.0,4000.0,5300000.0,209,31,28,61,64,25,241,59,38,29,58,57,337,67,71,66,68,65,299,56,72,73,71,27,268,63,70,34,54,47,62,208,71,69,68,43,6,11,6,12,8,1605,354,1,69,35,51,60,69,180,76,Peterborough United,2025.0,,R. Edwards
L. Sučić CAM CM,20,74,83,258775,Left,76,CAM,9,9500000.0,13000.0,16200000.0,337,73,71,47,74,72,375,76,76,74,74,75,360,76,76,74,69,65,360,79,67,72,66,76,322,58,56,68,75,65,70,141,47,50,44,55,15,12,10,11,7,1950,412,1,76,73,74,74,49,185,77,Salzburg,2025.0,,L. Sučić
I. Touré CB,20,72,83,258972,Left,74,CB,11,4800000.0,11000.0,10600000.0,225,42,29,66,61,27,223,49,38,24,47,65,296,62,69,52,67,46,297,39,81,67,91,19,289,84,69,41,54,41,66,206,68,71,67,45,14,7,7,5,12,1581,355,1,66,30,51,56,69,206,98,Lorient,2028.0,,I. Touré
H. Sudakov CAM LW,20,75,85,259913,Right,77,CAM,10,12500000.0,750.0,30000000.0,339,60,71,68,76,64,350,78,61,62,75,74,368,76,75,74,70,73,371,73,77,73,68,80,295,44,39,71,78,63,73,165,55,54,56,56,13,9,13,12,9,1944,413,1,75,72,72,76,53,177,68,Shakhtar Donetsk,2028.0,,H. Sudakov
C. Medina CM,21,75,84,261082,Right,77,CAM,9,12500000.0,14000.0,21300000.0,312,67,67,51,78,49,344,79,62,52,72,79,381,76,75,80,74,76,333,64,67,81,60,61,338,74,66,71,73,54,77,211,72,74,65,40,8,8,12,6,6,1959,427,1,75,64,72,79,69,178,70,Boca Juniors,2027.0,,C. Medina
S. Raebiger CM CAM,18,62,82,262242,Right,65,CAM,20,1100000.0,2000.0,3000000.0,283,58,48,52,69,56,310,64,58,58,66,64,356,71,65,81,57,82,252,60,50,51,40,51,283,56,51,55,66,55,62,170,55,58,57,54,7,10,13,11,13,1708,352,1,68,52,65,66,55,176,70,Eintracht Frankfurt,2024.0,,S. Raebiger
M. Akliouche RM CAM CF,21,75,84,264862,Left,77,CAM,9,12500000.0,31000.0,26300000.0,318,71,69,46,75,57,364,80,73,63,69,79,374,74,74,79,72,75,307,64,61,57,58,67,299,51,41,69,77,61,77,135,42,49,44,40,8,10,9,5,8,1837,395,1,74,67,73,79,45,183,63,Monaco,2026.0,,M. Akliouche
Matheus França CAM LM RM,19,69,85,265420,Right,71,CAM,16,3600000.0,10000.0,9100000.0,314,56,74,55,66,63,326,76,60,54,61,75,384,83,81,84,63,73,347,69,76,63,69,70,264,55,30,61,59,59,66,105,40,30,35,62,13,15,12,8,14,1802,389,1,82,70,61,75,36,184,67,Crystal Palace,2028.0,,Matheus França
C. Volpato CAM CF RW,19,69,85,265761,Left,71,CAM,16,3600000.0,5000.0,8400000.0,293,62,60,49,68,54,338,74,65,56,68,75,310,66,68,56,65,55,336,76,61,68,66,65,270,47,28,67,71,57,64,123,45,36,42,48,11,8,8,13,8,1718,370,1,67,64,67,71,39,187,78,Sassuolo,2025.0,,C. Volpato
J. Fazzini CM CAM,20,67,81,266596,Right,70,RM,14,2400000.0,3000.0,5800000.0,293,67,41,54,73,58,325,70,60,59,65,71,359,73,71,74,70,71,314,71,64,76,58,45,315,68,66,70,60,51,60,174,57,59,58,51,9,5,11,14,12,1831,384,1,72,51,67,70,59,178,70,Empoli,2027.0,,J. Fazzini
D. Pizarro ST,18,66,84,268396,Right,68,ST,18,2200000.0,2000.0,4500000.0,256,26,62,65,56,47,255,69,34,35,51,66,376,82,84,72,65,73,340,64,87,63,81,45,267,71,18,69,48,61,66,36,11,14,11,59,10,14,14,13,8,1589,350,1,83,59,46,68,19,185,85,Colo-Colo,2025.0,,D. Pizarro
Q. Hartman LB,21,77,83,271121,Left,78,LWB,6,16000000.0,12000.0,25600000.0,278,77,45,45,75,36,362,71,75,68,76,72,369,81,80,73,72,63,322,40,72,82,74,54,339,85,73,65,69,47,74,225,73,77,75,62,13,14,12,14,9,1957,421,1,80,46,74,71,72,183,72,Feyenoord,2026.0,,Q. Hartman
I. Sulemana CDM CM,20,70,81,271577,Right,71,CDM,11,3300000.0,9000.0,6600000.0,302,58,55,61,69,59,305,65,56,49,68,67,376,77,73,75,69,82,369,76,78,79,72,64,319,75,71,58,62,53,62,205,64,70,71,52,7,9,15,10,11,1928,411,1,75,61,64,68,68,180,78,Cagliari,2027.0,,I. Sulemana
F. Terracciano RB RM LB,20,72,83,271579,Right,73,RWB,11,4900000.0,24000.0,9300000.0,318,75,56,61,72,54,349,73,73,65,67,71,365,83,80,72,62,68,354,69,77,76,67,65,308,61,66,57,67,57,54,203,64,71,68,56,11,12,8,12,13,1953,419,1,81,60,71,71,67,181,68,Milan,2028.0,,F. Terracciano
J. Spileers CB,18,70,84,271917,Right,72,CB,14,3500000.0,3000.0,7400000.0,242,48,26,70,69,29,239,51,29,30,66,63,329,68,77,57,68,59,290,49,76,68,73,24,257,65,71,29,57,35,68,208,72,70,66,52,8,15,8,12,9,1617,359,1,73,31,58,57,70,188,79,Club Brugge,2026.0,,J. Spileers
C. Baleba CDM CM,19,70,82,272500,Left,71,CM,12,3600000.0,18000.0,7600000.0,262,42,42,62,73,43,312,72,53,43,70,74,370,74,79,73,69,75,335,66,77,65,74,53,313,65,67,64,67,50,65,195,62,67,66,52,11,6,8,14,13,1839,398,1,77,51,63,72,65,179,75,Brighton & Hove Albion,2028.0,,C. Baleba
S. Kılıçsoy ST LW RM,17,66,82,274616,Right,68,ST,16,2100000.0,2000.0,5300000.0,286,55,72,53,60,46,266,70,46,43,44,63,364,77,78,75,60,74,351,74,74,65,72,66,276,72,26,63,55,60,68,84,29,29,26,36,12,6,5,8,5,1663,370,1,78,69,54,68,31,178,68,Beşiktaş,2028.0,,S. Kılıçsoy
Newerton LW RW,18,66,85,277194,Right,68,RM,19,2200000.0,500.0,6200000.0,263,61,59,38,66,39,280,74,40,38,62,66,385,83,78,71,61,92,245,51,48,60,38,48,222,28,27,60,60,47,52,68,22,21,25,52,9,8,11,11,13,1515,332,1,80,54,61,70,25,167,59,Shakhtar Donetsk,2028.0,,Newerton
23 Z. Ibrahimović ST,40,80,80,41236,Right,80,ST,0,0.0,0.0,0.0,401,71,84,82,77,87,380,74,77,74,72,83,299,55,55,67,77,45,361,86,77,29,85,84,346,84,20,86,83,73,90,89,28,37,24,59,13,15,10,9,12,1935,395,5,55,84,76,76,34,195,102,Sweden,,23,Z. Ibrahimović
M. Hummels CB,34,84,84,178603,Right,84,CB,0,13500000.0,66000.0,23000000.0,351,65,55,86,81,64,345,67,66,53,85,74,311,38,65,60,86,62,345,71,73,65,87,49,365,73,87,57,80,68,89,258,89,85,84,42,15,6,10,5,6,2017,422,3,53,58,76,70,87,191,94,Borussia Dortmund,2024.0,,M. Hummels
Jordi Alba LB LWB,34,82,82,189332,Left,82,LB,0,11000000.0,13000.0,16500000.0,386,83,73,70,85,75,387,79,82,63,81,82,411,84,81,83,79,84,347,64,76,83,58,66,372,75,78,83,77,59,80,220,70,75,75,60,13,15,13,6,13,2183,457,3,82,70,81,81,74,170,68,Inter Miami,2024.0,,Jordi Alba
Iago Aspas ST,35,84,84,192629,Left,85,CF,0,18000000.0,35000.0,37800000.0,408,80,90,77,79,82,409,87,79,83,73,87,404,78,83,85,86,72,373,82,80,69,61,81,355,65,39,88,81,82,85,78,39,21,18,62,12,16,9,12,13,2089,432,3,81,86,79,86,35,176,67,Celta de Vigo,2025.0,,Iago Aspas
Morata ST,30,84,84,201153,Right,84,ST,0,41500000.0,88000.0,87200000.0,404,72,86,87,77,82,356,80,78,52,63,83,385,81,83,74,84,63,412,83,93,79,81,76,334,69,26,87,77,75,79,71,37,14,20,22,4,5,4,4,5,1984,428,3,82,83,73,80,31,190,84,Atlético Madrid,2026.0,,Morata
V. Hladký GK,32,69,69,202617,Right,69,GK,0,700000.0,7000.0,1300000.0,119,16,16,23,52,12,169,21,24,24,56,44,309,59,56,62,64,68,227,52,71,27,66,11,139,22,28,11,51,27,65,66,20,23,23,345,69,69,69,68,70,1374,403,1,69,69,69,70,58,192,80,Ipswich Town,2024.0,,V. Hladký
R. Sterling LM RM,28,82,82,202652,Right,82,LM,0,30500000.0,130000.0,58000000.0,342,76,79,45,77,65,391,86,80,79,65,81,439,88,82,93,84,92,366,77,70,77,65,77,319,49,35,86,76,73,76,132,42,50,40,63,15,12,12,15,9,2052,431,4,85,78,75,85,43,172,69,Chelsea,2027.0,,R. Sterling
Carvajal RB,31,83,83,204963,Right,83,RB,0,26500000.0,170000.0,54300000.0,343,80,56,72,82,53,358,78,76,47,74,83,408,82,81,78,83,84,362,68,84,84,74,52,359,85,78,75,76,45,82,237,76,80,81,65,13,13,15,9,15,2132,453,3,81,58,77,80,78,173,73,Real Madrid,2025.0,,Carvajal
Jorginho CDM CM,31,83,83,205498,Right,83,CDM,0,25500000.0,125000.0,47200000.0,353,75,65,56,89,68,405,79,75,76,88,87,332,61,45,72,82,72,349,71,65,86,66,61,399,77,80,69,84,89,84,221,71,80,70,56,14,7,13,14,8,2115,431,2,52,67,84,81,74,178,68,Arsenal,2024.0,,Jorginho
L. Shaw LB CB,27,82,82,205988,Left,82,LB,0,29500000.0,120000.0,56100000.0,356,85,46,76,84,65,388,78,84,67,77,82,376,74,77,71,80,74,371,80,85,73,77,56,364,85,83,78,80,38,83,242,80,83,79,49,10,12,13,7,7,2146,453,2,76,57,82,79,81,181,75,Manchester United,2027.0,,L. Shaw
J. Vardy ST,36,76,76,208830,Right,76,ST,0,2600000.0,34000.0,4700000.0,376,68,80,76,73,79,334,70,69,60,59,76,360,77,72,69,76,66,348,81,81,61,61,64,365,80,49,83,70,83,78,149,45,51,53,62,15,14,7,15,11,1994,409,3,74,77,68,72,52,179,74,Leicester City,2024.0,,J. Vardy
P. Zieliński CM CAM,29,82,82,210406,Right,83,CAM,0,29500000.0,72000.0,50200000.0,360,73,75,52,85,75,400,87,80,65,81,87,405,80,81,85,80,79,365,79,67,79,57,83,351,56,76,79,82,58,75,222,69,78,75,50,12,9,12,11,6,2153,458,3,81,77,80,85,72,180,75,Napoli,2026.0,,P. Zieliński
W. Burns RM RWB,28,71,71,212484,Right,71,RM,0,1900000.0,14000.0,3600000.0,316,68,68,64,62,54,305,72,67,46,50,70,414,92,90,85,60,87,366,68,81,87,66,64,311,62,61,65,60,63,68,176,62,58,56,51,8,13,13,8,9,1939,421,1,91,66,60,73,60,179,68,Ipswich Town,2025.0,,W. Burns
Á. Correa ST RM,28,82,82,214997,Right,84,RW,0,31000000.0,77000.0,65099999.99999999,391,75,85,71,80,80,387,86,82,66,68,85,432,86,85,90,82,89,403,83,82,84,68,86,361,79,48,85,82,67,79,139,42,53,44,56,13,10,9,8,16,2169,457,2,85,84,77,86,50,171,70,Atlético Madrid,2026.0,,Á. Correa
N. Kanté CDM CM,32,85,85,215914,Right,85,CDM,0,36000000.0,67000.0,57600000.0,322,68,64,54,80,56,331,78,49,49,74,81,395,74,64,78,87,92,358,71,70,82,70,65,378,87,88,72,77,54,82,263,88,90,85,54,15,12,10,7,10,2101,448,4,69,65,73,80,85,168,70,Al Ittihad,2026.0,,N. Kanté
R. Tapia CDM CM CB,27,79,79,220673,Right,79,CDM,0,16500000.0,26000.0,34700000.0,341,65,62,73,77,64,332,66,65,54,74,73,353,69,67,66,74,77,393,78,84,85,86,60,370,81,78,68,75,68,70,244,77,85,82,60,16,14,7,15,8,2093,440,1,68,66,72,69,80,185,80,Celta de Vigo,2024.0,,R. Tapia
V. Lindelöf CB LB,28,79,80,221660,Right,80,CDM,1,16500000.0,105000.0,32600000.0,297,62,42,75,80,38,349,70,67,53,82,77,317,54,63,62,78,60,345,72,76,69,76,52,342,76,83,51,72,60,83,239,80,81,78,52,12,16,8,7,9,1941,409,2,59,51,73,72,80,187,80,Manchester United,2025.0,,V. Lindelöf
A. Maitland-Niles RB CM,25,73,75,225782,Right,74,CM,2,3500000.0,23000.0,6900000.0,297,64,59,55,75,44,328,72,62,50,69,75,362,75,74,73,71,69,349,63,73,79,71,63,356,65,72,67,72,80,70,210,67,75,68,54,15,9,7,10,13,1956,418,2,74,61,69,73,69,180,71,Olympique Lyonnais,2027.0,,A. Maitland-Niles
A. Zendejas RM RW LM,25,74,75,226579,Left,74,RM,1,0.0,0.0,0.0,299,70,69,50,68,42,342,83,56,61,65,77,386,82,84,85,56,79,344,61,71,74,67,71,313,59,60,67,67,60,55,143,37,65,41,48,8,11,12,6,11,1875,413,1,83,66,67,78,52,165,64,United States,,,A. Zendejas
L. Bailey RM ST RW,25,82,83,229906,Left,82,RM,1,36500000.0,100000.0,72100000.0,359,75,79,57,75,73,395,87,79,79,65,85,434,93,87,90,80,84,361,79,76,68,61,77,316,55,28,81,81,71,75,108,45,34,29,60,12,13,6,15,14,2033,429,3,90,78,75,86,38,178,77,Aston Villa,2027.0,,L. Bailey
N. Dorsch CDM CM,25,75,79,231227,Right,77,CM,4,7000000.0,22000.0,13100000.0,335,65,66,61,78,65,357,76,63,63,75,80,371,74,60,80,73,84,381,82,74,76,69,80,348,77,71,64,74,62,73,217,73,73,71,40,12,9,5,9,5,2049,433,2,66,72,73,78,71,175,76,FC Augsburg,2026.0,,N. Dorsch
D. Kamada CAM CM CF,26,81,82,232730,Right,82,CAM,1,30500000.0,60000.0,54100000.0,353,75,75,53,84,66,398,83,78,74,80,83,404,81,78,83,80,82,347,65,68,84,57,73,349,54,52,81,82,80,81,164,53,57,54,44,6,10,11,6,11,2059,433,2,79,73,80,83,54,184,72,Lazio,2027.0,,D. Kamada
Y. Herrera CM CDM,25,80,82,234060,Right,82,CM,2,26500000.0,32000.0,57600000.0,363,67,77,77,82,60,362,80,65,56,80,81,342,65,62,67,80,68,404,82,84,78,81,79,381,82,80,80,79,60,72,238,79,81,78,44,6,7,9,14,8,2134,455,1,63,77,76,78,80,184,77,Girona,2027.0,,Y. Herrera
F. Chiesa LM ST RM,25,84,85,235805,Right,84,LM,1,50500000.0,140000.0,89600000.0,364,75,81,50,78,80,383,89,78,62,72,82,436,91,91,89,84,81,400,86,75,85,70,84,350,74,54,83,77,62,82,152,60,48,44,37,6,7,8,9,7,2122,463,3,91,82,76,86,53,175,70,Juventus,2025.0,,F. Chiesa
M. Kean ST LW,23,78,85,236610,Right,80,ST,7,28500000.0,86000.0,54200000.0,344,48,77,79,68,72,311,77,69,44,46,75,401,84,87,79,72,79,401,84,92,79,80,66,295,60,31,81,58,65,72,106,40,36,30,47,13,8,10,7,9,1905,412,2,86,76,58,76,40,183,72,Juventus,2025.0,,M. Kean
R. Alvarado RM LM,24,77,80,237043,Left,78,CAM,3,0.0,0.0,0.0,338,75,68,58,75,62,363,76,76,65,70,76,390,80,81,81,71,77,372,77,73,82,65,75,331,62,52,71,84,62,68,156,52,52,52,62,8,14,13,13,14,2012,426,1,81,71,76,76,53,176,70,Mexico,,,R. Alvarado
Paik Seung Ho CM CDM,26,73,74,237424,Right,74,CM,1,3600000.0,15000.0,7100000.0,317,61,63,53,75,65,359,75,66,72,72,74,363,72,66,77,67,81,383,76,71,89,73,74,337,63,67,65,74,68,72,190,65,67,58,48,5,12,6,15,10,1997,422,1,69,68,71,75,64,180,78,Birmingham City,2026.0,,Paik Seung Ho
U. Antuna RM LM RW,25,76,77,237997,Right,77,RW,1,0.0,0.0,0.0,309,65,77,43,69,55,323,80,57,48,58,80,421,93,92,92,67,77,320,74,57,81,42,66,271,42,35,77,63,54,71,87,24,31,32,57,10,13,14,9,11,1788,392,1,92,72,64,80,31,174,59,Mexico,,,U. Antuna
J. Clauss RB RWB,30,80,80,239093,Right,80,RB,0,18000000.0,43000.0,34200000.0,346,84,68,62,76,56,375,76,77,76,67,79,414,85,88,83,81,77,366,77,76,82,63,68,341,67,72,75,75,52,76,221,71,76,74,67,15,14,15,8,15,2130,451,2,87,69,76,78,72,178,69,Olympique de Marseille,2025.0,,J. Clauss
N. Lang LW,24,79,84,239380,Right,81,CAM,5,26500000.0,21000.0,39100000.0,351,69,77,49,76,80,369,85,75,57,68,84,422,86,84,88,78,86,356,72,70,79,63,72,349,72,57,75,74,71,82,141,47,51,43,57,13,7,13,12,12,2045,436,1,85,75,72,85,50,179,69,PSV,2028.0,,N. Lang
J. Angulo CB LB LWB,25,74,79,239738,Left,76,CB,5,0.0,0.0,0.0,279,68,33,70,72,36,306,67,59,41,67,72,371,77,81,72,70,71,374,75,81,78,74,66,299,77,72,56,47,47,70,228,76,77,75,51,8,13,9,9,12,1908,413,1,79,50,63,70,75,179,81,Mexico,,,J. Angulo
M. Olivera LB,25,77,80,240716,Left,78,LWB,3,13000000.0,42000.0,23100000.0,303,76,49,68,72,38,322,72,67,41,66,76,334,73,76,66,78,41,331,56,77,78,72,48,326,80,78,64,62,42,68,225,76,75,74,68,14,14,12,13,15,1909,414,1,75,50,68,71,75,184,78,Napoli,2027.0,,M. Olivera
C. Kelleher GK,24,75,80,240913,Right,75,GK,5,7000000.0,47000.0,13500000.0,89,13,6,13,48,9,135,25,12,11,50,37,249,45,39,44,73,48,215,57,65,19,66,8,120,21,12,4,53,30,65,42,18,10,14,373,74,73,76,73,77,1223,416,1,74,73,76,77,43,188,81,Liverpool,2026.0,,C. Kelleher
T. Mitchell LB LWB,23,76,81,240947,Left,76,LB,5,10500000.0,29000.0,20700000.0,259,70,36,53,64,36,286,69,52,39,55,71,377,76,75,76,76,74,286,40,69,76,63,38,319,74,78,63,59,45,61,236,78,80,78,57,9,12,14,8,14,1820,391,1,75,39,61,71,76,175,66,Crystal Palace,2025.0,,T. Mitchell
Igor CB,25,76,81,241585,Left,78,CB,5,10000000.0,58000.0,19800000.0,207,24,22,67,67,27,216,44,32,25,52,63,335,69,74,66,60,66,330,44,82,78,90,36,292,84,76,48,56,28,65,234,76,81,77,56,7,11,9,15,14,1670,370,1,72,31,50,55,77,185,84,Brighton & Hove Albion,2028.0,,Igor
A. Saelemaekers RM RW LM,24,78,82,242664,Right,79,RM,4,20000000.0,52000.0,0.0,335,80,68,45,77,65,375,81,76,67,70,81,401,82,79,87,76,77,343,64,66,80,59,74,322,68,65,74,71,44,74,195,68,66,61,48,9,6,9,12,12,2019,433,1,80,67,75,81,64,180,72,Bologna,,,A. Saelemaekers
M. Vandevoordt GK,21,75,84,242879,Right,75,GK,9,11000000.0,8000.0,18700000.0,95,21,7,15,48,4,131,22,10,8,64,27,237,41,39,52,68,37,217,55,61,37,59,5,111,16,14,5,61,15,52,39,11,10,18,373,77,74,73,73,76,1203,413,1,77,74,73,76,40,192,80,Genk,2024.0,,M. Vandevoordt
B. Mbeumo RW ST,23,79,82,243014,Left,80,LM,3,24000000.0,59000.0,47400000.0,368,77,79,62,72,78,370,79,74,72,69,76,407,87,82,87,76,75,389,82,81,80,72,74,373,82,52,83,76,80,76,131,53,41,37,63,7,14,15,13,14,2101,439,1,84,79,73,78,49,171,75,Brentford,2026.0,,B. Mbeumo
A. El Kaabi ST RM,30,74,74,243586,Left,74,ST,0,0.0,0.0,0.0,349,59,74,73,67,76,296,71,60,50,42,73,375,74,87,73,69,72,371,73,83,68,75,72,300,46,38,76,67,73,61,79,30,22,27,58,15,10,13,13,7,1828,387,1,81,74,60,71,33,182,76,Morocco,,,A. El Kaabi
Eric García CB CDM RB,22,78,83,245037,Right,80,CDM,5,19500000.0,90000.0,0.0,284,54,42,75,82,31,319,66,65,31,81,76,321,55,68,64,78,56,307,51,75,65,72,44,312,76,80,42,70,44,78,239,80,81,78,50,11,9,12,11,7,1832,397,2,62,44,70,70,80,182,76,Girona,,,Eric García
A. Bah RB,25,79,82,245235,Right,80,RWB,3,21500000.0,15000.0,44600000.0,330,75,59,71,71,54,358,75,75,64,70,74,406,89,92,77,78,70,392,81,82,86,78,65,361,84,79,72,75,51,76,220,72,74,74,52,6,12,12,9,13,2119,458,1,91,65,72,75,74,183,75,Benfica,2027.0,,A. Bah
D. Hancko CB LB,25,81,84,247103,Left,83,CB,3,30500000.0,21000.0,45000000.0,329,65,63,81,78,42,358,73,60,72,76,77,367,77,79,74,82,55,391,74,85,80,84,68,360,75,79,69,68,69,77,244,80,81,83,53,14,12,6,7,14,2102,452,2,78,66,72,74,81,188,80,Feyenoord,2028.0,,D. Hancko
J. Dina Ebimbe RM CM RWB,22,76,81,248573,Right,77,RM,5,11500000.0,30000.0,20400000.0,319,67,64,59,78,51,334,76,59,49,72,78,394,84,83,77,76,74,368,71,81,82,77,57,343,76,75,64,71,57,71,204,71,72,61,48,6,11,14,12,5,2010,441,1,83,63,71,76,70,184,80,Eintracht Frankfurt,2027.0,,J. Dina Ebimbe
J. Greaves CB LB,22,72,80,248602,Left,74,CB,8,4900000.0,11000.0,10300000.0,253,60,25,69,70,29,282,62,61,28,66,65,320,67,74,57,68,54,324,55,78,74,79,38,287,76,71,51,55,34,64,216,70,74,72,52,11,9,13,11,8,1734,380,1,71,36,62,62,72,194,87,Hull City,2026.0,,J. Greaves
Javi Guerra CM CDM,20,74,85,266436,Right,76,CAM,11,9000000.0,21000.0,20700000.0,325,63,73,68,76,45,341,72,58,62,74,75,334,63,64,67,75,65,353,70,71,72,68,72,346,59,72,76,76,63,71,209,69,74,66,55,5,12,13,11,14,1963,416,1,64,70,72,72,71,187,77,Valencia,2027.0,,Javi Guerra
Éderson CM CAM,23,79,84,266866,Right,81,CM,5,26500000.0,46000.0,47000000.0,334,64,67,64,80,59,353,79,65,49,78,82,359,72,70,69,78,70,380,74,77,85,75,69,364,79,76,74,78,57,78,229,76,79,74,62,14,10,12,13,13,2081,445,1,71,68,74,78,76,183,86,Atalanta,2026.0,,Éderson
A. Giay RWB RM CM,19,71,83,268657,Right,71,RWB,12,4300000.0,5000.0,7300000.0,303,62,59,57,70,55,294,70,45,45,65,69,361,79,76,73,71,62,314,63,70,72,59,50,315,71,66,62,64,52,60,205,70,68,67,48,6,14,12,6,10,1840,400,1,77,58,64,69,67,180,73,San Lorenzo,2026.0,,A. Giay
S. Nypan CAM CM ST,16,63,84,268737,Right,65,CAM,21,1500000.0,500.0,3400000.0,269,51,56,48,64,50,297,66,56,48,60,67,350,68,66,78,54,84,256,56,45,63,40,52,271,50,48,59,66,48,64,145,44,48,53,63,15,13,15,14,6,1651,345,1,67,55,60,68,47,178,66,Rosenborg,2026.0,,S. Nypan
F. Buonanotte RM CAM,18,69,82,269495,Left,71,CAM,13,3200000.0,11000.0,8100000.0,294,56,66,50,71,51,333,73,59,61,66,74,342,76,72,67,56,71,297,60,62,59,52,64,247,32,23,68,69,55,58,66,20,22,24,47,8,9,7,14,9,1626,349,1,74,63,66,71,25,174,66,Brighton & Hove Albion,2026.0,,F. Buonanotte
N. Labrović GK,23,74,79,271949,Right,74,GK,5,0.0,0.0,0.0,79,12,9,12,39,7,102,15,11,14,41,21,248,41,39,46,71,51,232,49,69,28,78,8,113,31,15,6,43,18,41,54,17,18,19,362,77,70,65,74,76,1190,402,1,77,70,65,76,40,196,91,Croatia,,,N. Labrović
M. Sonko RW LW,18,63,84,271953,Right,64,CAM,21,1500000.0,2000.0,3800000.0,251,47,63,45,50,46,284,68,54,50,45,67,381,82,78,82,56,83,302,64,63,60,55,60,208,27,10,60,58,53,61,45,16,15,14,46,9,10,9,8,10,1517,328,1,80,61,50,69,17,176,65,Gent,2028.0,,M. Sonko
S. Vos CDM CM,18,66,84,272981,Right,67,CDM,18,2100000.0,1000.0,4300000.0,269,52,46,58,67,46,297,60,56,46,69,66,352,75,73,74,64,66,320,71,67,60,72,50,300,76,66,46,63,49,66,184,62,63,59,58,11,13,14,8,12,1780,384,1,74,52,62,64,62,180,74,Ajax,2028.0,,S. Vos
Andrey Santos CM CDM,19,70,84,273018,Right,73,CAM,14,3800000.0,25000.0,0.0,296,48,59,67,76,46,305,76,43,40,73,73,352,77,73,74,62,66,314,55,77,66,68,48,313,67,50,71,73,52,56,201,58,70,73,50,5,10,15,12,8,1831,400,1,75,56,66,73,62,176,64,Strasbourg,,,Andrey Santos
T. Slotsager CB,17,66,83,273628,Right,68,CB,17,2000000.0,500.0,3800000.0,218,36,23,66,59,34,215,42,30,28,57,58,310,67,69,57,63,54,262,38,71,67,65,21,232,69,64,34,34,31,60,200,65,69,66,47,14,10,9,7,7,1484,325,1,68,27,46,51,66,189,79,OB,2025.0,,T. Slotsager
C. Casadei CM,20,68,82,273883,Right,70,CAM,14,2900000.0,24000.0,7300000.0,323,55,65,70,71,62,331,69,63,62,70,67,329,69,71,63,63,63,355,68,76,71,72,68,313,62,60,67,67,57,65,182,60,63,59,49,10,7,10,7,15,1882,401,1,70,66,66,67,62,186,77,Chelsea,2028.0,,C. Casadei
K. Sabbe RB LB,18,67,83,275050,Right,68,RM,16,2500000.0,2000.0,5300000.0,261,70,47,50,69,25,291,68,64,29,64,66,374,79,73,74,63,85,288,59,62,67,51,49,276,58,64,54,60,40,52,185,61,62,62,54,9,12,14,6,13,1729,375,1,76,49,64,68,61,172,68,Club Brugge,2025.0,,K. Sabbe
A. Pavlovic CDM,19,68,82,275298,Right,69,CDM,14,2700000.0,9000.0,6100000.0,281,56,49,63,75,38,331,65,59,63,73,71,303,60,63,61,63,56,292,59,66,55,61,51,270,54,65,40,61,50,64,201,66,66,69,46,6,9,15,9,7,1724,369,1,62,50,67,66,66,188,75,FC Bayern München,2027.0,,A. Pavlovic
S. López CF LW,17,64,85,276822,Right,66,ST,21,1800000.0,750.0,4500000.0,293,50,70,54,59,60,281,62,65,41,50,63,365,79,80,78,58,70,300,66,63,65,52,54,260,50,22,63,62,63,62,64,20,22,22,53,9,15,9,8,12,1616,345,1,80,65,56,64,25,175,60,Independiente,2026.0,,S. López
O. Bobb RW,19,68,82,277295,Left,69,CAM,14,2900000.0,24000.0,7200000.0,292,60,62,48,67,55,324,74,63,58,56,73,383,84,76,81,62,80,252,66,46,50,36,54,253,44,24,59,63,63,66,97,32,34,31,55,11,12,9,15,8,1656,353,1,80,61,63,74,33,174,73,Manchester City,2029.0,,O. Bobb
V. Grifo LM CF,30,81,81,212096,Right,81,LM,0,25000000.0,38000.0,42500000.0,359,88,71,47,80,73,418,82,89,88,76,83,379,75,67,79,80,78,362,85,66,71,65,75,347,52,45,80,78,92,74,109,48,31,30,52,10,12,8,8,14,2026,413,2,71,76,81,81,40,180,76,SC Freiburg,2027.0,,V. Grifo
N. Süle CB RB,27,83,85,212190,Right,85,CB,2,38500000.0,60000.0,68300000.0,301,48,36,78,80,59,293,60,43,38,82,70,301,60,82,34,81,44,372,78,79,59,94,62,302,82,80,42,66,32,84,257,87,87,83,58,15,7,14,7,15,1884,418,3,72,51,67,62,84,195,99,Borussia Dortmund,2026.0,,N. Süle
J. Tah CB,27,83,84,213331,Right,84,CB,1,36500000.0,67000.0,64800000.0,265,39,32,84,77,33,258,60,37,27,68,66,303,55,78,49,81,40,340,60,87,75,92,26,291,82,82,33,56,38,77,246,81,85,80,49,11,8,7,9,14,1752,395,2,68,37,59,62,83,195,94,Bayer 04 Leverkusen,2025.0,,J. Tah
Rafa CF,30,83,83,216547,Right,84,RW,0,35500000.0,25000.0,71000000.0,351,78,79,49,77,68,384,86,81,56,76,85,450,94,93,90,84,89,340,77,62,84,40,77,330,47,58,83,83,59,81,138,52,47,39,51,9,11,11,12,8,2044,437,2,93,77,77,86,50,172,66,Benfica,2024.0,,Rafa
G. Di Lorenzo RB,29,85,85,217870,Right,85,RB,0,47500000.0,86000.0,80800000.0,362,80,66,76,80,60,369,78,69,69,74,79,410,85,85,78,84,78,397,72,88,90,78,69,357,78,83,71,66,59,77,246,82,83,81,43,8,10,8,10,7,2184,470,2,85,67,75,79,82,183,82,Napoli,2028.0,,G. Di Lorenzo
Marco Asensio RW CM,27,83,83,220834,Left,83,RW,0,38500000.0,115000.0,71200000.0,375,81,77,57,81,79,412,83,84,76,82,87,395,83,78,80,78,76,386,88,73,75,63,87,312,45,45,80,80,62,82,121,40,42,39,50,13,9,6,12,10,2051,431,3,80,81,81,83,43,182,76,Paris Saint Germain,2026.0,,Marco Asensio
E. Skhiri CDM CM,28,81,82,225126,Right,81,CDM,1,25000000.0,46000.0,44400000.0,357,67,76,75,79,60,363,76,72,55,83,77,347,65,61,74,83,64,382,75,75,93,67,72,367,77,86,75,71,58,82,234,82,79,73,65,15,14,8,14,14,2115,442,2,63,73,74,76,80,185,74,Eintracht Frankfurt,2027.0,,E. Skhiri
G. Lo Celso CAM ST,27,80,80,226226,Left,80,CAM,0,22500000.0,88000.0,42800000.0,366,78,73,62,82,71,411,84,82,79,82,84,381,72,69,80,80,80,368,80,73,72,69,74,376,82,70,75,84,65,82,205,64,73,68,56,10,7,10,15,14,2163,449,2,70,74,81,83,68,177,68,Tottenham Hotspur,2025.0,,G. Lo Celso
W. Ndidi CDM CM,26,79,80,226790,Right,79,CDM,1,18500000.0,48000.0,34700000.0,347,72,61,71,77,66,343,74,59,60,74,76,344,64,70,66,79,65,377,76,79,81,77,64,364,85,81,72,70,56,76,237,81,80,76,54,13,14,7,7,13,2066,437,2,67,65,72,74,79,183,74,Leicester City,2024.0,,W. Ndidi
S. Berge CM,25,75,78,228092,Right,79,CB,3,7500000.0,40000.0,15600000.0,337,66,63,79,78,51,351,75,72,51,76,77,307,55,69,56,73,54,396,76,86,81,91,62,345,74,74,69,74,54,81,219,75,75,69,51,14,9,10,8,10,2006,434,1,63,65,73,73,75,195,96,Burnley,2027.0,,S. Berge
L. Pellegrini CAM CM CF,27,83,84,228251,Right,85,CM,1,42000000.0,88000.0,74600000.0,385,74,75,74,88,74,403,80,74,79,83,87,405,79,79,80,85,82,402,79,83,90,74,76,393,74,72,80,87,80,84,223,73,77,73,53,12,7,10,13,11,2264,473,2,79,76,83,83,74,186,77,Roma,2026.0,,L. Pellegrini
M. Akanji CB,27,82,83,229237,Right,83,CB,1,30500000.0,130000.0,58700000.0,296,55,38,79,82,42,339,71,54,59,80,75,372,75,82,66,82,67,367,75,89,71,84,48,301,77,82,37,65,40,78,250,83,85,82,47,10,9,13,6,9,1972,432,2,79,48,70,72,83,187,91,Manchester City,2027.0,,M. Akanji
A. Disasi CB RB,25,79,83,229942,Right,81,CB,4,22000000.0,89000.0,43500000.0,275,39,42,80,70,44,261,55,49,29,63,65,263,43,66,39,79,36,356,72,81,73,90,40,300,77,80,45,55,43,72,237,81,81,75,45,12,8,11,8,6,1737,382,2,56,48,57,58,80,190,86,Chelsea,2029.0,,A. Disasi
A. Lookman ST RM RW,25,81,83,230899,Right,84,CAM,2,33000000.0,62000.0,58600000.0,377,66,86,66,79,80,352,87,69,51,60,85,432,88,84,90,85,85,370,79,80,69,67,75,318,62,32,85,77,62,78,74,27,23,24,54,12,12,9,15,6,1977,421,1,86,81,71,86,30,174,71,Atalanta,2026.0,,A. Lookman
L. Malagón GK,26,76,80,232654,Right,76,GK,4,0.0,0.0,0.0,63,11,9,13,25,5,67,8,13,13,17,16,177,25,24,21,63,44,184,54,52,21,51,6,86,27,13,4,28,14,42,39,15,10,14,379,79,75,72,75,78,995,404,1,79,75,72,78,25,181,75,Mexico,,,L. Malagón
X. Schlager CDM CM,25,81,83,233195,Left,82,CDM,2,29000000.0,54000.0,51500000.0,309,59,66,44,80,60,369,78,73,60,80,78,381,74,74,75,81,77,384,78,68,86,76,76,377,85,83,75,78,56,74,227,77,77,73,41,6,8,8,12,7,2088,451,2,74,70,74,78,75,174,76,RB Leipzig,2026.0,,X. Schlager
G. Hirst ST,24,70,75,233602,Right,72,ST,5,2400000.0,11000.0,4700000.0,310,40,70,70,65,65,267,64,52,39,44,68,343,70,79,63,66,65,364,71,80,70,80,63,279,64,24,70,57,64,67,105,40,35,30,58,13,13,13,10,9,1726,372,1,75,68,53,65,37,191,81,Ipswich Town,2027.0,,G. Hirst
J. Foyth RB,25,80,83,237221,Right,82,CB,3,25500000.0,34000.0,55500000.0,316,73,43,78,79,43,324,69,61,47,69,78,359,70,72,68,78,71,331,56,84,72,77,42,324,79,80,53,65,47,67,243,81,82,80,53,8,15,7,14,9,1950,418,1,71,46,71,72,81,187,83,Villarreal,2026.0,,J. Foyth
S. Bueno CB,24,77,82,237658,Right,79,CB,5,14500000.0,47000.0,28600000.0,219,30,20,76,73,20,255,47,36,35,68,69,271,52,49,44,77,49,318,56,79,73,80,30,276,77,79,30,50,40,67,231,78,78,75,45,5,8,9,13,10,1615,348,1,50,31,55,56,78,190,76,Wolverhampton Wanderers,2028.0,,S. Bueno
J. Cumming GK,23,66,71,238070,Right,66,GK,5,1000000.0,2000.0,1800000.0,90,13,5,21,44,7,114,16,12,14,47,25,242,38,40,52,62,50,208,50,59,32,58,9,117,29,13,8,50,17,49,45,19,12,14,329,66,65,66,65,67,1145,368,1,66,65,66,67,39,185,79,Oxford United,2024.0,,J. Cumming
N. Milenković CB,25,79,82,238095,Right,81,CB,3,20500000.0,50000.0,36400000.0,291,66,38,83,69,35,268,60,43,29,66,70,289,67,62,50,76,34,365,60,88,79,84,54,276,84,78,25,55,34,78,237,78,81,78,49,8,7,13,7,14,1775,395,2,64,45,62,62,79,195,90,Fiorentina,2027.0,,N. Milenković
D. Zagadou CB,24,77,79,238476,Left,79,CB,2,12000000.0,21000.0,21300000.0,255,46,26,86,72,25,235,51,37,25,70,52,253,48,67,33,71,34,333,66,80,69,93,25,269,75,74,31,59,30,70,224,74,80,70,55,9,13,5,14,14,1624,363,2,58,34,60,51,77,196,90,VfB Stuttgart,2026.0,,D. Zagadou
A. Papadopoulos CB CDM,23,67,72,240008,Right,69,CB,5,1400000.0,10000.0,2500000.0,193,28,22,55,59,29,208,53,23,30,44,58,321,63,66,64,64,64,314,41,82,76,82,33,270,82,64,37,52,35,59,194,65,66,63,49,8,11,7,13,10,1549,343,1,65,30,46,57,64,185,83,Borussia Dortmund,2024.0,,A. Papadopoulos
Miranda LB,23,78,84,240915,Left,78,LB,6,21000000.0,20000.0,48300000.0,329,80,55,73,76,45,365,77,74,73,63,78,378,82,85,73,72,66,363,79,82,68,65,69,324,74,72,68,66,44,65,226,71,78,77,46,11,8,12,9,6,2031,437,1,84,62,73,76,74,185,76,Real Betis,2024.0,,Miranda
O. Skipp CDM CM,22,77,82,241042,Right,78,CDM,5,15000000.0,56000.0,29600000.0,260,52,41,51,78,38,322,69,61,42,76,74,344,69,60,65,76,74,312,63,65,73,66,45,337,80,78,54,71,54,74,232,77,77,78,41,8,12,9,7,5,1848,396,1,64,47,68,71,75,175,70,Tottenham Hotspur,2027.0,,O. Skipp
S. Tonali CDM CM,23,86,89,241096,Right,87,CDM,3,84000000.0,140000.0,165900000.0,370,78,69,70,85,68,402,78,75,81,83,85,414,81,86,81,83,83,415,82,84,84,82,83,386,84,84,75,79,64,84,248,83,84,81,44,13,9,8,7,7,2279,485,3,84,74,81,81,82,181,79,Newcastle United,2028.0,,S. Tonali
M. Guéhi CB,22,78,84,241159,Right,80,CB,6,20500000.0,34000.0,43100000.0,263,35,42,77,77,32,293,67,45,32,75,74,362,70,77,69,81,65,308,49,84,72,77,26,279,73,79,35,54,38,75,239,81,80,78,52,8,9,11,12,12,1796,398,2,74,39,60,70,80,182,82,Crystal Palace,2026.0,,M. Guéhi
J. Ferreira ST CAM CF,22,75,80,241487,Right,78,ST,5,8500000.0,9000.0,13000000.0,351,69,72,71,74,65,345,73,68,57,69,78,415,76,90,83,80,86,367,77,76,84,59,71,313,60,31,79,74,69,72,132,40,53,39,56,13,12,12,13,6,1979,415,1,84,73,71,76,45,175,64,Dallas,2025.0,,J. Ferreira
C. Baumgartner CAM CM ST,23,79,84,242187,Right,81,CAM,5,26500000.0,48000.0,47000000.0,363,63,76,71,79,74,357,82,66,52,77,80,389,82,70,81,77,79,333,75,73,71,49,65,322,63,34,79,81,65,76,136,31,55,50,55,10,11,9,14,11,1955,407,2,75,73,74,81,45,180,73,RB Leipzig,2028.0,,C. Baumgartner
O. Solet CB,23,76,83,242238,Right,78,CB,7,14000000.0,15000.0,23800000.0,246,31,35,68,79,33,277,69,35,34,71,68,331,74,86,65,70,36,359,64,84,84,88,39,309,77,75,59,56,42,69,224,77,75,72,65,12,14,10,14,15,1811,410,1,81,43,59,67,75,192,88,Salzburg,2025.0,,O. Solet
N. Williams RB RWB,22,74,80,243057,Right,74,RB,6,6500000.0,39000.0,13700000.0,280,74,43,54,73,36,327,73,58,55,68,73,366,74,75,73,71,73,294,55,65,74,57,43,293,66,72,52,58,45,67,212,69,74,69,57,10,11,7,14,15,1829,395,1,75,46,68,73,70,183,72,Nottingham Forest,2026.0,,N. Williams
Y. Adli CDM CM CAM,22,76,82,243627,Right,79,CM,6,11000000.0,41000.0,20900000.0,351,74,66,62,81,68,390,75,77,75,85,78,363,72,73,72,77,69,364,72,75,72,71,74,354,73,72,71,78,60,78,210,71,71,68,59,14,12,9,10,14,2091,439,1,73,69,79,76,70,186,78,Milan,2026.0,,Y. Adli
Barrenetxea LW RW,21,75,83,246672,Right,76,LW,8,12500000.0,23000.0,28800000.0,343,74,74,58,71,66,322,78,64,43,60,77,400,80,76,85,75,84,303,75,61,58,42,67,259,35,17,75,73,59,74,59,33,12,14,53,13,11,11,5,13,1739,367,1,78,72,69,78,24,175,74,Real Sociedad,2030.0,,Barrenetxea
Sergio Camello ST,22,75,84,248805,Right,78,CAM,9,12500000.0,18000.0,28800000.0,343,48,77,72,75,71,341,78,68,58,58,79,360,69,71,68,80,72,345,75,72,66,56,76,283,42,23,79,76,63,75,64,33,18,13,56,13,8,13,11,11,1792,374,1,70,76,66,77,28,177,69,Rayo Vallecano,2027.0,,Sergio Camello
A. Hickey RB RWB LB,21,76,82,248808,Right,76,RB,6,11500000.0,32000.0,24200000.0,315,73,48,62,76,56,324,78,62,40,69,75,356,75,75,71,71,64,332,64,70,78,59,61,321,78,69,59,67,48,72,225,75,76,74,53,13,14,8,13,5,1926,416,1,75,55,70,75,73,185,72,Brentford,2026.0,,A. Hickey
Mateu Morey RB RM,23,71,77,248820,Right,72,RWB,6,2800000.0,19000.0,5300000.0,275,71,49,41,75,39,317,75,63,40,64,75,379,77,66,80,72,84,240,51,56,49,52,32,309,75,75,62,59,38,63,211,69,69,73,38,6,13,7,7,5,1769,383,1,71,46,67,75,68,173,67,Borussia Dortmund,2024.0,,Mateu Morey
R. Pepi ST,20,73,84,251223,Right,75,ST,11,6500000.0,12000.0,10400000.0,325,43,80,68,67,67,313,68,61,51,59,74,341,70,72,66,70,63,355,74,68,76,72,65,296,62,41,74,52,67,67,108,34,40,34,54,11,14,9,10,10,1792,383,1,71,74,57,69,41,185,74,PSV,2028.0,,R. Pepi
R. Zalazar CAM CM CDM,23,75,81,251377,Right,77,CAM,6,9000000.0,12000.0,19800000.0,335,67,70,54,76,68,370,78,72,73,72,75,401,79,80,85,72,85,384,84,71,84,65,80,349,77,61,72,72,67,70,191,64,65,62,40,7,7,9,5,12,2070,439,1,80,75,72,77,63,178,78,Sporting Braga,2028.0,,R. Zalazar
Renan Lodi LB LWB,25,78,81,251573,Left,79,LWB,3,17000000.0,36000.0,28500000.0,350,80,65,70,76,59,367,77,81,57,75,77,397,82,77,80,76,82,372,76,79,82,67,68,351,77,73,74,72,55,76,224,72,75,77,55,12,7,11,10,15,2116,444,1,79,67,75,77,73,173,68,Al Hilal,2027.0,,Renan Lodi
L. Chevalier GK,21,79,85,251752,Right,79,GK,6,23000000.0,18000.0,48300000.0,67,12,9,12,25,9,82,14,15,14,22,17,245,47,43,38,79,38,214,54,60,39,53,8,103,23,10,7,47,16,45,31,10,10,11,385,79,76,72,78,80,1127,430,1,79,76,72,80,45,189,78,LOSC Lille,2027.0,,L. Chevalier
A. Vranckx CM CDM,20,74,81,252027,Right,76,CM,7,8500000.0,26000.0,16200000.0,330,64,64,65,78,59,354,79,68,58,71,78,347,73,51,74,75,74,372,77,78,76,75,66,326,77,70,70,68,41,71,209,68,72,69,55,9,14,13,12,7,1993,420,1,61,66,71,77,69,183,78,VfL Wolfsburg,2025.0,,A. Vranckx
Eduardo Quaresma CB,21,73,85,252144,Right,75,CB,12,7000000.0,7000.0,15400000.0,265,66,28,71,70,30,286,77,43,35,60,71,345,81,74,55,70,65,292,44,88,60,77,23,272,75,70,28,56,43,73,223,69,76,78,46,9,13,8,8,8,1729,387,1,77,31,62,72,72,184,76,Sporting CP,2025.0,,Eduardo Quaresma
M. Carnesecchi GK,23,81,87,252154,Right,81,GK,6,33000000.0,37000.0,62700000.0,82,11,8,20,36,7,96,14,18,12,31,21,198,24,39,40,70,25,203,53,57,28,55,10,120,27,13,9,54,17,40,43,16,15,12,397,83,78,70,82,84,1139,427,1,83,78,70,84,30,191,83,Atalanta,2026.0,,M. Carnesecchi
P. Reyna LB LM,21,69,74,254204,Left,69,LB,5,2000000.0,500.0,4600000.0,282,67,47,58,65,45,267,45,55,44,56,67,397,83,84,86,67,77,362,67,76,81,69,69,281,55,66,62,65,33,52,179,62,60,57,51,6,10,15,9,11,1819,392,1,84,55,63,59,61,183,77,Melgar,2027.0,,P. Reyna
K. Saito LM,21,71,82,255594,Right,72,CAM,11,4200000.0,6000.0,6900000.0,319,61,69,56,67,66,337,75,66,66,57,73,389,82,77,85,65,80,308,62,64,71,46,65,274,64,18,68,64,60,68,69,15,26,28,51,11,8,13,9,10,1747,365,1,79,66,64,75,24,170,59,Sparta Rotterdam,2025.0,,K. Saito
Y. Keitel CDM CM CB,23,71,76,256118,Right,73,CB,5,2600000.0,13000.0,4600000.0,281,49,44,75,72,41,294,62,42,49,70,71,330,63,67,66,70,64,324,58,79,65,73,49,309,79,68,49,65,48,64,205,64,74,67,49,13,8,11,10,7,1792,384,1,65,48,63,66,69,186,86,SC Freiburg,2024.0,,Y. Keitel
O. Bukari RW ST,24,72,74,258608,Right,72,RW,2,0.0,0.0,0.0,296,59,67,46,66,58,303,76,61,48,46,72,404,87,83,85,66,83,343,67,69,73,63,71,287,61,28,70,67,61,69,115,21,56,38,47,13,6,14,7,7,1795,390,1,85,67,61,75,37,170,68,Ghana,,,O. Bukari
A. Cambiaso LWB RM LM,23,77,84,258966,Left,77,LWB,7,20000000.0,66000.0,38000000.0,317,78,56,53,75,55,355,78,69,60,69,79,380,78,78,75,75,74,326,64,69,75,61,57,330,69,70,72,73,46,74,215,70,73,72,53,13,7,7,13,13,1976,422,1,78,58,73,77,69,182,77,Juventus,2027.0,,A. Cambiaso
R. Drăgușin CB,21,72,84,260105,Right,74,CB,12,5500000.0,31000.0,11600000.0,236,36,27,70,65,38,249,60,37,33,60,59,336,69,78,63,67,59,322,56,79,67,80,40,259,66,71,25,48,49,70,222,70,77,75,53,10,11,14,12,6,1677,371,1,74,37,52,61,73,191,80,Tottenham Hotspur,2029.0,,R. Drăgușin
D. Scarlett ST LW,19,64,78,261025,Right,66,ST,14,1400000.0,10000.0,3500000.0,289,48,64,61,57,59,262,64,52,41,40,65,370,83,77,80,59,71,326,64,77,64,64,57,257,57,13,65,55,67,64,51,17,16,18,46,12,8,7,5,14,1601,343,1,80,63,51,66,20,179,73,Tottenham Hotspur,2027.0,,D. Scarlett
Z. Amdouni ST CAM,22,73,82,262642,Right,77,CAM,9,7000000.0,34000.0,15400000.0,337,58,75,65,74,65,342,76,62,60,67,77,360,72,72,75,73,68,371,74,77,72,73,75,319,59,47,75,76,62,71,130,43,42,45,51,6,9,8,14,14,1910,406,1,72,74,69,75,46,185,79,Burnley,2028.0,,Z. Amdouni
R. Onyedika CDM CM,22,75,82,262880,Right,76,CDM,7,10500000.0,17000.0,17900000.0,294,51,59,60,73,51,314,70,59,44,68,73,359,74,74,68,70,73,388,80,78,86,76,68,325,80,77,54,66,48,74,216,73,74,69,50,9,5,12,13,11,1946,424,1,74,64,64,71,72,184,79,Club Brugge,2027.0,,R. Onyedika
B. Locko LB,21,76,82,263908,Left,76,LB,6,11500000.0,13000.0,25300000.0,291,72,48,71,72,28,311,73,60,42,60,76,357,72,78,67,71,69,332,59,78,73,67,55,299,68,74,56,52,49,66,223,72,75,76,52,13,11,7,9,12,1865,406,1,75,51,64,73,74,180,65,Stade Brestois 29,2027.0,,B. Locko
S. Edozie LW LM RW,20,67,82,263953,Right,68,RM,15,2500000.0,12000.0,6300000.0,268,66,57,37,61,47,288,75,52,42,50,69,368,81,79,75,59,74,276,61,55,60,50,50,242,38,23,62,59,60,61,89,22,31,36,50,13,11,10,7,9,1581,345,1,80,56,59,72,28,181,71,Southampton,2027.0,,S. Edozie
S. Bamba LM,19,64,80,264543,Right,65,RM,16,1500000.0,5000.0,3500000.0,263,61,54,29,64,55,272,70,57,35,45,65,390,84,78,85,58,85,235,52,47,50,44,42,204,32,25,52,56,39,48,68,27,20,21,44,7,5,12,5,15,1476,324,1,81,50,57,69,24,179,70,Borussia Dortmund,2024.0,,S. Bamba
A. Ramsey LM CM CAM,20,70,82,266270,Right,72,CAM,12,3800000.0,18000.0,8400000.0,284,57,66,42,70,49,341,72,64,62,71,72,360,76,70,78,62,74,311,65,59,68,59,60,297,53,51,69,70,54,65,150,45,57,48,56,9,13,14,12,8,1799,385,1,73,63,67,72,50,181,73,Burnley,2028.0,,A. Ramsey
22 Iniesta CAM CM,37,79,79,41,Right,79,CAM,0,5500000.0,10000.0,7200000.0,366,75,69,54,89,79,404,82,80,72,83,87,303,55,44,60,68,76,275,67,40,48,50,70,353,58,59,76,89,71,89,172,68,54,50,45,6,13,6,13,7,1918,394,4,49,70,84,81,59,171,68,Vissel Kobe,2024.0,22,Iniesta
23 David Silva CAM CM,36,83,83,168542,Left,83,CAM,0,12000000.0,37000.0,25200000.0,376,83,70,53,89,81,413,84,82,77,84,86,375,69,55,80,82,89,311,72,58,65,45,71,354,56,50,84,89,75,90,140,58,53,29,46,6,15,7,6,12,2015,409,4,61,72,86,85,52,173,67,Real Sociedad,2024.0,23,David Silva
O. Giroud ST,36,83,83,178509,Left,83,ST,0,12500000.0,72000.0,21300000.0,414,64,88,90,84,88,362,73,73,65,64,87,285,44,49,55,84,53,393,87,84,61,90,71,373,76,42,89,78,88,86,94,37,37,20,49,12,15,11,6,5,1970,403,3,47,84,74,76,42,193,91,Milan,2024.0,,O. Giroud
N. Matić CDM CM,34,80,80,191202,Left,80,CDM,0,7000000.0,40000.0,13300000.0,351,68,59,70,83,71,377,78,70,63,82,84,245,32,36,47,81,49,375,84,68,74,82,67,351,77,77,61,72,64,88,231,82,78,71,57,7,15,12,14,9,1987,409,3,34,67,76,76,78,194,85,Olympique Lyonnais,2026.0,,N. Matić
M. Icardi ST,30,81,81,201399,Right,81,ST,0,25500000.0,58000.0,48500000.0,383,47,85,90,79,82,341,71,72,52,69,77,348,66,67,68,76,71,385,81,87,71,76,70,338,65,29,84,79,81,85,97,40,37,20,43,13,9,5,7,9,1935,403,3,67,81,69,73,40,181,79,Galatasaray,2026.0,,M. Icardi
R. Varane CB,30,83,83,201535,Right,83,CB,0,30000000.0,135000.0,57000000.0,292,42,46,84,78,42,316,67,46,52,76,75,333,73,80,60,81,39,337,52,90,58,84,53,318,78,83,55,59,43,79,249,84,86,79,50,11,11,9,5,14,1895,420,3,77,49,64,69,84,191,81,Manchester United,2024.0,,R. Varane
V. van Dijk CB,31,89,89,203376,Right,89,CB,0,70500000.0,220000.0,130400000.0,317,53,52,87,80,45,363,70,60,70,86,77,350,66,87,59,88,50,399,81,89,72,93,64,349,85,88,47,67,62,89,267,90,91,86,58,13,10,13,11,11,2103,456,4,78,60,71,72,89,193,92,Liverpool,2025.0,,V. van Dijk
S. Banza ST,26,80,81,231652,Right,81,ST,1,25000000.0,22000.0,51900000.0,344,36,83,84,65,76,315,75,54,52,52,82,366,73,76,71,80,66,398,80,90,73,81,74,313,67,30,82,64,70,73,83,42,23,18,35,8,7,9,5,6,1854,400,1,75,80,56,76,36,189,77,Sporting Braga,2027.0,,S. Banza
L. Jović ST,25,78,80,232432,Right,80,ST,2,18000000.0,62000.0,32000000.0,380,67,80,80,72,81,349,76,77,56,61,79,376,73,72,73,80,78,387,81,87,66,78,75,301,62,23,80,70,66,78,67,25,26,16,49,8,7,12,9,13,1909,398,1,72,79,68,77,30,181,85,Milan,2024.0,,L. Jović
L. Robertone CM CAM CDM,26,79,80,235008,Right,80,CAM,1,20500000.0,32000.0,44600000.0,359,71,76,72,80,60,393,79,81,75,78,80,405,85,80,88,75,77,393,80,88,86,62,77,381,82,77,75,78,69,68,216,60,79,77,61,7,15,11,14,14,2208,459,2,82,76,77,79,72,169,66,Almería,2028.0,,L. Robertone
F. Medina CB,24,80,84,236804,Left,82,CB,4,27000000.0,34000.0,53300000.0,283,62,39,74,79,29,306,70,52,32,76,76,356,69,77,62,81,67,292,27,83,69,81,32,339,84,80,63,68,44,79,242,79,82,81,56,13,5,12,13,13,1874,409,2,73,36,69,72,80,184,77,Lens,2028.0,,F. Medina
K. Diatta RM,24,75,78,238227,Right,76,RM,3,7500000.0,36000.0,14800000.0,332,66,68,62,68,68,338,79,62,58,64,75,416,90,91,89,70,76,368,73,78,84,61,72,302,57,48,69,69,59,70,147,55,42,50,52,10,8,11,11,12,1955,421,1,91,69,66,78,50,175,69,Monaco,2025.0,,K. Diatta
J. Beste LM,24,77,80,240451,Left,78,LM,3,14500000.0,27000.0,27200000.0,315,83,74,41,75,42,395,77,85,83,75,75,396,80,86,82,67,81,352,77,60,86,55,74,320,62,62,70,68,58,70,184,62,61,61,50,13,8,7,14,8,2012,431,1,83,72,76,76,60,175,66,Heidenheim,2025.0,,J. Beste
R. Baku RB RM,25,77,80,240709,Right,80,RM,3,13000000.0,37000.0,23100000.0,333,75,71,49,75,63,357,82,79,48,70,78,413,84,79,85,75,90,385,77,74,88,73,73,360,74,75,76,75,60,76,220,72,74,74,46,12,8,7,10,9,2114,455,2,81,72,73,81,71,176,72,VfL Wolfsburg,2025.0,,R. Baku
O. Solbakken RM RW LW,24,73,76,242090,Left,74,LM,3,0.0,0.0,0.0,301,67,73,40,70,51,322,72,66,50,60,74,380,80,82,82,65,71,346,68,64,83,66,65,303,58,44,74,66,61,66,99,39,32,28,52,9,12,13,7,11,1803,395,1,81,69,66,73,37,189,82,Norway,,,O. Solbakken
Hugo Duro ST LM,23,77,81,243032,Left,79,ST,4,15500000.0,32000.0,33700000.0,372,66,81,80,71,74,318,74,52,51,66,75,357,72,74,69,73,69,381,76,85,75,73,72,327,60,50,80,68,69,74,124,44,40,40,57,8,14,6,14,15,1936,410,1,73,77,67,74,47,177,70,Valencia,2026.0,,Hugo Duro
B. Mumba LWB LW RWB,21,71,79,243353,Right,72,RM,8,4000000.0,8000.0,8199999.999999999,282,67,66,49,68,32,318,71,65,46,66,70,421,87,82,90,69,93,306,60,62,73,49,62,302,61,63,65,65,48,68,197,66,67,64,56,14,9,8,11,14,1882,406,1,84,61,66,73,64,163,61,Plymouth Argyle,2027.0,,B. Mumba
D. Spence RWB RB,22,74,80,243702,Right,74,RWB,6,6500000.0,46000.0,0.0,256,72,38,51,68,27,287,77,57,28,53,72,394,87,88,79,73,67,307,54,72,73,63,45,263,46,72,56,52,37,65,204,67,73,64,45,13,8,7,11,6,1756,397,1,88,43,61,74,68,185,71,Genoa,,,D. Spence
Trincão RW RM LW,23,78,84,244778,Left,80,CAM,6,22000000.0,15000.0,48400000.0,353,69,79,66,71,68,372,84,82,56,66,84,379,77,77,84,76,65,349,75,72,69,56,77,310,50,35,79,79,67,81,107,37,36,34,42,5,9,6,15,7,1912,406,1,77,77,71,83,39,184,76,Sporting CP,2026.0,,Trincão
J. Gelhardt CAM ST CF,21,70,79,246053,Left,72,CAM,9,3600000.0,17000.0,7600000.0,309,48,68,61,67,65,311,76,57,45,58,75,378,75,74,82,68,79,356,76,74,71,68,67,287,63,23,71,65,65,69,73,32,23,18,47,6,13,6,10,12,1761,376,1,74,69,60,76,29,175,76,Leeds United,2027.0,,J. Gelhardt
Iván Jaime LM CAM ST,22,75,83,246070,Right,77,CAM,8,12500000.0,11000.0,27500000.0,342,68,73,60,73,68,362,78,70,65,70,79,362,76,73,74,73,66,362,73,75,68,69,77,309,44,53,73,72,67,73,147,47,52,48,50,9,14,10,11,6,1934,410,1,74,73,71,77,51,180,75,Porto,2028.0,,Iván Jaime
Bryan Gil LW LM,22,77,83,246785,Left,78,CAM,6,17000000.0,68000.0,35700000.0,325,79,73,34,75,64,372,82,68,72,72,78,395,77,74,89,76,79,250,64,47,45,34,60,283,52,30,78,71,52,81,93,31,32,30,49,13,10,14,6,6,1767,369,1,75,67,74,81,31,175,65,Tottenham Hotspur,2026.0,,Bryan Gil
Iván Martín CM CAM RM,24,80,83,246928,Left,82,CAM,3,28500000.0,29000.0,62000000.0,350,80,77,47,83,63,391,83,80,65,80,83,378,76,74,78,78,72,332,73,61,71,53,74,362,55,76,81,80,70,77,205,66,74,65,42,13,6,11,6,6,2060,437,1,75,75,80,81,68,178,70,Girona,2026.0,,Iván Martín
André Almeida CM CAM,23,75,81,247729,Right,77,CM,6,9000000.0,26000.0,20700000.0,313,69,57,46,78,63,385,76,75,80,79,75,373,75,69,75,75,79,342,75,62,69,59,77,348,67,76,69,78,58,82,200,66,69,65,40,6,9,12,8,5,2001,420,1,72,66,76,76,67,176,62,Valencia,2028.0,,André Almeida
T. Krauß CDM CM,22,75,82,251392,Right,76,CDM,7,10500000.0,20000.0,21000000.0,313,51,61,64,75,62,315,73,50,47,70,75,363,74,78,70,73,68,370,73,74,84,68,71,369,86,72,72,70,69,65,219,71,76,72,43,7,11,5,12,8,1992,429,1,76,66,66,73,72,182,75,FSV Mainz 05,2027.0,,T. Krauß
R. Yılmaz LB,22,74,81,252208,Left,76,LWB,7,8000000.0,34000.0,16000000.0,297,73,51,51,71,51,333,77,75,41,66,74,424,88,84,90,78,84,315,68,65,75,49,58,305,62,71,70,60,42,70,207,70,70,67,58,11,12,9,13,13,1939,413,1,86,56,67,77,68,174,60,Rangers,2027.0,,R. Yılmaz
Adrián Bernabé CAM CDM CM,22,74,83,252794,Left,76,CAM,9,9500000.0,5000.0,17100000.0,311,65,69,46,75,56,380,77,75,74,75,79,381,80,73,82,65,81,336,72,63,76,55,70,342,70,68,67,73,64,76,204,67,72,65,48,8,12,9,10,9,2002,426,1,76,69,73,78,66,175,68,Parma,2026.0,,Adrián Bernabé
W. Singo CB RB,22,78,84,252802,Right,80,CB,6,20500000.0,39000.0,43100000.0,329,73,55,76,75,50,324,74,67,40,70,73,357,71,83,67,76,60,374,72,88,78,85,51,334,83,75,66,64,46,75,228,73,78,77,44,11,6,7,13,7,1990,436,1,78,57,70,72,76,190,79,Monaco,2028.0,,W. Singo
Z. Debast CB,19,73,84,254262,Right,75,CDM,11,6000000.0,10000.0,10200000.0,297,64,51,71,74,37,339,69,60,61,76,73,318,58,73,60,74,53,337,61,75,74,71,56,308,75,71,53,67,42,71,222,72,77,73,38,6,6,15,6,5,1859,404,1,66,53,70,69,73,188,73,Anderlecht,2025.0,,Z. Debast
M. Dárdai CDM CB,21,72,78,256780,Left,74,CB,6,3500000.0,7000.0,6300000.0,260,63,25,69,68,35,280,60,44,38,76,62,326,66,61,65,69,65,309,58,75,68,74,34,279,68,75,31,69,36,69,219,72,74,73,59,15,11,11,8,14,1732,370,1,63,35,66,62,73,188,77,Hertha BSC,2025.0,,M. Dárdai
Tiago Tomás ST RM CF,21,74,82,257073,Right,76,ST,8,9500000.0,29000.0,18100000.0,316,42,71,67,68,68,330,78,65,51,59,77,403,84,91,77,72,79,360,76,79,76,67,62,303,61,40,74,58,70,66,101,35,37,29,51,8,14,9,13,7,1864,401,1,88,70,58,77,39,180,78,VfL Wolfsburg,2027.0,,Tiago Tomás
H. Ekitike ST,21,75,81,257289,Right,77,ST,6,9000000.0,49000.0,0.0,332,51,79,73,68,61,312,77,58,48,53,76,352,72,72,68,72,68,360,76,81,62,72,69,283,61,18,78,63,63,70,57,24,17,16,45,8,8,7,10,12,1741,375,1,72,75,60,75,25,189,70,Eintracht Frankfurt,,,H. Ekitike
V. Kristiansen LB,20,74,80,259762,Left,75,LWB,6,6000000.0,24000.0,0.0,299,71,52,55,67,54,326,72,63,55,64,72,365,75,74,71,72,73,343,66,73,83,71,50,314,74,71,61,56,52,66,219,71,75,73,46,10,10,8,12,6,1912,411,1,74,55,64,72,71,181,77,Bologna,,,V. Kristiansen
C. Patino CM CDM,19,68,85,260144,Left,71,CDM,17,3100000.0,18000.0,0.0,286,64,46,59,74,43,337,67,64,62,74,70,323,68,58,72,61,64,287,56,61,76,53,41,322,68,71,59,72,52,64,193,62,65,66,52,14,9,12,6,11,1800,377,1,63,48,71,68,65,182,75,Swansea City,,,C. Patino
E. Baggott CB,20,61,69,260798,Left,63,CB,8,675000.0,2000.0,0.0,175,26,22,63,44,20,175,35,28,29,33,50,249,57,56,43,57,36,271,30,76,66,81,18,206,57,58,25,28,38,54,180,61,61,58,39,8,8,5,11,7,1295,288,1,56,24,34,42,60,194,86,Bristol Rovers,,,E. Baggott
A. Zaroury LM ST,22,74,83,260843,Right,75,RM,9,9500000.0,34000.0,0.0,323,71,69,52,70,61,337,76,69,52,65,75,408,86,82,84,69,87,340,73,69,74,57,67,269,52,28,69,70,50,71,67,18,27,22,48,10,10,11,11,6,1792,385,1,84,68,69,76,27,178,68,Hull City,,,A. Zaroury
S. Biuk LM RM LW,20,71,83,262585,Right,72,RM,12,4500000.0,4000.0,0.0,284,60,66,48,64,46,313,75,51,57,60,70,365,83,83,74,67,58,315,66,68,70,60,51,286,53,38,68,71,56,59,111,35,37,39,57,13,8,11,15,10,1731,379,1,83,62,63,71,38,182,70,Real Valladolid,,,S. Biuk
Andrew GK,22,75,84,263673,Right,75,GK,9,11000000.0,7000.0,25300000.0,79,9,4,11,41,14,84,12,10,8,37,17,226,48,41,34,71,32,219,56,59,39,53,12,120,24,8,4,63,21,34,35,10,8,17,372,76,73,74,72,77,1135,417,1,76,73,74,77,45,189,76,Gil Vicente,2024.0,,Andrew
J. Urbig GK,19,71,84,263887,Right,71,GK,13,3900000.0,5000.0,0.0,59,10,5,13,23,8,70,6,12,12,28,12,187,31,33,30,57,36,182,50,52,24,51,5,100,27,14,8,36,15,40,32,8,14,10,352,71,71,66,71,73,982,384,1,71,71,66,73,32,189,83,SpVgg Greuther Fürth,,,J. Urbig
A. Devine CAM CM,18,65,84,264180,Right,67,CAM,19,1800000.0,6000.0,0.0,294,57,59,59,68,51,300,64,63,41,66,66,334,67,68,69,62,68,288,65,60,57,51,55,295,61,52,65,65,52,62,159,45,54,60,53,8,7,13,12,13,1723,362,1,68,59,63,65,52,180,75,Plymouth Argyle,,,A. Devine
L. Gechter CB,19,69,80,264589,Right,71,CB,11,2800000.0,4000.0,5000000.0,234,40,26,71,60,37,217,43,30,35,57,52,296,61,69,52,63,51,301,50,80,65,78,28,244,65,69,28,45,37,60,211,70,72,69,45,14,6,8,6,11,1548,338,1,65,32,50,49,70,191,81,Hertha BSC,2025.0,,L. Gechter
A. Zakharyan LM RM CM,20,74,85,264701,Right,75,CAM,11,9500000.0,19000.0,21900000.0,331,73,68,51,72,67,373,72,73,77,76,75,369,82,77,69,72,69,338,74,65,73,53,73,312,58,51,69,74,60,70,155,57,54,44,60,11,14,12,13,10,1938,408,1,79,70,74,72,53,182,73,Real Sociedad,2029.0,,A. Zakharyan
G. Hall CAM CM,18,66,82,266155,Right,69,RM,16,2200000.0,2000.0,5600000.0,288,60,59,54,64,51,312,66,61,57,63,65,390,81,83,78,69,79,318,59,71,68,61,59,319,72,64,68,65,50,68,187,64,63,60,46,14,11,7,8,6,1860,399,1,82,59,63,68,62,178,70,Birmingham City,2024.0,,G. Hall
Mika Mármol CB,22,76,85,266160,Left,78,CB,9,15500000.0,16000.0,35700000.0,269,52,34,71,79,33,297,73,48,31,71,74,375,79,81,74,74,67,307,44,85,65,76,37,316,75,76,54,72,39,72,230,77,78,75,51,9,14,9,13,6,1845,408,1,80,38,67,73,76,182,72,Las Palmas,2026.0,,Mika Mármol
F. Gatti CB,25,78,82,266872,Right,80,CB,4,17500000.0,78000.0,31100000.0,242,34,30,80,66,32,254,57,34,36,61,66,342,76,79,56,73,58,322,58,89,67,79,29,286,80,78,45,40,43,75,239,80,81,78,45,6,11,11,11,6,1730,384,1,78,37,51,61,80,190,80,Juventus,2027.0,,F. Gatti
V. Gómez CB LB,20,70,81,267860,Left,72,CDM,11,3300000.0,6000.0,5600000.0,235,39,25,68,72,31,253,60,30,29,69,65,373,78,80,75,67,73,299,50,77,78,65,29,275,85,66,29,59,36,64,211,65,73,73,46,11,12,7,9,7,1692,375,1,79,32,58,64,69,183,73,Vélez Sarsfield,2026.0,,V. Gómez
N. Weiper ST,18,66,86,268259,Right,68,ST,20,2400000.0,3000.0,6700000.0,291,39,71,70,50,61,259,67,46,43,37,66,315,64,68,63,64,56,324,62,75,56,74,57,260,65,18,69,51,57,59,62,23,20,19,47,10,13,12,6,6,1558,335,1,66,65,46,65,25,191,82,FSV Mainz 05,2025.0,,N. Weiper
N. Cambiaghi RW ST CF,22,73,82,268703,Right,75,ST,9,7000000.0,33000.0,0.0,340,68,73,63,68,68,313,78,60,46,54,75,388,78,80,77,75,78,367,79,76,74,67,71,296,68,38,71,61,58,63,100,27,41,32,55,7,12,8,14,14,1859,398,1,79,73,63,76,38,173,74,Empoli,,,N. Cambiaghi
Y. Asprilla RW CAM,19,70,81,271464,Left,72,CAM,11,3400000.0,12000.0,7100000.0,285,62,64,42,69,48,339,73,69,53,72,72,355,76,74,76,65,64,332,74,62,63,64,69,280,48,40,66,72,54,66,145,48,54,43,60,13,13,8,12,14,1796,388,1,75,66,68,72,47,175,75,Watford,2026.0,,Y. Asprilla
M. Prati CDM CM,19,73,85,272725,Right,75,CM,12,7000000.0,10000.0,14000000.0,340,70,59,67,76,68,350,72,71,58,74,75,331,64,66,68,71,62,360,74,71,77,68,70,335,66,72,66,75,56,73,206,68,70,68,55,15,13,12,6,9,1977,414,1,65,65,73,72,69,185,75,Cagliari,2028.0,,M. Prati
G. Orban ST,20,74,83,273564,Right,76,ST,9,9500000.0,24000.0,20000000.0,334,58,81,58,61,76,350,73,74,74,58,71,379,76,78,73,75,77,361,83,73,60,69,76,273,48,17,74,63,71,78,37,10,17,10,52,10,6,14,12,10,1786,372,1,77,79,62,73,18,178,70,Olympique Lyonnais,2028.0,,G. Orban
K. Best LWB LB CB,17,64,81,277286,Left,65,CM,17,1400000.0,500.0,3500000.0,264,73,38,50,69,34,331,58,76,67,69,61,322,64,68,65,60,65,287,55,61,61,61,49,288,69,57,52,71,39,58,176,57,62,57,57,13,12,8,15,9,1725,361,1,66,44,70,60,58,181,75,Preston North End,2025.0,,K. Best
N. Lemina LW,18,64,78,277912,Right,65,CAM,14,1400000.0,6000.0,0.0,267,58,58,39,59,53,310,70,62,62,51,65,380,81,78,80,57,84,297,70,60,49,59,59,246,44,27,57,58,60,62,85,28,28,29,50,7,12,11,8,12,1635,349,1,79,60,58,69,29,172,78,Wolverhampton Wanderers,,,N. Lemina
K. Yıldız CF LM,18,66,83,277954,Right,70,CAM,17,2200000.0,10000.0,5100000.0,299,63,58,60,70,48,323,73,64,52,61,73,352,74,75,75,58,70,315,56,73,60,66,60,266,49,30,63,66,58,60,64,28,20,16,56,14,14,6,8,14,1675,359,1,75,58,65,72,28,185,75,Juventus,2025.0,,K. Yıldız
Falcao ST,37,74,74,167397,Right,74,ST,0,1400000.0,15000.0,2900000.0,369,55,78,83,76,77,353,68,78,70,60,77,322,54,42,70,78,78,344,75,77,53,66,73,336,70,41,81,63,81,79,93,32,42,19,43,10,13,6,9,5,1860,368,3,47,77,67,72,41,177,72,Rayo Vallecano,2024.0,,Falcao
S. Kjær CB,34,81,81,179645,Right,81,CB,0,8500000.0,68000.0,14500000.0,297,50,55,80,75,37,309,52,52,66,70,69,304,53,63,55,78,55,337,74,80,61,81,41,313,83,83,31,55,61,70,245,85,82,78,54,6,10,13,10,15,1859,396,3,59,54,64,60,83,190,86,Milan,2024.0,,S. Kjær
Parejo CM CDM,34,84,84,189513,Right,84,CM,0,19500000.0,54000.0,41000000.0,388,86,78,63,89,72,427,77,88,90,87,85,314,53,52,60,75,74,373,80,67,71,70,85,397,65,79,77,90,86,85,223,76,74,73,48,5,9,12,14,8,2170,441,2,52,80,88,78,74,182,74,Villarreal,2026.0,,Parejo
T. Müller CAM CF ST,33,82,82,189596,Right,82,CAM,0,19000000.0,75000.0,31400000.0,417,85,84,79,85,84,378,76,81,59,79,83,342,59,55,67,91,70,375,78,75,77,66,79,368,62,58,92,86,70,84,150,47,57,46,52,6,7,11,14,14,2082,423,4,57,82,83,78,55,185,76,FC Bayern München,2025.0,,T. Müller
Koke CDM CM,31,84,84,193747,Right,84,CDM,0,29500000.0,74000.0,62000000.0,358,85,69,61,86,57,404,77,84,77,83,83,374,70,68,70,85,81,391,82,74,85,75,75,389,79,82,76,85,67,84,234,80,83,71,54,14,12,5,10,13,2204,462,3,69,72,85,79,79,176,75,Atlético Madrid,2025.0,,Koke
A. Oxlade-Chamberlain CM CAM,29,78,78,198784,Right,79,CAM,0,13500000.0,30000.0,25700000.0,327,78,72,39,78,60,371,82,73,60,75,81,403,79,78,80,79,87,369,83,65,73,70,78,374,75,73,78,79,69,78,207,68,71,68,49,16,9,6,9,9,2100,450,2,78,75,77,81,67,175,70,Beşiktaş,2026.0,,A. Oxlade-Chamberlain
M. Verratti CM CDM,30,86,86,199556,Right,86,CM,0,65000000.0,135000.0,120300000.0,353,82,60,57,90,64,421,91,85,64,89,92,383,64,51,91,84,93,306,60,61,75,52,58,405,89,85,78,89,64,93,244,78,82,84,64,12,12,15,15,10,2176,441,3,57,61,87,91,79,165,60,Paris Saint Germain,2026.0,,M. Verratti
K. Koulibaly CB,32,84,84,201024,Right,84,CB,0,27500000.0,62000.0,44000000.0,294,50,43,82,71,48,303,70,53,39,69,72,313,66,85,45,84,33,352,67,82,74,91,38,332,84,83,50,65,50,82,254,86,85,83,43,7,11,7,13,5,1891,424,3,76,48,63,68,84,186,93,Al Hilal,2026.0,,K. Koulibaly
H. Maguire CB,30,80,80,203263,Right,80,CB,0,17500000.0,105000.0,33299999.999999996,314,51,48,87,79,49,336,68,67,46,82,73,238,44,47,36,78,33,376,82,84,68,90,52,364,84,82,61,69,68,81,230,80,80,70,62,14,16,9,14,9,1920,402,3,46,57,70,66,80,193,100,Manchester United,2025.0,,H. Maguire
J. Stones CB CDM RB,29,85,86,203574,Right,85,CB,1,49500000.0,180000.0,95300000.0,331,63,54,84,86,44,329,77,52,37,79,84,359,69,76,69,86,59,335,55,85,74,77,44,352,80,84,58,78,52,87,256,86,86,84,51,7,15,11,10,8,2013,440,2,73,52,75,78,85,188,76,Manchester City,2026.0,,J. Stones
M. Kovačić CM CDM,29,82,82,207410,Right,82,CM,0,29500000.0,150000.0,54600000.0,341,73,61,42,89,76,407,87,78,70,84,88,393,76,64,86,83,84,358,78,64,75,65,76,367,77,76,73,82,59,84,216,73,75,68,34,9,5,6,7,7,2116,448,3,69,69,82,87,71,177,80,Manchester City,2027.0,,M. Kovačić
Lucas Vázquez RB,32,81,81,208618,Right,81,RB,0,18000000.0,140000.0,36900000.0,353,83,72,58,82,58,390,81,83,71,76,79,406,81,81,81,81,82,374,80,70,92,56,76,362,72,75,80,79,56,75,221,74,74,73,50,9,16,9,9,7,2156,456,2,81,73,80,80,73,173,70,Real Madrid,2024.0,,Lucas Vázquez
D. Berardi RW RM,28,85,85,210935,Left,85,RW,0,54500000.0,40000.0,92700000.0,388,78,85,62,85,78,405,86,78,75,79,87,428,82,82,92,85,87,380,83,75,78,64,80,355,85,25,86,83,76,78,102,42,30,30,27,5,6,5,5,6,2085,441,2,82,83,81,87,36,183,72,Sassuolo,2027.0,,D. Berardi
P. Onuachu ST,29,74,74,212382,Right,74,ST,0,4200000.0,42000.0,0.0,344,41,76,85,69,73,289,68,58,30,62,71,262,54,65,38,73,32,377,75,82,65,92,63,337,74,41,76,60,86,68,117,33,48,36,52,9,12,14,9,8,1778,382,1,60,74,58,64,45,201,98,Trabzonspor,,,P. Onuachu
K. Coman LM RM,27,85,85,213345,Right,85,LM,0,57500000.0,100000.0,94900000.0,375,81,75,61,80,78,402,88,83,70,74,87,439,92,86,92,85,84,369,83,79,68,66,73,291,38,23,83,82,65,78,77,29,27,21,21,5,3,5,3,5,1974,423,4,89,76,79,87,30,181,75,FC Bayern München,2027.0,,K. Coman
J. Correa CF LM,28,75,75,215330,Right,75,CF,0,6000000.0,66000.0,0.0,366,74,74,69,74,75,375,81,81,63,68,82,352,66,67,83,69,67,355,79,71,70,66,69,291,48,36,74,76,57,75,102,39,37,26,44,11,10,7,8,8,1885,397,1,67,73,73,80,40,188,78,Olympique de Marseille,,,J. Correa
N. Fekir CAM ST,29,82,82,216594,Left,82,CAM,0,30000000.0,36000.0,63000000.0,368,81,79,50,81,77,407,85,83,79,77,83,416,86,78,84,78,90,396,84,78,75,80,79,355,82,36,80,83,74,86,109,36,43,30,61,15,9,8,14,15,2112,445,3,82,80,81,84,39,173,75,Real Betis,2026.0,,N. Fekir
C. Burgess CB,27,69,71,216744,Left,71,CB,2,1500000.0,9000.0,3000000.0,235,40,38,69,65,23,238,45,37,30,66,60,251,46,49,40,64,52,303,45,74,73,85,26,281,70,65,53,50,43,66,208,67,71,70,58,9,13,14,15,7,1574,336,1,48,37,54,51,68,194,81,Ipswich Town,2024.0,,C. Burgess
Pablo Maffeo RWB LWB,25,79,82,221342,Right,79,RWB,3,21500000.0,28000.0,46800000.0,298,79,53,70,75,21,334,81,71,34,68,80,394,85,80,75,73,81,331,57,81,71,70,52,306,67,71,67,64,37,62,234,74,82,78,58,10,7,14,12,15,1955,429,1,82,52,70,79,76,172,70,Mallorca,2026.0,,Pablo Maffeo
Diogo Jota CF LW,26,85,86,224458,Right,85,CF,1,64500000.0,180000.0,124200000.0,400,73,85,86,77,79,375,83,77,58,72,85,426,85,80,86,88,87,408,86,91,80,75,76,376,85,56,88,78,69,83,155,53,57,45,54,7,12,15,9,11,2194,459,2,82,82,75,84,57,178,70,Liverpool,2027.0,,Diogo Jota
R. Henry LB LWB,25,77,78,224494,Left,77,LB,1,11500000.0,45000.0,22700000.0,264,68,40,54,69,33,290,71,49,39,57,74,431,89,86,89,76,91,297,44,74,78,65,36,317,78,74,67,55,43,72,231,78,78,75,55,13,12,12,6,12,1885,411,1,87,41,62,75,75,170,66,Brentford,2026.0,,R. Henry
P. Kimpembe CB,27,81,83,225850,Left,83,CB,2,27500000.0,81000.0,52900000.0,282,59,33,79,78,33,297,63,50,32,75,77,357,75,77,68,78,59,348,70,90,65,86,37,332,89,80,47,64,52,79,243,80,82,81,53,7,8,14,15,9,1912,418,3,76,43,67,69,81,189,80,Paris Saint Germain,2026.0,,P. Kimpembe
N. Pépé RM RW ST,28,78,78,226110,Left,79,LW,0,14000000.0,53000.0,28000000.0,352,75,75,57,75,70,388,82,81,79,66,80,413,87,87,90,74,75,364,80,77,65,68,74,311,43,33,76,74,85,75,100,36,34,30,50,11,14,11,6,8,1978,417,2,87,76,74,81,36,183,73,Trabzonspor,2024.0,,N. Pépé
J. St. Juste CB RB,26,77,80,226853,Right,79,CB,3,12000000.0,13000.0,24900000.0,313,61,59,70,75,48,299,75,36,42,71,75,414,90,96,79,79,70,341,66,85,68,74,48,339,72,82,64,62,59,68,235,81,78,76,59,12,14,9,13,11,2000,443,2,93,58,65,75,79,186,76,Sporting CP,2026.0,,J. St. Juste
R. Bentancur CM CDM,26,82,85,227535,Right,84,CM,3,39500000.0,100000.0,78000000.0,365,76,68,65,85,71,392,85,71,68,83,85,365,70,70,70,79,76,363,71,74,81,72,65,383,78,82,73,83,67,86,240,79,83,78,55,8,7,14,14,12,2163,457,2,70,68,81,83,79,187,73,Tottenham Hotspur,2026.0,,R. Bentancur
M. Mittelstädt LB LWB LM,26,77,78,227647,Left,77,LB,1,11500000.0,24000.0,20400000.0,313,75,56,66,73,43,333,74,73,46,67,73,381,79,74,76,74,78,360,74,75,78,63,70,324,76,82,64,60,42,73,222,74,76,72,56,13,10,7,13,13,1989,425,2,76,61,69,74,75,180,71,VfB Stuttgart,2026.0,,M. Mittelstädt
V. Pavlidis ST,24,80,83,229188,Right,82,ST,3,29000000.0,15000.0,45700000.0,369,57,85,77,74,76,350,79,68,54,71,78,374,75,72,71,79,77,407,83,81,84,81,78,325,77,30,81,67,70,77,125,44,44,37,61,13,11,10,13,14,2011,425,1,73,82,67,78,44,183,82,AZ Alkmaar,2025.0,,V. Pavlidis
A. Robinson LB,25,78,79,229348,Left,78,LB,1,15500000.0,66000.0,30600000.0,296,74,44,60,73,45,324,79,61,39,72,73,401,87,89,79,75,71,324,46,81,81,73,43,335,81,75,71,63,45,67,218,68,76,74,59,12,9,15,14,9,1957,428,1,88,46,69,76,72,182,70,Fulham,2028.0,,A. Robinson
Unai Simón GK,26,85,86,230869,Right,85,GK,1,47500000.0,38000.0,103300000.0,103,16,14,18,38,17,96,12,20,14,34,16,262,48,50,37,80,47,264,57,74,44,76,13,141,29,26,14,48,24,46,41,11,18,12,413,85,81,76,85,86,1320,462,3,85,81,76,86,49,190,89,Athletic Club,2025.0,,Unai Simón
Carlos Augusto LM,24,79,82,258648,Left,81,LWB,3,24000000.0,48000.0,0.0,370,79,68,72,78,73,386,80,77,74,74,81,393,80,81,80,76,76,405,79,86,85,78,77,359,78,75,78,76,52,77,231,75,78,78,53,11,12,5,12,13,2197,466,1,81,72,77,80,76,184,75,Inter,,,Carlos Augusto
D. Rensch RB CB LB,20,74,82,258826,Right,74,RB,8,9000000.0,9000.0,14400000.0,308,62,60,68,76,42,297,70,48,38,66,75,357,75,75,74,71,62,320,57,74,76,63,50,322,70,73,73,64,42,67,219,73,74,72,47,10,8,9,13,7,1870,409,1,75,56,66,71,73,179,73,Ajax,2025.0,,D. Rensch
O. Popescu LW RW,20,69,82,258942,Right,71,CAM,13,3400000.0,7000.0,6700000.0,296,66,63,40,68,59,345,72,73,60,67,73,385,81,82,82,60,80,312,70,53,76,45,68,270,58,30,58,68,56,60,87,27,34,26,61,15,12,14,11,9,1756,374,1,82,65,67,73,31,180,66,FCSB,2024.0,,O. Popescu
M. Vitík CB,20,75,82,259748,Right,77,CB,7,10500000.0,700.0,25200000.0,233,31,33,73,68,28,254,63,32,30,62,67,313,71,75,48,74,45,323,60,85,63,81,34,287,72,76,51,66,22,67,223,73,76,74,53,15,12,8,8,10,1686,381,1,73,39,56,63,75,193,83,Sparta Praha,2026.0,,M. Vitík
S. Adingra RM LM,21,75,82,260779,Right,76,CAM,7,11500000.0,47000.0,24200000.0,312,68,74,32,70,68,332,79,63,53,62,75,415,89,86,86,71,83,305,70,55,69,45,66,274,47,25,70,74,58,78,89,27,31,31,51,8,13,6,14,10,1778,384,1,87,70,68,78,29,175,65,Brighton & Hove Albion,2026.0,,S. Adingra
S. Shoretire CAM ST LW,19,62,79,260910,Right,64,CAM,17,1000000.0,9000.0,2500000.0,270,54,56,51,58,51,283,65,58,43,53,64,375,72,73,84,59,87,272,53,59,59,51,50,267,55,36,63,63,50,62,106,32,40,34,36,7,7,8,5,9,1609,342,1,73,54,57,67,37,175,70,Manchester United,2024.0,,S. Shoretire
K. Schade LW ST RW,21,72,82,260926,Right,72,LW,10,5500000.0,29000.0,11600000.0,331,68,68,69,66,60,264,74,44,35,41,70,408,93,94,78,65,78,326,68,82,58,64,54,278,68,23,69,61,57,60,73,20,30,23,51,13,11,8,9,10,1731,382,1,94,64,59,72,29,185,74,Brentford,2028.0,,K. Schade
A. Omobamidele CB,21,70,79,261647,Right,72,CB,9,3300000.0,20000.0,6900000.0,209,25,24,68,65,27,221,53,36,15,58,59,324,74,72,63,63,52,289,42,83,67,81,16,254,69,69,41,50,25,63,210,70,71,69,40,8,10,7,8,7,1547,351,1,73,27,49,57,70,190,78,Nottingham Forest,2028.0,,A. Omobamidele
Sergi Cardona LB LM,23,75,80,262402,Left,75,LB,5,8000000.0,15000.0,17400000.0,280,69,40,65,71,35,274,67,46,34,57,70,364,84,78,70,63,69,322,60,79,85,69,29,310,70,76,56,64,44,65,220,74,74,72,50,6,11,11,15,7,1820,403,1,81,43,64,68,73,186,76,Las Palmas,2024.0,,Sergi Cardona
B. Yılmaz RM LM LB,23,74,80,263205,Right,77,ST,6,6500000.0,29000.0,13700000.0,333,65,72,69,69,58,320,75,65,47,62,71,414,85,89,83,76,81,411,78,90,84,87,72,326,80,48,73,67,58,71,188,65,65,58,54,13,9,11,13,8,2046,445,1,87,72,65,75,61,186,72,Galatasaray,2027.0,,B. Yılmaz
C. Doyle LB CB,19,71,83,263390,Left,75,CB,12,4300000.0,28000.0,0.0,276,60,23,72,74,47,319,71,59,42,73,74,302,63,56,56,69,58,324,48,80,70,76,50,298,74,72,43,65,44,71,218,72,73,73,45,9,10,11,8,7,1782,379,1,59,37,67,70,72,188,85,Leicester City,,,C. Doyle
Copete CB,23,75,83,263396,Left,77,CB,8,11500000.0,19000.0,26500000.0,255,36,32,77,74,36,245,50,35,29,60,71,278,61,54,40,73,50,279,43,78,66,70,22,271,75,76,31,44,45,62,231,77,78,76,54,11,13,9,13,8,1613,348,1,57,33,54,57,77,192,73,Mallorca,2026.0,,Copete
J. James CM CAM CDM,18,65,77,265514,Right,67,CAM,12,1700000.0,2000.0,3600000.0,276,53,65,50,67,41,287,65,48,40,66,68,337,68,67,65,62,75,308,61,62,68,60,57,301,63,62,63,67,46,63,189,64,63,62,48,15,6,11,8,8,1746,380,1,67,60,62,66,62,178,65,Birmingham City,2025.0,,J. James
P. Wanner CAM LM RM,17,66,86,266237,Left,68,CAM,20,2300000.0,2000.0,0.0,269,54,49,51,71,44,313,71,58,45,64,75,348,76,62,74,62,74,259,61,53,60,36,49,272,48,48,59,67,50,60,126,42,41,43,56,7,12,13,11,13,1643,345,1,68,52,64,72,44,185,72,Elversberg,,,P. Wanner
A. Adams ST,23,74,81,266256,Right,76,ST,7,8500000.0,20000.0,18700000.0,328,48,75,69,64,72,298,69,57,54,45,73,375,79,82,67,73,74,388,76,86,74,83,69,277,58,24,73,59,63,72,75,26,25,24,43,7,7,14,8,7,1784,386,1,81,73,56,71,29,190,92,Montpellier,2026.0,,A. Adams
J. Belocian CB LB,18,69,81,268622,Left,71,CB,12,3000000.0,5000.0,6300000.0,265,61,32,69,68,35,298,63,55,48,64,68,337,65,72,67,65,68,293,54,75,53,72,39,292,71,67,48,55,51,59,208,68,71,69,63,13,15,13,15,7,1756,372,1,69,40,62,65,69,182,73,Rennes,2025.0,,J. Belocian
Diego Moreira LM RM,18,68,81,270039,Left,69,LM,13,2800000.0,11000.0,7100000.0,280,60,60,39,63,58,313,73,63,47,59,71,394,85,85,83,60,81,310,65,64,60,62,59,266,60,24,60,62,60,68,90,28,34,28,47,9,11,6,8,13,1700,371,1,85,61,61,73,30,179,73,Chelsea,2028.0,,Diego Moreira
Mateus Fernandes CM CAM,18,71,83,270857,Right,74,CAM,12,4300000.0,3000.0,0.0,307,57,58,56,76,60,349,74,69,59,72,75,387,77,74,84,71,81,320,62,71,63,62,62,327,58,62,72,71,64,72,165,55,61,49,36,6,5,12,8,5,1891,400,1,75,61,69,75,58,178,72,Estoril,,,Mateus Fernandes
Y. Chermiti ST,19,71,82,270866,Right,73,ST,11,4099999.9999999995,16000.0,8600000.0,319,39,73,74,68,65,287,68,52,40,57,70,326,71,70,65,73,47,344,71,77,60,79,57,280,61,33,73,49,64,68,79,29,25,25,43,7,8,15,6,7,1678,366,1,70,69,55,68,33,192,81,Everton,2027.0,,Y. Chermiti
L. Ulrich CM CAM LM,18,61,81,270901,Right,65,CAM,20,900000.0,1000.0,2400000.0,277,55,57,44,66,55,302,67,52,54,62,67,356,73,74,77,56,76,310,65,59,62,64,60,263,54,47,55,59,48,60,129,46,45,38,52,8,14,6,12,12,1689,368,1,74,59,61,68,45,180,76,VfB Stuttgart,2026.0,,L. Ulrich
B. Clark CM LW,18,62,78,271974,Right,66,CAM,16,1000000.0,5000.0,2500000.0,276,56,55,47,66,52,308,69,58,51,61,69,341,70,65,70,63,73,272,56,54,58,54,50,278,58,50,58,64,48,64,150,49,53,48,55,7,13,11,11,13,1680,358,1,67,54,62,69,50,178,67,Liverpool,2026.0,,B. Clark
A. Engels CM CDM,19,72,83,272874,Right,74,CM,11,5000000.0,11000.0,10000000.0,321,70,62,57,77,55,360,75,73,68,70,74,358,70,66,76,71,75,347,74,68,79,65,61,337,76,65,63,73,60,66,186,62,64,60,56,11,12,8,12,13,1965,413,1,68,64,73,74,63,185,78,FC Augsburg,2027.0,,A. Engels
J. Quansah CB,20,72,82,273651,Right,74,CB,10,4800000.0,38000.0,9800000.0,244,38,26,72,69,39,278,65,38,37,70,68,324,67,77,61,66,53,305,52,82,69,79,23,274,73,70,36,50,45,70,216,73,71,72,44,9,6,11,9,9,1685,374,1,73,33,56,65,72,190,80,Liverpool,2027.0,,J. Quansah
R. Vata RW LW ST,18,64,82,275196,Right,65,RM,18,1500000.0,5000.0,3600000.0,262,55,57,37,57,56,285,70,58,39,52,66,397,88,82,85,60,82,290,70,58,56,51,55,242,51,33,56,53,49,57,91,28,35,28,51,8,15,8,9,11,1618,353,1,85,59,54,70,32,178,67,Celtic,2024.0,,R. Vata
M. Faye CB LB,18,63,79,277118,Left,65,CB,16,1100000.0,6000.0,2900000.0,235,62,16,64,58,35,262,49,47,63,46,57,323,76,74,63,63,47,368,75,83,65,77,68,234,70,59,44,29,32,52,176,54,63,59,37,11,5,5,9,7,1635,353,1,75,41,51,54,59,186,81,FC Barcelona,2027.0,,M. Faye
M. Kayode RB RWB,18,66,82,277869,Right,66,RB,16,2100000.0,4000.0,4900000.0,239,56,32,51,58,42,254,71,39,34,50,60,328,69,69,59,63,68,241,31,57,66,54,33,274,70,68,58,38,40,55,204,68,70,66,53,9,8,8,14,14,1593,345,1,69,34,50,65,67,179,70,Fiorentina,2028.0,,M. Kayode
Héctor Fort RB CB,16,64,82,278923,Right,64,RB,18,1400000.0,1000.0,3700000.0,254,68,35,64,64,23,266,54,52,38,62,60,338,68,74,60,59,77,249,43,69,55,60,22,271,70,60,51,49,41,45,180,61,60,59,40,7,10,6,8,9,1598,345,1,71,35,60,57,61,185,78,FC Barcelona,2025.0,,Héctor Fort
J. Gomez CB RB LB,26,80,83,225100,Right,82,CB,3,24500000.0,100000.0,47200000.0,270,73,20,75,78,24,307,72,55,29,76,75,369,75,87,64,78,65,310,46,86,75,81,22,306,79,80,56,65,26,74,240,79,82,79,49,8,13,14,7,7,1851,412,2,82,28,71,72,80,188,77,Liverpool,2027.0,,J. Gomez
A. Golovin CF LM,27,80,80,225663,Right,81,CAM,0,23000000.0,63000.0,43700000.0,352,78,75,46,81,72,405,83,82,81,76,83,398,76,77,86,82,77,367,78,63,86,56,84,368,76,71,80,81,60,80,183,45,72,66,66,12,14,14,10,16,2139,446,3,77,77,80,83,61,178,69,Monaco,2026.0,,A. Golovin
T. Cantwell CAM CM RM,25,75,78,225748,Right,77,CAM,3,7500000.0,44000.0,14100000.0,315,65,70,43,75,62,357,75,70,64,68,80,373,74,70,81,74,74,298,66,53,66,46,67,299,48,41,72,80,58,77,121,47,44,30,63,10,8,14,15,16,1826,384,1,72,68,72,77,43,177,70,Rangers,2027.0,,T. Cantwell
K. Walker-Peters RB LB,26,76,77,227927,Right,76,RB,1,8000000.0,38000.0,15800000.0,284,74,41,65,74,30,299,74,56,31,62,76,376,73,77,74,74,78,307,45,73,80,64,45,299,70,73,63,61,32,60,220,73,76,71,47,9,8,7,11,12,1832,402,1,75,43,67,74,73,173,62,Southampton,2025.0,,K. Walker-Peters
N. Loosli CB,26,67,70,228243,Right,69,CB,3,1200000.0,8000.0,2300000.0,243,37,45,72,58,31,226,52,31,27,60,56,323,68,72,65,56,62,333,50,84,75,81,43,228,64,67,26,35,36,55,195,62,67,66,49,11,8,10,7,13,1597,358,1,70,44,47,55,66,186,84,VfL Bochum 1848,2026.0,,N. Loosli
H. Choudhury RB CDM CM,25,72,74,228332,Right,74,CB,2,2700000.0,26000.0,5100000.0,293,61,45,64,74,49,310,64,58,54,66,68,339,65,65,74,64,71,323,68,71,69,70,45,322,88,74,56,59,45,69,222,73,73,76,52,9,14,8,10,11,1861,393,1,65,50,65,67,73,178,64,Leicester City,2027.0,,H. Choudhury
E. Ávila ST RM LM,29,79,79,228520,Right,79,ST,0,17500000.0,32000.0,36800000.0,370,59,79,82,71,79,332,78,58,57,62,77,391,74,82,71,78,86,416,85,92,76,86,77,351,90,38,78,68,77,72,125,38,46,41,47,11,6,6,10,14,2032,430,2,78,80,65,77,45,172,81,Real Betis,2027.0,,E. Ávila
D. Zakaria CDM CM CB,26,79,82,229261,Right,81,CB,3,20500000.0,50000.0,40500000.0,311,68,62,67,79,35,338,78,63,46,74,77,366,72,87,67,78,62,392,80,83,76,87,66,348,87,77,65,71,48,82,239,80,81,78,55,12,12,7,13,11,2049,455,2,80,65,72,76,78,190,81,Monaco,2028.0,,D. Zakaria
F. Kessié CDM CM,26,82,84,230938,Right,83,CDM,2,34000000.0,46000.0,60400000.0,350,66,75,68,81,60,350,78,61,54,75,82,383,77,80,70,79,77,427,84,85,93,87,78,404,82,82,76,76,88,83,243,83,82,78,54,9,11,12,12,10,2211,477,3,79,77,74,79,81,183,74,Al Ahli Jeddah,2026.0,,F. Kessié
T. Awoniyi ST,25,77,80,230978,Right,79,ST,3,14000000.0,63000.0,27700000.0,349,57,78,77,69,68,297,72,55,44,56,70,359,71,83,66,77,62,394,82,90,68,88,66,312,77,33,79,53,70,63,75,25,27,23,44,10,7,9,8,10,1830,397,1,78,76,60,70,32,189,85,Nottingham Forest,2027.0,,T. Awoniyi
L. Blas RW RM CAM,25,77,78,231102,Left,79,CAM,1,12500000.0,46000.0,24700000.0,358,72,74,58,78,76,383,82,77,69,74,81,376,77,70,80,73,76,369,82,72,72,63,80,353,55,66,75,77,80,84,170,47,64,59,64,12,9,14,14,15,2073,429,2,73,77,76,81,58,180,77,Rennes,2027.0,,L. Blas
Richarlison ST LW,26,81,83,231943,Right,83,ST,2,32500000.0,100000.0,64200000.0,396,73,81,84,77,81,364,80,76,65,61,82,384,79,76,83,81,65,397,83,89,78,75,72,366,84,46,84,75,77,82,149,43,58,48,51,12,7,8,11,13,2107,441,3,77,80,73,80,53,184,71,Tottenham Hotspur,2027.0,,Richarlison
M. Travers GK,24,73,77,232284,Right,73,GK,4,3500000.0,22000.0,6900000.0,108,16,14,15,50,13,104,13,14,14,44,19,234,41,38,39,69,47,217,53,61,30,60,13,112,23,13,11,47,18,47,43,14,15,14,361,73,69,70,73,76,1179,401,1,73,69,70,76,40,191,82,AFC Bournemouth,2027.0,,M. Travers
Dodô RB,24,77,81,234112,Right,79,RM,4,14000000.0,39000.0,24900000.0,319,78,60,55,77,49,345,77,71,52,66,79,416,85,88,82,75,86,337,66,75,79,67,50,345,73,72,78,72,50,76,217,73,74,70,57,14,14,10,14,5,2036,440,1,87,59,73,78,71,166,68,Fiorentina,2027.0,,Dodô
J. Schouten CDM CM CB,26,79,81,235149,Right,80,CDM,2,19500000.0,20000.0,28800000.0,305,57,52,65,79,52,322,75,56,33,79,79,339,65,60,65,78,71,338,65,70,78,67,58,343,70,82,60,74,57,82,231,80,78,73,43,11,7,6,5,14,1921,413,1,62,56,70,76,78,185,74,PSV,2028.0,,J. Schouten
I. Sangaré CDM CM,25,81,84,235173,Right,83,CDM,3,31000000.0,70000.0,61200000.0,339,66,61,71,79,62,354,76,64,62,77,75,352,69,64,64,79,76,400,80,78,87,91,64,365,75,84,68,74,64,76,243,83,82,78,44,7,13,11,6,7,2097,448,3,66,66,74,75,81,191,77,Nottingham Forest,2028.0,,I. Sangaré
M. Di Gregorio GK,25,79,83,235840,Right,79,GK,4,19000000.0,38000.0,33700000.0,72,13,9,11,28,11,88,18,17,14,19,20,254,45,43,45,66,55,234,54,64,36,62,18,132,26,15,9,65,17,56,45,21,14,10,390,80,76,72,80,82,1215,434,1,80,76,72,82,44,187,82,Monza,2027.0,,M. Di Gregorio
C. Kouamé ST RW LW,25,77,80,235866,Right,79,ST,3,14000000.0,51000.0,24900000.0,365,70,75,77,74,69,318,79,52,45,65,77,386,78,85,77,78,68,372,75,86,74,71,66,317,71,36,80,69,61,70,104,34,38,32,55,15,13,6,7,14,1917,412,1,82,72,68,77,40,185,70,Fiorentina,2024.0,,C. Kouamé
J. Kluivert RM LM CAM,24,77,82,236920,Right,78,RM,5,16000000.0,41000.0,31600000.0,342,77,71,56,71,67,354,81,72,58,66,77,411,88,88,86,67,82,355,79,74,67,60,75,305,63,30,72,74,66,71,108,43,35,30,44,5,6,14,7,12,1919,412,1,88,73,71,79,38,171,67,AFC Bournemouth,2028.0,,J. Kluivert
K. Danso CB,24,80,83,237985,Right,82,CB,3,25500000.0,34000.0,50400000.0,253,44,26,82,70,31,266,59,46,31,62,68,331,66,83,57,79,46,329,49,90,75,90,25,300,85,78,43,52,42,74,237,78,82,77,57,12,13,6,11,15,1773,392,2,75,32,57,63,80,190,85,Lens,2027.0,,K. Danso
D. Lainez RM CM CAM,23,74,82,237995,Left,75,CAM,8,0.0,0.0,0.0,323,72,64,48,75,64,339,81,67,50,64,77,401,83,71,89,67,91,281,61,57,56,42,65,304,61,39,71,67,66,74,155,50,54,51,57,14,13,14,7,9,1860,389,1,76,64,70,80,49,168,58,Mexico,,,D. Lainez
J. Larsen ST,23,75,82,238756,Right,77,ST,7,11500000.0,21000.0,26500000.0,332,45,81,75,63,68,296,67,57,45,54,73,353,73,80,66,74,60,397,74,88,84,85,66,303,72,26,80,67,58,73,79,29,27,23,52,7,14,14,8,9,1812,393,1,77,75,58,69,32,193,79,Celta de Vigo,2028.0,,J. Larsen
Pepê RM CAM LM,26,80,80,238896,Right,80,RM,0,23000000.0,18000.0,46000000.0,334,74,76,42,73,69,343,85,61,48,66,83,410,85,86,86,75,78,315,59,61,84,52,59,338,51,72,74,76,65,71,175,70,57,48,52,14,6,13,10,9,1967,430,1,86,68,71,83,62,173,72,Porto,2027.0,,Pepê
E. Demirović CF ST LM,25,78,81,238900,Right,80,ST,3,19000000.0,32000.0,35600000.0,370,69,80,69,78,74,345,77,73,51,65,79,364,69,74,70,79,72,388,84,78,74,77,75,333,76,36,79,75,67,73,119,38,39,42,39,9,8,9,7,6,1958,417,2,72,79,72,77,41,185,84,FC Augsburg,2026.0,,E. Demirović
Bremer CB,26,84,87,239580,Right,85,CB,3,49000000.0,135000.0,87000000.0,287,46,49,85,69,38,262,62,42,24,69,65,375,78,86,65,79,67,360,68,92,76,85,39,312,82,84,58,45,43,78,254,84,87,83,52,13,15,13,5,6,1902,421,1,82,50,56,65,85,187,84,Juventus,2027.0,,Bremer
D. Frattesi CM,23,81,85,239807,Right,83,CAM,4,36500000.0,22000.0,0.0,356,67,73,61,84,71,381,80,71,65,80,85,393,80,80,77,80,76,368,76,74,81,63,74,371,76,71,76,84,64,79,213,70,73,70,44,5,10,8,11,10,2126,453,1,80,73,78,81,70,178,74,Inter,,,D. Frattesi
N. Raskin CM CDM,22,75,84,239810,Right,77,CM,9,12500000.0,40000.0,25000000.0,327,66,58,66,79,58,359,71,69,67,76,76,383,74,67,79,80,83,365,71,75,84,68,67,344,82,71,62,71,58,79,216,70,76,70,59,14,14,13,11,7,2053,428,1,70,63,73,75,72,178,74,Rangers,2028.0,,N. Raskin
A. Gomes CM CAM CDM,22,76,83,240507,Right,78,CAM,7,15000000.0,26000.0,31500000.0,343,66,71,62,79,65,370,77,70,68,76,79,405,77,76,87,76,89,359,70,75,78,66,70,354,68,72,71,77,66,73,216,71,73,72,63,14,15,14,6,14,2110,441,1,76,70,75,79,71,168,56,LOSC Lille,2025.0,,A. Gomes
N. González RW RM LW,25,81,82,240690,Left,81,RW,1,31000000.0,68000.0,55000000.0,386,78,80,80,80,68,355,85,65,54,66,85,408,85,88,81,76,78,352,75,81,76,55,65,341,67,39,81,69,85,76,123,38,46,39,38,10,6,9,5,8,2003,428,2,87,76,73,83,45,180,72,Fiorentina,2026.0,,N. González
P. Daka ST,24,74,77,241202,Right,76,ST,3,6000000.0,35000.0,11300000.0,332,51,78,63,64,76,328,74,65,54,61,74,403,87,88,79,77,72,363,75,79,73,66,70,286,63,20,75,53,75,69,62,18,28,16,39,8,6,9,5,11,1813,389,1,88,75,58,74,26,183,71,Leicester City,2026.0,,P. Daka
C. Bassey CB LB,23,75,83,241436,Left,77,CB,8,11500000.0,49000.0,24200000.0,293,68,36,74,66,49,290,66,63,37,60,64,382,78,86,70,70,78,361,64,84,89,88,36,303,76,71,57,55,44,62,220,71,76,73,36,9,7,5,8,7,1885,413,1,82,44,62,66,73,185,76,Fulham,2027.0,,C. Bassey
M. Taremi ST,30,81,81,241788,Right,81,ST,0,25500000.0,21000.0,51000000.0,385,70,84,75,81,75,355,81,74,49,67,84,377,79,77,74,82,65,393,81,80,80,80,72,319,46,23,84,81,85,84,104,38,41,25,52,9,11,9,15,8,1985,426,2,78,81,75,81,38,185,83,Porto,2024.0,,M. Taremi
A. Sambi Lokonga CM CDM,23,75,80,241928,Right,77,CM,5,8500000.0,67000.0,0.0,318,68,53,61,78,58,373,77,71,68,77,80,341,62,69,73,72,65,345,68,69,76,69,63,326,72,74,65,74,41,79,203,64,71,68,49,14,7,6,13,9,1955,414,1,66,58,74,77,68,183,73,Luton Town,,,A. Sambi Lokonga
G. Busio CM CDM,21,73,82,242332,Right,75,CAM,9,7000000.0,3000.0,12600000.0,309,55,61,58,79,56,360,73,73,66,73,75,390,73,70,87,68,92,337,70,67,76,56,68,331,65,63,68,75,60,73,187,61,68,58,61,15,15,6,12,13,1975,409,1,71,64,72,76,63,170,61,Venezia,2025.0,,G. Busio
Riqui Puig CM CAM,23,77,82,242816,Right,80,CAM,5,16000000.0,9000.0,25200000.0,313,60,66,49,82,56,362,81,69,51,77,84,385,74,67,82,77,85,297,66,51,79,33,68,330,65,61,68,81,55,79,166,53,60,53,62,12,15,14,12,9,1915,399,1,70,65,74,82,56,169,56,LA Galaxy,2025.0,,Riqui Puig
K. Nakamura LW LM,22,74,81,242914,Right,76,CAM,7,8500000.0,20000.0,18700000.0,337,69,74,52,73,69,369,78,78,70,67,76,371,78,76,78,69,70,369,77,70,81,66,75,307,61,41,73,73,59,74,114,38,41,35,50,7,13,15,8,7,1917,408,1,77,74,71,76,41,180,75,Stade de Reims ,2028.0,,K. Nakamura
J. Teze RB CB,23,77,82,245211,Right,78,CB,5,15000000.0,15000.0,22100000.0,294,73,46,74,74,27,298,65,49,41,75,68,373,76,76,70,77,74,355,62,80,81,82,50,309,75,76,57,65,36,76,229,78,77,74,48,12,5,14,7,10,1906,419,1,76,49,69,68,77,183,68,PSV,2025.0,,J. Teze
Adrià Pedrosa LB LWB,25,76,81,246113,Left,77,LM,5,10000000.0,22000.0,21800000.0,322,72,61,59,72,58,334,81,74,40,65,74,413,91,89,83,73,77,350,63,77,89,63,58,331,78,70,70,68,45,73,210,69,71,70,60,14,14,14,10,8,2020,439,1,90,60,69,78,69,176,69,Sevilla,2028.0,,Adrià Pedrosa
E. Laird RB RWB LB,21,71,79,246159,Right,71,RB,8,4000000.0,8000.0,8400000.0,285,68,54,63,69,31,299,74,62,32,59,72,383,84,82,78,69,70,334,63,81,66,71,53,297,72,63,61,66,35,71,199,65,69,65,51,9,12,10,5,15,1848,411,1,83,54,65,73,66,177,66,Birmingham City,2026.0,,E. Laird
K. Dembélé RW CM,20,69,78,246682,Left,70,CAM,9,3100000.0,8000.0,0.0,269,62,61,32,67,47,319,72,63,60,54,70,410,86,81,91,60,92,273,66,47,64,34,62,274,42,45,65,66,56,65,130,43,48,39,59,12,13,11,8,15,1734,367,1,83,61,63,73,43,167,65,Blackpool,,,K. Dembélé
L. Traoré ST,22,74,82,246728,Right,76,ST,8,9500000.0,900.0,22800000.0,325,47,75,79,67,57,287,69,56,49,43,70,361,76,79,69,69,68,388,80,93,66,85,64,301,63,31,75,67,65,72,69,22,22,25,58,9,12,14,13,10,1789,383,1,78,72,58,69,30,183,90,Shakhtar Donetsk,2026.0,,L. Traoré
R. Bellanova RWB RM,23,75,80,247229,Right,75,RWB,5,8000000.0,29000.0,14200000.0,269,76,32,56,70,35,283,75,55,33,49,71,366,84,90,63,67,62,282,26,78,80,71,27,299,68,69,60,61,41,66,209,67,72,70,39,8,8,9,8,6,1747,395,1,87,32,64,71,68,188,85,Torino,2027.0,,R. Bellanova
Tetê RM,23,75,80,247641,Left,76,CAM,5,8500000.0,31000.0,16800000.0,327,70,72,56,74,55,358,79,66,70,65,78,390,81,80,82,73,74,327,70,67,72,51,67,294,44,41,69,68,72,77,107,42,38,27,43,7,11,5,9,11,1846,395,1,80,70,70,78,41,175,70,Galatasaray,2027.0,,Tetê
D. Bakwa RM RW LW,20,74,82,250789,Left,75,LM,8,9500000.0,15000.0,20900000.0,306,67,67,44,71,57,334,78,73,47,59,77,394,81,90,84,68,71,341,68,67,74,69,63,258,30,35,66,68,59,72,81,27,26,28,45,7,12,15,6,5,1759,387,1,86,65,67,77,30,179,77,Strasbourg,2027.0,,D. Bakwa
C. De Ketelaere CAM ST CF,22,78,84,251470,Left,80,CAM,6,22500000.0,52000.0,0.0,379,75,75,75,78,76,384,80,73,72,77,82,364,70,74,78,76,66,387,79,79,83,71,75,338,55,58,78,80,67,72,157,45,58,54,49,11,8,14,8,8,2058,430,1,72,76,77,79,55,192,79,Atalanta,,,C. De Ketelaere
J. Tolkin LB LWB LM,20,71,81,251834,Left,71,LB,10,3900000.0,4000.0,6400000.0,271,66,42,51,68,44,306,63,59,62,62,60,378,81,81,77,64,75,316,53,70,83,61,49,289,67,69,58,55,40,52,202,67,69,66,50,12,10,6,8,14,1812,388,1,81,46,63,64,66,170,61,New York RB,2027.0,,J. Tolkin
Beto ST,25,79,79,251892,Right,79,ST,0,20000000.0,49000.0,38000000.0,340,40,79,77,68,76,322,75,63,51,58,75,363,79,84,63,79,58,415,82,94,78,92,69,301,72,18,80,60,71,73,58,17,20,21,54,15,11,9,6,13,1853,400,1,82,77,58,73,25,194,88,Everton,2027.0,,Beto
J. Veerman CM CDM CAM,24,80,84,253109,Right,82,CM,4,30000000.0,21000.0,44300000.0,345,81,65,55,85,59,395,76,77,74,87,81,331,68,47,72,75,69,370,76,63,85,71,75,349,68,63,66,87,65,79,192,67,67,58,47,12,11,10,5,9,2029,424,2,56,69,84,77,64,185,75,PSV,2026.0,,J. Veerman
F. Pellistri RW RM,21,71,81,253283,Right,73,RM,10,4200000.0,45000.0,0.0,312,70,60,56,69,57,334,75,70,62,55,72,407,83,77,84,73,90,327,68,71,74,56,58,302,67,34,71,64,66,70,105,39,38,28,43,9,12,7,8,7,1830,384,1,80,62,66,75,38,175,65,Granada,,,F. Pellistri
K. Taylor CM CAM LM,21,73,81,255009,Left,76,CAM,8,7000000.0,10000.0,11200000.0,334,73,65,55,79,62,371,73,75,71,76,76,362,85,64,75,69,69,358,74,68,80,67,69,333,68,63,71,75,56,71,175,63,57,55,44,9,12,10,6,7,1977,421,1,73,67,76,74,60,182,73,Ajax,2027.0,,K. Taylor
S. Hezze CDM CM,21,75,83,255971,Right,76,CM,8,12000000.0,9000.0,20400000.0,300,53,65,70,77,35,304,69,48,40,74,73,346,70,65,71,73,67,362,64,77,84,74,63,337,71,78,72,70,46,70,212,68,75,69,56,8,13,14,14,7,1917,415,1,67,62,67,71,72,182,77,Huracán,2024.0,,S. Hezze
K. Sulemana LW LM ST,21,73,80,256035,Right,74,RM,7,6000000.0,28000.0,12600000.0,304,63,68,42,69,62,343,77,82,50,58,76,424,92,93,89,62,88,330,70,67,66,60,67,266,52,26,67,65,56,75,80,30,25,25,52,6,13,7,12,14,1799,391,1,93,67,65,78,28,175,70,Southampton,2027.0,,K. Sulemana
Luis Henrique LW LM,21,73,77,256632,Right,75,RM,4,4400000.0,24000.0,8700000.0,340,76,64,67,74,59,326,76,63,52,63,72,360,84,82,71,59,64,378,76,85,70,78,69,287,58,24,69,73,63,67,105,40,34,31,46,9,5,7,10,15,1842,402,1,83,67,71,72,37,181,78,Olympique de Marseille,2025.0,,Luis Henrique
Álex Baena LM ST,21,77,83,257279,Right,79,CAM,6,17000000.0,23000.0,39100000.0,350,69,78,58,76,69,379,75,70,80,74,80,369,75,74,76,75,69,356,76,68,76,59,77,363,74,66,78,77,68,74,197,67,66,64,48,6,11,8,12,11,2062,432,1,74,76,74,76,65,174,69,Villarreal,2028.0,,Álex Baena
A. Knauff RM LM,21,76,81,257540,Right,77,RM,5,11500000.0,25000.0,20400000.0,332,72,74,48,75,63,322,77,69,43,58,75,400,88,85,79,72,76,335,70,67,78,55,65,310,63,54,73,71,49,67,150,58,48,44,55,8,13,13,14,7,1904,416,2,86,70,69,76,52,180,73,Eintracht Frankfurt,2027.0,,A. Knauff
23 G. Buffon GK,44,77,77,1179,Right,77,GK,0,1200000.0,3000.0,1900000.0,95,13,15,13,37,17,122,26,20,13,35,28,233,33,27,50,74,49,233,52,69,34,65,13,150,38,28,12,50,22,70,35,13,11,11,376,73,73,69,86,75,1244,407,4,73,73,69,75,31,192,92,Parma,2024.0,23,G. Buffon
G. Ochoa GK,37,80,80,140233,Right,80,GK,0,2300000.0,20000.0,4099999.9999999995,99,15,12,19,37,16,113,20,14,17,37,25,270,50,50,57,70,43,229,53,67,38,60,11,124,19,23,16,50,16,60,44,21,10,13,386,81,73,70,81,81,1265,436,1,81,73,70,81,50,185,78,Salernitana,2025.0,,G. Ochoa
S. Aluko CAM RM,34,64,64,173530,Left,65,LW,0,275000.0,5000.0,523000.0,293,62,56,48,63,64,326,68,69,66,57,66,369,70,70,86,62,81,278,67,51,49,49,62,258,50,31,63,62,52,63,119,43,41,35,50,14,8,7,15,6,1693,350,1,70,60,62,69,40,173,62,Ipswich Town,2024.0,,S. Aluko
23 M. Özil CAM RM,33,77,77,176635,Left,77,CAM,0,6500000.0,37000.0,13000000.0,365,82,70,51,85,77,397,78,84,75,80,80,351,69,68,75,65,74,250,68,33,40,43,66,296,44,14,77,82,79,85,51,16,16,19,50,6,14,10,6,14,1760,360,4,68,70,83,78,19,180,70,İstanbul Başakşehir,2023.0,23,M. Özil
C. Eriksen CM CDM,31,80,80,190460,Right,80,CM,0,17500000.0,115000.0,33299999.999999996,371,84,71,50,86,80,428,75,89,86,89,89,323,58,54,63,76,72,335,81,55,67,50,82,323,35,52,75,89,72,83,132,53,57,22,43,9,14,7,7,6,1955,400,3,56,76,87,78,51,182,76,Manchester United,2025.0,,C. Eriksen
P. Groß CM CDM RB,32,80,80,190765,Right,80,CM,0,16500000.0,88000.0,31400000.0,362,84,75,53,83,67,406,80,85,77,82,82,321,55,50,67,83,66,373,78,62,85,68,80,367,69,62,80,84,72,84,202,70,67,65,65,8,15,15,16,11,2096,427,2,52,76,83,79,65,181,78,Brighton & Hove Albion,2025.0,,P. Groß
M. Götze CM CF LM,31,81,81,192318,Right,81,CM,0,21000000.0,49000.0,35700000.0,371,79,75,47,87,83,404,82,81,72,81,88,368,68,58,78,81,83,364,75,63,91,67,68,369,59,65,81,86,78,87,159,64,42,53,49,14,7,12,6,10,2084,430,4,63,74,83,84,55,176,72,Eintracht Frankfurt,2025.0,,M. Götze
D. Alaba CB LB,31,85,85,197445,Left,85,CB,0,37000000.0,200000.0,75900000.0,377,83,62,77,88,67,401,77,76,85,80,83,400,79,79,76,88,78,397,82,86,73,78,78,394,77,87,73,78,79,84,256,89,84,83,50,5,7,14,15,9,2275,475,4,79,71,83,80,85,180,78,Real Madrid,2026.0,,D. Alaba
G. Kondogbia CM CDM,30,80,80,201455,Left,82,CDM,0,20000000.0,47000.0,38000000.0,350,64,67,76,82,61,364,74,64,66,80,80,346,67,70,72,79,58,430,86,87,86,91,80,376,85,82,77,79,53,81,242,81,81,80,53,15,10,10,8,10,2161,462,2,69,73,76,75,81,188,76,Olympique de Marseille,2027.0,,G. Kondogbia
M. Batshuayi ST,29,76,76,204529,Right,76,ST,0,7500000.0,35000.0,14300000.0,354,65,76,70,66,77,320,75,67,60,42,76,373,75,78,76,73,71,400,86,84,75,84,71,315,70,29,80,64,72,77,90,37,31,22,57,9,10,16,7,15,1909,405,2,77,77,62,75,35,185,80,Fenerbahçe,2024.0,,M. Batshuayi
B. Davies CB LB,30,77,77,205923,Left,77,CB,0,8500000.0,65000.0,16200000.0,328,71,58,73,78,48,341,70,72,48,75,76,341,63,65,64,81,68,332,65,75,70,70,52,335,79,78,60,64,54,76,236,79,79,78,45,11,7,6,7,14,1958,416,2,64,58,72,72,78,181,76,Tottenham Hotspur,2025.0,,B. Davies
J. Lingard CAM ST,30,74,74,207494,Right,74,CAM,0,4099999.9999999995,8000.0,5100000.0,356,70,72,63,75,76,357,77,79,64,62,75,376,74,66,78,74,84,348,76,70,68,58,76,342,71,50,76,75,70,76,167,61,57,49,54,14,10,8,13,9,2000,414,2,70,74,72,77,57,175,65,Seoul,2025.0,,J. Lingard
Marquinhos CB,29,87,88,207865,Right,87,CB,1,73500000.0,140000.0,141500000.0,334,68,59,88,84,35,323,69,58,32,85,79,379,76,82,68,86,67,360,65,89,83,78,45,368,81,89,70,76,52,86,267,90,89,88,47,6,6,12,10,13,2078,453,3,79,56,75,74,89,183,75,Paris Saint Germain,2028.0,,Marquinhos
Saúl CM,28,80,80,208421,Left,80,CM,0,21000000.0,61000.0,44100000.0,379,69,73,80,81,76,374,79,73,61,80,81,356,67,70,72,80,67,389,80,82,75,74,78,380,75,78,77,82,68,80,229,76,77,76,51,7,13,12,10,9,2158,452,3,69,76,77,78,77,184,75,Atlético Madrid,2026.0,,Saúl
Ederson GK,29,88,89,210257,Left,88,GK,1,70000000.0,210000.0,134800000.0,131,20,14,14,65,18,203,30,40,20,68,45,323,64,63,60,88,48,287,68,79,44,78,18,220,38,27,20,70,65,70,52,29,15,8,433,87,82,91,86,87,1649,497,3,87,82,91,87,64,188,86,Manchester City,2026.0,,Ederson
A. Laporte CB,29,83,84,212218,Left,84,CB,1,33500000.0,59000.0,56100000.0,308,58,45,82,83,40,353,64,61,69,81,78,308,51,61,57,85,54,345,68,81,67,82,47,325,74,85,54,68,44,84,255,84,86,85,45,10,11,5,14,5,1939,411,3,57,50,73,69,85,189,85,Al Nassr,2026.0,,A. Laporte
P. Højbjerg CDM CM,27,82,83,213648,Right,82,CDM,1,31000000.0,95000.0,61200000.0,347,68,68,65,82,64,383,76,70,74,83,80,316,56,54,60,81,65,398,85,72,84,78,79,369,88,83,69,73,56,80,234,80,81,73,50,9,7,12,11,11,2097,441,2,55,73,77,76,79,187,84,Tottenham Hotspur,2025.0,,P. Højbjerg
Y. Tielemans CM CDM CAM,26,81,82,216393,Right,82,CM,1,30000000.0,95000.0,59300000.0,381,78,75,65,84,79,408,78,83,78,85,84,318,55,46,62,80,75,384,85,70,72,72,85,371,64,68,78,86,75,85,207,72,68,67,50,6,8,10,14,12,2119,430,2,50,79,83,79,69,176,72,Aston Villa,2027.0,,Y. Tielemans
M. Dahoud CM CDM,27,77,77,218339,Right,77,CM,0,11000000.0,71000.0,0.0,318,67,60,44,81,66,371,81,77,53,78,82,376,75,57,85,75,84,352,80,60,79,59,74,350,75,75,66,79,55,74,192,72,61,59,53,14,7,9,12,11,2012,421,2,65,67,76,81,65,178,68,VfB Stuttgart,,,M. Dahoud
L. Colombo ST,21,73,83,256899,Left,75,ST,10,7000000.0,35000.0,0.0,309,41,75,72,59,62,287,70,55,50,40,72,347,68,76,66,69,68,381,81,81,68,76,75,285,73,18,77,54,63,69,73,23,30,20,37,9,6,7,6,9,1719,371,1,72,75,51,70,29,183,74,Monza,,,L. Colombo
S. Mara ST,20,70,80,257612,Right,72,ST,10,3500000.0,19000.0,7400000.0,317,40,71,74,65,67,272,69,48,41,46,68,340,76,74,67,65,58,348,68,84,63,71,62,258,49,22,69,54,64,68,60,18,23,19,52,12,6,12,12,10,1647,355,1,75,68,53,68,26,183,80,Southampton,2026.0,,S. Mara
N. Seiwald CM CDM,22,76,84,257876,Right,78,CM,8,17000000.0,38000.0,32299999.999999996,326,70,58,63,77,58,354,72,69,60,78,75,379,74,73,77,79,76,366,70,73,92,65,66,348,76,76,68,74,54,70,219,71,76,72,41,5,8,7,14,7,2033,430,1,73,62,74,74,73,179,79,RB Leipzig,2028.0,,N. Seiwald
Hugo Novoa RM RB,20,69,79,258041,Right,71,ST,10,3100000.0,15000.0,0.0,311,58,72,64,56,61,288,74,51,38,52,73,392,84,89,77,67,75,313,66,72,59,54,62,277,40,49,69,59,60,59,142,45,53,44,55,15,9,14,7,10,1778,386,1,87,68,55,73,50,182,70,Villarreal II,,,Hugo Novoa
H. Mejbri CM CAM,20,69,80,258171,Right,71,CM,11,3000000.0,30000.0,0.0,300,68,55,53,70,54,348,69,75,67,69,68,366,72,74,76,70,74,344,68,68,78,68,62,345,88,64,66,71,56,73,199,64,68,67,42,9,5,10,11,7,1944,412,1,73,60,70,70,64,182,70,Sevilla,,,H. Mejbri
M. Godts LW RW,18,66,84,258378,Right,67,CAM,18,2200000.0,2000.0,4500000.0,280,60,57,44,64,55,316,76,56,54,61,69,384,80,74,81,63,86,300,68,63,53,62,54,220,32,32,54,59,43,65,124,28,49,47,53,8,10,14,14,7,1677,363,1,77,58,61,74,39,176,70,Ajax,2027.0,,M. Godts
L. Delap ST RW,20,71,82,259031,Right,73,ST,11,4099999.9999999995,48000.0,0.0,327,55,71,69,65,67,293,72,60,40,50,71,352,74,78,73,65,62,369,76,82,69,79,63,274,65,22,69,58,60,55,72,28,23,21,48,8,9,10,11,10,1735,377,1,76,70,58,70,29,186,80,Hull City,,,L. Delap
M. Kjaergaard CM,20,72,82,260876,Left,74,CAM,10,5000000.0,10000.0,8500000.0,335,70,67,59,73,66,355,71,73,69,68,74,360,71,78,74,75,62,375,78,74,77,74,72,347,73,67,71,74,62,68,187,63,64,60,46,9,6,11,12,8,2005,427,1,75,70,72,72,63,192,77,Salzburg,2026.0,,M. Kjaergaard
M. Keita CDM CM,21,75,83,261539,Right,76,CDM,8,12000000.0,10000.0,0.0,277,48,42,64,76,47,328,77,55,49,73,74,378,78,78,78,69,75,391,76,81,86,78,70,335,75,74,52,73,61,70,217,71,74,72,52,11,11,11,6,13,1978,428,1,78,56,67,75,72,181,78,Antwerp,,,M. Keita
M. Pašalić RM RW LM,22,68,73,262740,Left,70,CAM,5,0.0,0.0,0.0,280,60,61,41,65,53,331,72,73,65,50,71,383,78,74,79,67,85,337,78,59,66,57,77,251,42,32,64,65,48,66,95,31,30,34,53,9,8,13,14,9,1730,366,1,76,67,62,73,32,177,74,Croatia,,,M. Pašalić
E. Bitshiabu CB,18,68,83,263193,Left,70,CB,15,2600000.0,5000.0,6000000.0,223,45,26,68,63,21,249,51,50,30,61,57,202,35,39,32,65,31,317,73,73,56,92,23,261,69,66,35,53,38,51,198,66,69,63,55,10,12,13,13,7,1505,323,1,37,36,55,51,67,196,96,RB Leipzig,2028.0,,E. Bitshiabu
Abner LB,23,73,82,263815,Left,74,LM,9,6500000.0,14000.0,15000000.0,306,76,48,54,75,53,334,74,75,37,74,74,383,80,84,79,67,73,303,57,68,69,58,51,315,69,65,72,67,42,56,208,65,71,72,57,11,13,10,14,9,1906,408,1,82,52,72,73,66,181,74,Real Betis,2029.0,,Abner
Vitinha ST,23,75,79,263829,Right,77,ST,4,8000000.0,32000.0,0.0,348,58,76,73,67,74,328,76,63,56,59,74,383,78,75,76,75,79,392,78,87,79,78,70,329,86,36,77,65,65,73,74,23,29,22,43,5,8,6,9,15,1897,401,1,76,75,63,75,32,178,74,Genoa,,,Vitinha
M. Cancellieri LW CF,20,73,83,263929,Left,74,CAM,10,6500000.0,28000.0,0.0,329,69,64,55,71,70,367,79,76,70,65,77,391,78,84,83,66,80,347,74,72,58,66,77,289,59,33,65,65,67,64,114,31,42,41,52,11,15,11,6,9,1889,397,1,81,69,69,77,38,180,79,Empoli,,,M. Cancellieri
C. Humphreys CDM CM LB,19,63,76,264200,Left,66,LM,13,1100000.0,2000.0,2800000.0,274,64,55,46,65,44,312,63,60,62,62,65,335,67,65,69,62,72,303,58,58,69,60,58,289,60,58,63,64,44,62,173,59,59,55,46,10,11,10,7,8,1732,370,1,66,56,64,65,57,178,70,Ipswich Town,2025.0,,C. Humphreys
I. Koné CM,21,71,80,264207,Right,73,CM,9,4200000.0,16000.0,8800000.0,285,56,57,52,74,46,337,72,72,48,72,73,345,74,81,69,69,52,355,71,68,75,68,73,298,62,63,65,69,39,74,182,61,65,56,49,7,7,13,9,13,1851,409,1,78,62,68,71,61,188,76,Watford,2025.0,,I. Koné
A. Phillips CB,18,64,83,264731,Right,66,CB,19,1400000.0,4000.0,0.0,212,38,25,61,65,23,195,39,31,18,58,49,321,66,67,59,61,68,264,34,73,63,74,20,221,57,64,26,41,33,49,194,65,66,63,47,15,9,10,6,7,1454,323,1,67,26,50,47,65,191,76,Plymouth Argyle,,,A. Phillips
Iker Bravo ST LW RW,18,66,82,265194,Right,68,ST,16,2200000.0,6000.0,0.0,302,42,71,70,64,55,290,69,48,63,43,67,325,67,68,66,61,63,320,70,70,54,60,66,239,45,18,61,55,60,47,54,20,17,17,40,6,6,7,6,15,1570,335,1,68,68,54,66,23,184,79,Real Madrid,,,Iker Bravo
Y. Regeer LB RB CM,19,69,82,265390,Right,71,RM,13,3200000.0,3000.0,6800000.0,290,64,57,53,74,42,322,70,58,53,72,69,356,72,78,70,65,71,311,63,66,72,63,47,314,68,66,63,66,51,70,197,66,68,63,57,13,8,14,11,11,1847,399,1,75,55,68,70,65,177,68,FC Twente,2027.0,,Y. Regeer
H. Vale CAM LWB,19,64,80,265412,Left,66,CAM,16,1500000.0,2000.0,3600000.0,302,62,61,58,66,55,322,66,68,57,64,67,348,75,73,74,53,73,318,62,68,68,58,62,271,48,43,55,62,63,66,155,52,54,49,64,12,15,14,14,9,1780,376,1,74,61,64,67,51,181,76,Bristol Rovers,2025.0,,H. Vale
Ilias RW RM LW,19,73,82,265578,Left,73,RW,9,6500000.0,16000.0,15000000.0,305,71,74,38,72,50,332,77,60,63,57,75,356,75,74,75,63,69,315,66,56,64,55,74,268,51,23,68,67,59,58,90,25,30,35,45,6,12,9,6,12,1711,371,1,74,70,68,74,28,175,70,Villarreal,2026.0,,Ilias
S. Castro ST RW,18,71,81,267861,Right,73,ST,10,4000000.0,9000.0,7600000.0,318,55,72,73,62,56,295,72,57,47,50,69,383,82,82,78,64,77,360,76,86,56,71,71,292,73,35,67,53,64,57,102,25,37,40,59,14,13,9,12,11,1809,385,1,82,71,56,71,37,182,76,Bologna,2028.0,,S. Castro
G. Kuol LM RM,18,65,82,268460,Right,66,RM,17,1800000.0,7000.0,0.0,268,56,59,46,59,48,285,66,51,46,58,64,389,92,89,77,58,73,254,57,56,50,38,53,234,28,33,59,54,60,55,66,32,18,16,49,15,6,14,8,6,1545,337,1,90,57,56,66,28,175,68,FC Volendam,,,G. Kuol
A. Zanoli RB RM,22,72,81,268656,Right,73,RWB,9,5000000.0,25000.0,0.0,271,69,38,60,67,37,305,70,60,38,66,71,340,72,76,69,70,53,304,45,76,76,74,33,296,63,69,62,55,47,63,211,67,74,70,55,14,7,13,10,11,1782,387,1,74,40,63,69,69,188,76,Salernitana,,,A. Zanoli
G. Prestianni RM CF CM,17,68,84,269292,Right,69,RM,16,3000000.0,700.0,7900000.0,251,58,61,26,57,49,305,75,56,49,53,72,421,91,83,92,62,93,264,62,46,63,33,60,288,55,53,60,59,61,64,94,23,38,33,52,6,7,14,10,15,1675,361,1,87,60,57,76,35,166,63,Benfica,2029.0,,G. Prestianni
Đ. Petrović GK,23,77,84,269626,Right,77,GK,7,18000000.0,53000.0,37800000.0,87,11,11,15,39,11,128,15,12,12,49,40,240,42,43,43,78,34,243,53,69,35,75,11,112,25,13,11,50,13,59,41,13,13,15,376,76,76,70,76,78,1227,418,1,76,76,70,78,42,194,88,Chelsea,2030.0,,Đ. Petrović
Léo Scienza LW RW CF,24,67,69,269964,Right,69,CAM,2,1300000.0,1000.0,2000000.0,304,62,65,56,65,56,333,69,70,65,61,68,378,79,76,84,61,78,311,69,63,65,48,66,246,33,25,63,63,62,61,79,25,27,27,46,6,14,6,14,6,1697,355,1,77,65,64,70,29,175,69,Ulm,2025.0,,Léo Scienza
Gabriel Sara CM CDM RM,24,76,82,270571,Left,78,CAM,6,12000000.0,30000.0,25200000.0,359,73,72,68,79,67,383,75,77,76,78,77,371,74,75,71,75,76,403,86,81,83,79,74,338,77,55,77,79,50,78,171,57,62,52,53,14,14,10,6,9,2078,440,1,75,74,77,75,59,177,79,Norwich City,2026.0,,Gabriel Sara
G. Fabbian CM CAM,20,72,83,271019,Right,75,CAM,11,5000000.0,16000.0,9500000.0,343,58,76,62,76,71,351,72,68,64,72,75,358,73,70,72,64,79,344,74,69,72,58,71,331,65,62,72,74,58,70,177,52,64,61,38,8,9,8,7,6,1942,410,1,71,73,70,73,60,186,75,Bologna,2028.0,,G. Fabbian
A. Cozier-Duberry LW CAM,18,59,77,271743,Left,60,LM,18,575000.0,6000.0,1400000.0,268,58,57,38,55,60,256,60,53,41,44,58,332,72,63,73,50,74,246,56,45,55,45,45,252,55,27,59,56,55,55,80,28,28,24,52,11,12,9,13,7,1486,314,1,67,55,53,61,28,170,60,Arsenal,2024.0,,A. Cozier-Duberry
T. Cannon ST,20,69,79,272651,Right,71,ST,10,3100000.0,16000.0,6200000.0,303,48,72,62,61,60,305,73,54,62,45,71,369,80,79,76,59,75,335,71,74,65,61,64,263,42,21,69,63,68,65,71,24,25,22,45,11,8,11,8,7,1691,362,1,79,69,56,72,27,180,65,Leicester City,2028.0,,T. Cannon
C. Mawissa CB,18,69,83,272785,Left,71,CB,14,3000000.0,3000.0,7900000.0,239,48,26,70,67,28,224,54,31,28,52,59,284,62,57,43,64,58,269,43,71,66,68,21,247,69,66,32,38,42,64,214,69,71,74,51,11,6,8,13,13,1528,334,1,59,30,51,56,70,185,77,Toulouse,2026.0,,C. Mawissa
K. Hlynsson CAM CM RW,19,69,84,274927,Right,71,CAM,15,3300000.0,4000.0,6700000.0,298,53,62,57,68,58,325,70,66,57,58,74,349,68,67,75,67,72,288,67,52,68,39,62,275,42,36,69,70,58,67,118,44,36,38,49,14,5,12,6,12,1702,354,1,67,63,63,72,41,179,67,Ajax,2026.0,,K. Hlynsson
L. Camara CM CAM,19,71,83,275138,Right,74,RM,12,4400000.0,7000.0,9700000.0,289,64,61,38,75,51,352,72,67,66,72,75,374,82,76,72,64,80,310,72,55,77,48,58,313,57,59,69,74,54,68,162,49,60,53,61,13,12,15,12,9,1861,396,1,79,62,71,73,54,173,65,Metz,2026.0,,L. Camara
Samu ST,19,72,83,277581,Right,74,ST,11,5000000.0,21000.0,0.0,314,35,76,74,67,62,280,70,41,50,48,71,307,65,74,55,69,44,367,71,82,65,80,69,227,32,16,75,47,57,59,45,20,12,13,50,11,12,11,8,8,1590,350,1,70,72,52,67,22,193,82,Deportivo Alavés,,,Samu
N. Lahmadi CM CDM,18,65,82,277820,Right,67,CAM,17,1800000.0,2000.0,4700000.0,310,58,60,60,74,58,313,67,59,54,67,66,334,69,66,59,63,77,308,67,63,66,54,58,291,66,52,55,64,54,63,181,56,63,62,52,12,10,9,10,11,1789,377,1,67,60,66,66,58,173,71,Toulouse,2026.0,,N. Lahmadi
Nico Paz CM CAM,18,65,83,277846,Left,69,CAM,18,1800000.0,10000.0,4800000.0,257,54,62,38,65,38,308,68,54,52,63,71,328,68,67,69,63,61,312,59,56,65,66,66,280,38,58,62,69,53,64,141,35,62,44,59,14,10,15,12,8,1685,367,1,67,61,62,68,49,186,81,Real Madrid,2027.0,,Nico Paz
A. Zambo Anguissa CDM CM,27,81,82,227236,Right,81,CDM,1,26500000.0,58000.0,47000000.0,331,62,66,69,80,54,335,78,59,45,74,79,385,76,75,76,81,77,399,74,85,85,87,68,378,85,79,80,74,60,82,239,80,86,73,50,11,11,9,8,11,2117,459,1,75,68,72,78,80,184,83,Napoli,2025.0,,A. Zambo Anguissa
Borja Mayoral ST,26,78,79,228635,Right,79,ST,1,17000000.0,33000.0,37000000.0,371,63,81,80,76,71,359,76,70,69,65,79,363,70,72,73,74,74,372,78,83,66,72,73,319,50,37,82,70,80,79,93,40,29,24,51,12,9,8,15,7,1928,402,2,71,78,70,77,39,182,74,Getafe,2027.0,,Borja Mayoral
Robert Sánchez GK,25,79,82,228789,Right,79,GK,3,18000000.0,71000.0,35600000.0,104,13,12,15,52,12,138,18,13,13,52,42,276,57,64,42,78,35,253,56,73,40,72,12,136,32,15,12,60,17,62,45,15,15,15,390,79,77,75,79,80,1342,450,1,79,77,75,80,60,197,90,Chelsea,2030.0,,Robert Sánchez
Renato Sanches CM RM,25,78,81,230767,Right,81,CAM,3,18500000.0,68000.0,0.0,344,75,60,61,80,68,374,80,69,68,77,80,407,81,78,81,79,88,398,85,82,75,80,76,381,84,75,75,79,68,83,211,73,73,65,50,5,12,6,13,14,2165,458,3,79,70,77,81,71,176,70,Roma,,,Renato Sanches
L. Kelly CB LB,24,74,77,231512,Left,76,CB,3,5000000.0,31000.0,9900000.0,275,62,34,74,70,35,288,66,44,42,65,71,330,64,75,62,69,60,324,50,81,72,80,41,307,72,73,58,59,45,73,223,73,77,73,46,7,8,8,11,12,1793,390,1,70,40,63,67,74,190,76,AFC Bournemouth,2024.0,,L. Kelly
D. James RM LM ST,25,75,76,232104,Right,75,RM,1,6500000.0,38000.0,12800000.0,321,73,72,50,68,58,331,72,73,54,58,74,428,94,93,83,76,82,332,73,68,74,52,65,324,79,42,74,65,64,65,131,52,45,34,48,7,6,11,15,9,1915,413,1,93,70,66,74,46,171,63,Leeds United,2026.0,,D. James
M. Škriniar CB,28,82,82,232363,Right,82,CB,0,26500000.0,90000.0,49000000.0,279,43,46,78,72,40,282,64,47,30,71,70,303,53,64,47,83,56,324,50,82,66,87,39,316,79,84,41,56,56,78,253,86,87,80,55,10,13,12,8,12,1812,394,3,59,45,60,65,85,188,80,Paris Saint Germain,2028.0,,M. Škriniar
D. Dumfries RWB RM,27,81,81,233096,Right,81,RWB,0,25000000.0,80000.0,42500000.0,342,77,67,84,76,38,323,72,69,35,71,76,374,77,87,69,81,60,397,68,94,92,89,54,344,83,78,76,59,48,74,232,76,79,77,54,10,10,7,13,14,2066,456,3,83,63,70,73,78,188,80,Inter,2025.0,,D. Dumfries
Zubeldia CB,26,80,83,233738,Right,82,CB,3,24500000.0,36000.0,53300000.0,329,65,62,74,81,47,359,71,73,65,77,73,383,75,80,74,80,74,380,75,85,80,80,60,355,86,83,63,72,51,73,236,81,79,76,46,6,8,9,10,13,2088,449,1,78,63,74,73,80,181,73,Real Sociedad,2029.0,,Zubeldia
O. Mangala CM CDM,25,76,79,234078,Right,78,CM,3,10000000.0,54000.0,0.0,292,61,51,51,79,50,355,83,65,50,75,82,382,75,66,77,78,86,358,66,72,78,74,68,333,78,73,64,76,42,82,221,76,73,72,37,7,6,7,7,10,1978,430,2,70,58,72,82,72,178,80,Olympique Lyonnais,,,O. Mangala
B. Jatta RW,25,71,73,234640,Right,74,RM,2,2400000.0,19000.0,4000000.0,324,70,69,58,68,59,306,72,62,49,58,65,363,84,91,67,62,59,380,74,82,82,78,64,309,63,39,74,72,61,70,130,39,54,37,43,6,11,8,9,9,1855,411,1,88,68,66,68,45,184,79,Hamburger SV,2024.0,,B. Jatta
S. Özcan CDM CM,25,77,79,235407,Right,79,CB,2,12000000.0,36000.0,21300000.0,327,62,66,73,75,51,334,74,59,53,74,74,387,77,73,78,75,84,365,65,86,81,80,53,359,83,80,68,71,57,76,225,74,77,74,49,13,7,9,9,11,2046,439,2,75,62,70,75,76,182,79,Borussia Dortmund,2026.0,,S. Özcan
Y. En-Nesyri ST,26,82,83,235410,Left,83,ST,1,36500000.0,42000.0,79400000.0,377,51,84,88,77,77,336,78,63,56,58,81,349,80,81,67,82,39,412,83,92,83,77,77,323,76,33,85,56,73,75,85,27,31,27,58,13,9,14,9,13,1940,417,3,81,82,63,76,36,188,78,Sevilla,2025.0,,Y. En-Nesyri
E. Eze CAM CM LM,25,80,85,235794,Right,82,CAM,5,31000000.0,48000.0,61200000.0,350,72,79,49,81,69,398,84,79,78,75,82,396,78,77,83,78,80,362,75,69,74,68,76,344,58,52,77,80,77,81,140,40,58,42,55,10,12,9,14,10,2045,432,1,77,77,78,83,49,178,67,Crystal Palace,2027.0,,E. Eze
E. Ndicka CB,23,78,83,236403,Left,80,CB,5,19000000.0,47000.0,33700000.0,317,68,49,78,79,43,315,72,59,30,78,76,341,73,81,54,78,55,362,65,89,71,83,54,318,77,76,68,64,33,80,232,78,79,75,44,13,8,7,8,8,1929,428,2,77,53,70,71,78,192,82,Roma,2028.0,,E. Ndicka
Y. Bissouma CDM CM,26,80,83,236480,Right,81,CM,3,25000000.0,81000.0,49400000.0,336,65,58,65,83,65,381,83,62,75,78,83,373,73,72,74,77,77,387,79,78,78,76,76,358,76,81,69,74,58,82,234,77,81,76,48,12,8,8,12,8,2117,450,2,72,67,75,81,78,182,78,Tottenham Hotspur,2026.0,,Y. Bissouma
Douglas Luiz CM CDM,25,82,84,236499,Right,84,CM,2,38000000.0,100000.0,75100000.0,380,82,74,62,87,75,418,77,89,83,84,85,363,70,64,74,80,75,390,78,74,80,74,84,393,77,77,70,86,83,84,226,80,77,69,48,12,6,13,10,7,2218,461,2,67,77,85,80,76,175,66,Aston Villa,2026.0,,Douglas Luiz
R. Koch CB CDM,26,79,81,236532,Right,81,CB,2,19000000.0,48000.0,0.0,250,40,27,79,75,29,263,60,31,28,72,72,315,54,68,61,79,53,326,56,80,69,79,42,311,79,78,52,64,38,80,239,79,82,78,44,9,6,15,8,6,1748,383,2,62,38,61,65,80,191,85,Eintracht Frankfurt,,,R. Koch
G. Arteaga LB,24,74,77,236537,Left,74,LB,3,0.0,0.0,0.0,293,71,53,61,71,37,318,72,71,38,66,71,379,78,76,79,70,76,311,58,71,76,58,48,312,73,65,70,58,46,65,218,65,78,75,36,9,5,10,5,7,1867,404,1,77,53,66,72,70,175,68,Mexico,,,G. Arteaga
R. Brewster ST,23,67,71,238460,Right,69,ST,4,1500000.0,11000.0,3100000.0,301,50,68,57,61,65,294,72,47,58,50,67,375,82,77,76,66,74,335,71,74,62,62,66,256,51,15,68,56,66,62,49,14,18,17,42,7,12,10,8,5,1652,352,1,79,68,55,70,20,180,75,Sheffield United,2025.0,,R. Brewster
W. McKennie CM CDM RM,24,78,80,238744,Right,81,CB,2,18000000.0,78000.0,32000000.0,387,78,71,84,78,76,379,80,78,63,77,81,368,75,76,68,78,71,400,76,90,83,78,73,373,81,77,78,76,61,78,233,77,80,76,48,7,9,12,9,11,2188,463,2,76,73,77,78,79,180,86,Juventus,2025.0,,W. McKennie
A. Karazor CDM CM CB,26,75,75,239096,Right,75,CDM,0,5500000.0,21000.0,9400000.0,254,39,35,78,75,27,275,64,42,31,68,70,276,47,55,62,69,43,300,47,73,82,69,29,292,75,78,34,67,38,70,226,78,77,71,44,12,10,6,11,5,1667,364,1,51,36,61,65,77,191,76,VfB Stuttgart,2026.0,,A. Karazor
Abel Ruiz ST CAM LM,23,76,82,239250,Right,78,ST,6,12000000.0,14000.0,26400000.0,359,60,78,72,75,74,334,76,58,56,67,77,377,76,78,75,76,72,389,77,83,82,74,73,296,46,24,75,78,73,71,103,45,38,20,44,6,10,10,10,8,1902,409,1,77,76,70,76,39,180,75,Sporting Braga,2025.0,,Abel Ruiz
R. Hack LM ST,24,75,77,239367,Right,76,RM,2,7500000.0,22000.0,13300000.0,337,68,76,49,73,71,355,77,68,73,62,75,407,84,78,87,72,86,318,74,60,76,45,63,263,38,29,70,68,58,68,93,33,31,29,45,8,9,9,10,9,1818,384,1,81,72,69,77,33,178,72,Borussia Mönchengladbach,2027.0,,R. Hack
F. Onyeka CDM CM,25,73,77,239529,Right,74,CDM,4,3800000.0,34000.0,7500000.0,303,55,62,63,70,53,304,70,56,42,66,70,377,71,85,79,71,71,341,66,76,76,74,49,343,79,76,70,70,48,70,208,71,72,65,51,15,9,7,6,14,1927,420,1,79,59,64,71,71,183,70,Brentford,2027.0,,F. Onyeka
A. Skov Olsen RM CAM RW,23,78,83,240017,Left,79,LM,5,21000000.0,22000.0,33100000.0,371,78,77,64,73,79,387,80,84,72,70,81,391,90,82,76,66,77,381,80,80,74,68,79,306,62,34,74,68,68,72,107,39,37,31,46,13,8,7,7,11,1989,424,1,86,78,73,79,39,187,75,Club Brugge,2026.0,,A. Skov Olsen
S. Baptiste CM CDM,25,70,73,240697,Right,72,CM,3,2100000.0,26000.0,4099999.9999999995,312,65,56,61,72,58,309,77,51,41,66,74,362,71,70,72,70,79,328,60,73,66,69,60,321,70,70,69,71,41,74,204,70,68,66,57,5,13,10,15,14,1893,407,1,70,58,67,75,68,175,67,Brentford,2024.0,,S. Baptiste
J. Sargent ST RM,23,74,78,242075,Right,76,ST,4,6000000.0,29000.0,11900000.0,343,58,74,74,67,70,312,69,62,56,57,68,360,73,73,76,73,65,403,81,87,88,82,65,335,79,52,77,65,62,69,123,45,45,33,41,8,7,9,8,9,1917,409,1,73,73,63,69,48,185,79,Norwich City,2028.0,,J. Sargent
J. Beyer CB,23,75,80,242660,Right,77,CB,5,7500000.0,33000.0,15600000.0,265,61,29,72,72,31,286,69,44,35,66,72,353,72,76,68,73,64,304,46,83,68,77,30,292,75,74,48,53,42,74,228,75,77,76,49,7,7,13,11,11,1777,390,1,74,34,62,70,75,187,80,Burnley,2027.0,,J. Beyer
L. Romo CM CDM,28,75,75,243015,Right,76,CDM,0,0.0,0.0,0.0,315,52,63,75,81,44,352,69,58,66,84,75,321,69,68,58,72,54,397,78,87,75,90,67,370,71,73,70,74,82,70,212,70,74,68,54,11,9,13,9,12,2021,430,1,68,67,72,69,72,182,84,Mexico,,,L. Romo
L. Ramazani RM LM ST,22,73,80,243134,Right,74,RM,7,6000000.0,18000.0,13800000.0,301,68,68,41,66,58,320,77,56,52,60,75,424,88,87,89,69,91,297,64,61,60,53,59,302,62,35,72,65,68,68,94,30,34,30,46,7,10,13,5,11,1784,383,2,87,65,64,77,33,167,55,Almería,2025.0,,L. Ramazani
K. Lewis-Potter LW ST LWB,22,72,80,243606,Right,73,RM,8,5500000.0,33000.0,11600000.0,324,70,68,64,65,57,331,76,67,61,54,73,389,82,74,84,67,82,342,68,75,73,59,67,303,65,39,72,69,58,64,123,40,44,39,57,9,12,9,14,13,1869,393,1,78,67,65,75,43,170,67,Brentford,2028.0,,K. Lewis-Potter
Vitinho RB RM LB,23,72,79,244661,Right,72,RB,7,4500000.0,25000.0,9900000.0,255,67,33,57,69,29,303,74,59,41,59,70,399,86,80,84,68,81,329,67,75,75,62,50,297,68,64,62,65,38,66,205,66,70,69,49,11,9,12,9,8,1837,398,1,83,45,64,73,66,175,73,Burnley,2027.0,,Vitinho
N. Aguerd CB,27,79,81,244749,Left,81,CB,2,18500000.0,66000.0,36500000.0,284,48,40,81,74,41,303,58,55,41,75,74,332,66,80,58,79,49,352,69,84,69,76,54,320,77,81,52,62,48,72,240,79,83,78,51,7,15,9,14,6,1882,408,2,74,50,64,64,81,190,76,West Ham United,2027.0,,N. Aguerd
L. Barreiro Martins CM CDM,23,76,82,245253,Right,78,CM,6,12000000.0,23000.0,24000000.0,302,54,63,52,77,56,337,78,62,46,72,79,394,76,62,88,77,91,318,61,60,90,48,59,344,76,78,69,74,47,74,219,75,74,70,41,14,9,6,6,6,1955,416,2,68,61,69,80,73,174,68,FSV Mainz 05,2024.0,,L. Barreiro Martins
L. Beltrán ST,22,76,83,246258,Right,78,ST,7,15500000.0,44000.0,29500000.0,348,56,80,68,74,70,331,75,64,48,68,76,385,78,73,79,75,80,378,74,83,73,80,68,355,83,41,81,75,75,77,132,42,46,44,52,6,14,10,14,8,1981,420,1,75,76,68,76,46,176,76,Fiorentina,2028.0,,L. Beltrán
M. Daramy LW ST,21,74,82,246459,Right,75,RM,8,9500000.0,17000.0,20900000.0,317,64,69,56,69,59,324,79,63,49,58,75,410,88,85,84,69,84,355,66,79,77,72,61,273,58,22,72,69,52,72,72,25,27,20,49,9,7,9,13,11,1800,394,1,86,66,65,78,28,180,71,Stade de Reims ,2028.0,,M. Daramy
S. Koita ST CAM,23,74,79,246762,Left,77,ST,5,6500000.0,16000.0,10200000.0,343,63,74,60,73,73,343,76,70,58,66,73,439,91,92,91,74,91,369,75,81,70,70,73,323,73,32,73,74,71,73,94,30,37,27,45,8,11,11,8,7,1956,418,1,92,74,69,77,35,173,73,Salzburg,2024.0,,S. Koita
23 G. Plata RM RW,21,77,86,247181,Left,78,CAM,9,23500000.0,18000.0,54100000.0,325,70,68,44,72,71,354,82,77,54,59,82,424,90,87,90,75,82,326,73,58,61,68,66,312,62,40,75,73,62,77,127,43,46,38,57,13,8,14,10,12,1925,416,1,88,69,69,82,43,178,65,Real Valladolid,2027.0,23,G. Plata
Tuta CB,23,76,80,247182,Right,78,CB,4,9500000.0,27000.0,16900000.0,303,60,48,74,75,46,297,69,42,39,74,73,358,68,78,68,76,68,336,59,82,76,79,40,313,77,76,45,53,62,77,225,77,75,73,50,7,11,5,15,12,1882,412,2,74,49,64,71,76,185,81,Eintracht Frankfurt,2026.0,,Tuta
Moncayola CM CDM RB,25,78,83,247495,Right,80,CM,5,20500000.0,29000.0,44600000.0,322,67,68,55,82,50,352,82,56,57,79,78,335,64,64,66,76,65,344,70,66,74,67,67,352,75,76,74,77,50,73,227,72,78,77,50,7,7,11,11,14,1982,427,1,64,67,75,78,73,182,78,Osasuna,2031.0,,Moncayola
J. Araujo RB,21,74,82,247678,Right,75,RWB,8,9000000.0,59000.0,0.0,237,67,25,56,67,22,279,68,55,25,62,69,391,89,90,79,62,71,309,50,78,84,69,28,309,80,71,65,57,36,62,216,72,73,71,56,14,8,7,14,13,1797,399,1,90,33,62,69,70,175,70,Las Palmas,,,J. Araujo
G. Slonina GK,19,68,81,248158,Right,68,GK,13,2500000.0,10000.0,0.0,65,14,7,11,25,8,75,13,10,14,23,15,254,44,47,49,69,45,219,47,62,34,68,8,121,39,15,5,50,12,48,41,19,10,12,330,69,64,63,65,69,1105,375,1,69,64,63,69,45,193,89,AS Eupen,,,G. Slonina
G. Isaksen RW ST CF,22,74,82,248729,Left,76,LM,8,9500000.0,35000.0,18100000.0,318,59,73,55,70,61,327,77,70,44,61,75,416,86,92,85,73,80,315,71,60,81,35,68,281,52,35,74,67,53,69,111,42,40,29,40,7,5,15,7,6,1808,392,1,89,70,65,77,40,178,65,Lazio,2028.0,,G. Isaksen
J. Stanišić RWB CB,23,76,81,250955,Right,78,CB,5,10500000.0,38000.0,0.0,287,70,39,76,73,29,286,67,67,23,60,69,358,70,84,66,74,64,304,48,82,68,74,32,289,74,76,48,54,37,62,231,77,78,76,48,11,6,10,9,12,1803,398,1,78,39,64,67,77,187,77,Bayer 04 Leverkusen,,,J. Stanišić
F. Daniliuc CB RB,22,73,79,252017,Right,75,CB,6,4400000.0,20000.0,0.0,273,51,39,77,72,34,274,59,51,30,68,66,270,44,62,46,71,47,316,56,77,67,78,38,284,73,73,49,58,31,72,219,73,74,72,45,14,11,7,6,7,1681,365,1,54,42,61,60,74,188,80,Salzburg,,,F. Daniliuc
A. Rouault CB,22,74,82,252512,Right,76,CB,8,9000000.0,17000.0,17100000.0,249,47,25,73,76,28,261,45,44,35,72,65,300,63,47,58,74,58,292,45,78,71,74,24,274,74,74,35,48,43,72,225,75,76,74,56,6,15,13,14,8,1657,348,1,54,30,60,56,75,186,77,VfB Stuttgart,2027.0,,A. Rouault
M. Whittaker RW RM,22,72,80,252796,Left,73,CAM,8,5500000.0,13000.0,11300000.0,318,65,75,51,68,59,338,74,72,65,56,71,367,76,80,74,69,68,349,74,68,72,63,72,278,41,39,72,67,59,65,101,36,38,27,53,13,15,14,6,5,1804,386,1,78,72,65,72,38,183,69,Plymouth Argyle,2026.0,,M. Whittaker
I. Kaboré RWB RB,22,73,83,253052,Right,73,RWB,10,6500000.0,59000.0,0.0,254,68,36,59,69,22,282,70,52,29,60,71,399,87,87,79,74,72,312,42,80,73,73,44,291,76,65,63,63,24,70,203,64,67,72,54,10,8,9,14,13,1795,400,1,87,39,63,72,65,180,72,Luton Town,,,I. Kaboré
M. Trésor LM LW CAM,24,76,80,253150,Right,77,CAM,4,11000000.0,15000.0,0.0,321,79,70,29,75,68,385,78,83,78,70,76,393,83,75,86,71,78,320,71,56,69,52,72,319,59,45,69,80,66,75,108,41,35,32,58,14,9,12,11,12,1904,400,1,79,70,77,78,38,172,66,Burnley,,,M. Trésor
N. Woltemade ST,21,68,77,254022,Right,70,ST,9,2700000.0,8000.0,5400000.0,306,46,70,68,68,54,292,71,51,42,55,73,280,63,70,42,67,38,334,65,71,71,69,58,289,60,33,64,67,65,65,104,32,42,30,49,11,8,13,9,8,1654,365,1,67,65,59,67,39,198,75,Werder Bremen,2024.0,,N. Woltemade
C. Cresswell CB,20,70,81,254121,Right,72,CB,11,3300000.0,15000.0,6900000.0,222,33,23,73,69,24,223,46,25,30,60,62,258,54,56,40,55,53,307,55,80,65,84,23,238,74,66,24,33,41,60,205,67,70,68,56,11,11,13,10,11,1509,331,1,55,30,49,52,68,191,77,Leeds United,2027.0,,C. Cresswell
E. Just RW CF LW,23,65,73,254136,Left,66,CAM,8,0.0,0.0,0.0,274,58,61,45,58,52,309,69,65,60,53,62,391,85,81,85,58,82,288,62,58,61,46,61,263,49,35,63,61,55,60,120,38,35,47,59,13,9,10,15,12,1704,359,1,83,61,58,68,38,174,69,New Zealand,,,E. Just
Reinier CAM LW RW,21,71,81,254544,Right,73,CAM,10,4200000.0,51000.0,0.0,329,60,68,59,72,70,340,78,72,55,60,75,356,73,70,76,68,69,337,71,71,65,67,63,290,60,31,68,66,65,73,126,42,45,39,50,13,8,13,5,11,1828,388,1,71,68,66,76,42,185,82,Frosinone,,,Reinier
G. Mikautadze ST,22,75,83,254551,Right,77,CAM,8,12500000.0,15000.0,0.0,354,70,78,60,73,73,361,79,69,71,65,77,398,80,80,86,74,78,367,75,76,74,68,74,310,65,25,78,68,74,75,113,35,38,40,42,12,9,9,5,7,1945,411,1,80,76,70,79,37,176,71,Metz,,,G. Mikautadze
S. Pavlović CB,22,75,83,254840,Left,77,CB,8,12000000.0,15000.0,20400000.0,254,53,43,73,60,25,266,63,39,38,58,68,307,64,69,57,75,42,340,56,84,78,86,36,262,80,74,34,31,43,68,225,75,74,76,57,12,14,8,10,13,1711,381,1,67,43,50,64,74,194,86,Salzburg,2027.0,,S. Pavlović
E. Cavani ST,36,77,77,179813,Right,77,ST,0,3600000.0,17000.0,5400000.0,381,65,81,83,72,80,347,70,76,74,52,75,310,53,57,61,82,57,367,83,80,57,74,73,377,81,54,86,73,83,81,132,45,48,39,53,12,5,13,13,10,1967,396,4,55,80,68,71,51,185,77,Boca Juniors,2024.0,,E. Cavani
E. Džeko ST,37,83,83,180930,Right,83,ST,0,12500000.0,43000.0,23800000.0,400,65,86,87,79,83,353,76,65,54,75,83,313,53,60,62,83,55,395,86,78,68,86,77,345,64,50,86,78,67,87,98,54,28,16,63,9,11,13,15,15,1967,412,3,57,83,73,77,45,193,80,Fenerbahçe,2025.0,,E. Džeko
A. Sánchez ST,34,80,80,184941,Right,82,CAM,0,10500000.0,88000.0,17900000.0,395,80,81,72,79,83,401,83,83,75,75,85,398,73,70,82,83,90,368,80,77,65,65,81,358,67,52,87,83,69,82,124,45,44,35,60,10,10,15,12,13,2104,429,4,71,81,79,84,48,169,65,Inter,2024.0,,A. Sánchez
Coutinho CAM LW,31,79,79,189242,Right,79,CAM,0,14500000.0,83000.0,27600000.0,357,77,73,48,81,78,407,81,86,82,74,84,381,73,50,91,77,90,326,77,59,55,52,83,338,59,46,80,81,72,79,152,51,54,47,48,12,7,9,14,6,2009,403,4,60,76,79,83,50,172,68,Aston Villa,2026.0,,Coutinho
Thiago CM,32,82,82,189509,Right,82,CM,0,24000000.0,125000.0,44400000.0,370,78,68,54,89,81,424,87,84,77,87,89,371,67,54,88,75,87,330,75,63,60,59,73,378,74,73,70,86,75,87,206,66,70,70,46,6,11,7,9,13,2125,434,3,60,72,85,87,68,174,70,Liverpool,2024.0,,Thiago
R. Pereyra CM CF,32,78,78,193061,Right,79,CAM,0,11000000.0,20000.0,19800000.0,363,76,74,60,80,73,392,82,78,74,76,82,383,79,76,76,76,76,371,74,75,78,68,76,369,71,70,77,79,72,78,207,66,72,69,24,4,5,3,4,8,2109,449,2,77,74,78,81,68,182,77,Udinese,2024.0,,R. Pereyra
P. Pogba CM CDM,30,82,82,195864,Right,82,CM,0,29000000.0,120000.0,49300000.0,388,73,70,74,87,84,431,88,85,82,89,87,339,60,69,70,75,65,403,90,82,59,88,84,382,78,62,76,86,80,85,184,54,67,63,20,5,6,2,4,3,2147,451,4,65,78,84,84,62,191,84,Juventus,2026.0,,P. Pogba
Luis Alberto CM,30,84,84,198706,Right,84,CM,0,40500000.0,78000.0,68900000.0,359,69,75,49,90,76,426,83,86,79,88,90,378,72,67,77,79,83,359,82,65,68,64,80,316,29,64,76,91,56,80,188,63,66,59,43,6,8,6,12,11,2069,435,2,69,77,85,84,62,183,74,Lazio,2027.0,,Luis Alberto
Oriol Romeu CDM CM,31,80,80,199576,Right,80,CDM,0,15000000.0,125000.0,30800000.0,296,46,45,73,80,52,325,65,57,53,75,75,273,50,38,53,76,56,363,78,77,75,83,50,360,87,81,64,74,54,75,238,79,80,79,63,12,14,10,11,16,1918,394,2,43,54,69,67,79,183,83,FC Barcelona,2026.0,,Oriol Romeu
Deulofeu CF ST,29,79,79,202477,Right,81,RW,0,17500000.0,25000.0,31500000.0,347,74,78,40,80,75,391,85,80,77,66,83,431,89,87,92,74,89,353,78,68,62,67,78,313,59,25,76,76,77,77,86,34,30,22,64,12,16,14,11,11,1985,420,3,88,78,76,84,30,177,73,Udinese,2026.0,,Deulofeu
L. Spinazzola LWB LM LB,30,80,80,202884,Right,80,LWB,0,18000000.0,63000.0,30600000.0,348,79,60,69,76,64,340,80,66,45,69,80,402,87,89,78,79,69,355,71,80,69,67,68,361,71,78,77,76,59,75,229,75,79,75,65,11,13,12,15,14,2100,451,3,88,65,74,79,76,186,75,Roma,2024.0,,L. Spinazzola
Andreas Pereira CAM,27,77,77,208450,Right,77,CAM,0,11000000.0,71000.0,20900000.0,360,81,73,56,78,72,396,79,84,81,75,77,379,77,74,77,75,76,370,84,70,77,60,79,378,80,69,75,80,74,70,196,67,66,63,53,15,14,7,10,7,2132,443,1,75,77,79,77,66,177,70,Fulham,2026.0,,Andreas Pereira
Anderson Talisca RM CAM ST,29,82,82,212523,Left,83,LM,0,30000000.0,59000.0,48000000.0,392,75,85,79,77,76,420,83,87,85,79,86,385,83,76,86,82,58,402,87,81,74,75,85,361,73,52,84,77,75,77,142,45,55,42,59,13,11,13,12,10,2161,452,2,79,84,78,83,53,191,75,Al Nassr,2026.0,,Anderson Talisca
C. Akpom ST CAM,27,76,76,213418,Right,76,ST,0,8000000.0,18000.0,11200000.0,340,50,79,75,68,68,292,69,55,46,50,72,374,77,78,75,78,66,386,78,87,75,78,68,298,64,29,79,60,66,73,76,23,31,22,52,8,15,10,6,13,1818,389,1,78,75,58,71,32,183,81,Ajax,2028.0,,C. Akpom
Ricardo Horta CAM LM RM,28,82,82,213516,Right,82,CAM,0,30500000.0,24000.0,61000000.0,378,77,82,55,82,82,396,81,81,80,74,80,410,82,78,83,82,85,380,78,72,83,63,84,368,69,55,83,84,77,73,111,32,44,35,47,7,9,10,8,13,2090,435,1,80,81,80,81,43,173,63,Sporting Braga,2026.0,,Ricardo Horta
A. Iwobi RM LM CM,27,77,77,213655,Right,77,RM,0,11000000.0,71000.0,20900000.0,303,70,60,45,77,51,343,83,72,40,71,77,373,75,75,74,74,75,370,72,69,90,74,65,324,59,59,73,74,59,73,166,52,64,50,58,14,7,12,14,11,1937,421,2,75,64,72,79,56,185,75,Fulham,2028.0,,A. Iwobi
R. Loftus-Cheek CM CAM CDM,27,81,81,213666,Right,82,ST,0,27500000.0,74000.0,46800000.0,381,75,81,81,84,60,374,83,70,57,80,84,381,78,84,70,81,68,417,82,93,80,87,75,369,75,75,83,80,56,82,223,75,78,70,58,11,7,12,15,13,2203,478,1,81,78,79,81,76,191,88,Milan,2027.0,,R. Loftus-Cheek
M. Maignan GK,27,87,90,215698,Right,87,GK,3,78000000.0,90000.0,138500000.0,131,18,15,17,65,16,186,31,38,16,61,40,285,50,53,41,85,56,277,65,75,39,78,20,155,35,25,15,65,15,68,58,23,16,19,428,85,82,87,85,89,1520,479,3,85,82,87,89,51,191,89,Milan,2026.0,,M. Maignan
J. Brownhill CM CAM CDM,27,75,75,220659,Right,76,CDM,0,6000000.0,42000.0,12000000.0,344,69,70,67,74,64,364,74,71,70,73,76,359,72,66,70,78,73,384,76,77,89,71,71,351,78,82,72,73,46,74,218,72,77,69,47,8,11,12,7,9,2067,437,1,69,70,72,74,75,180,69,Burnley,2024.0,,J. Brownhill
A. Armstrong ST RW,26,74,75,221841,Right,75,ST,1,5000000.0,40000.0,9900000.0,345,62,76,67,70,70,329,73,67,60,58,71,391,85,72,78,77,79,355,78,78,65,61,73,335,79,41,78,67,70,65,84,36,23,25,55,10,13,13,12,7,1894,392,1,78,75,65,73,35,172,69,Southampton,2025.0,,A. Armstrong
Malcom CAM RM,26,82,82,222737,Left,82,CAM,0,33500000.0,56000.0,53600000.0,377,77,78,67,80,75,403,84,82,78,75,84,423,86,82,86,79,90,397,83,79,88,66,81,314,53,26,83,82,70,77,123,51,45,27,53,8,14,15,7,9,2090,439,2,84,79,79,84,43,172,74,Al Hilal,2027.0,,Malcom
S. Amrabat CDM CM,26,79,82,224158,Right,80,CDM,3,20500000.0,53000.0,0.0,341,63,68,61,81,68,370,74,72,65,79,80,347,62,69,62,74,80,382,75,74,79,80,74,359,86,74,68,74,57,77,226,74,78,74,60,13,13,6,16,12,2085,440,1,66,70,74,75,74,183,77,Manchester United,,,S. Amrabat
M. Acuña LB LM LWB,31,83,83,224334,Left,83,LB,0,26500000.0,39000.0,55700000.0,361,85,66,61,82,67,403,81,88,75,77,82,405,75,74,82,84,90,415,83,79,90,82,81,402,83,81,80,82,76,86,248,81,84,83,62,8,14,13,13,14,2296,476,3,74,74,82,82,80,172,69,Sevilla,2025.0,,M. Acuña
J. Bowen RM ST,26,81,81,224371,Left,81,RM,0,28000000.0,82000.0,53200000.0,380,79,83,67,78,73,372,81,71,70,68,82,397,79,76,78,83,81,379,76,76,83,66,78,328,62,37,81,76,72,80,127,49,41,37,53,14,8,14,10,7,2036,428,2,77,79,76,81,45,175,70,West Ham United,2030.0,,J. Bowen
M. Wolf RB RM,28,75,75,224425,Right,75,RB,0,5000000.0,35000.0,8500000.0,342,76,73,57,72,64,351,75,69,70,64,73,361,75,78,67,75,66,378,75,76,80,77,70,350,78,72,76,72,52,77,214,70,72,72,58,12,15,7,16,8,2054,440,2,77,71,71,73,70,188,81,Borussia Dortmund,2024.0,,M. Wolf
K. Tierney LB,26,80,82,226491,Left,81,LWB,2,24000000.0,100000.0,0.0,311,84,52,59,78,38,353,79,73,56,68,77,390,78,82,76,80,74,369,79,76,77,71,66,352,84,77,75,74,42,75,235,78,79,78,62,13,16,8,12,13,2072,445,2,80,60,76,78,76,180,73,Real Sociedad,,,K. Tierney
A. Onana GK,27,83,84,226753,Right,83,GK,1,31000000.0,110000.0,61200000.0,117,15,12,20,57,13,169,26,30,17,58,38,324,62,60,66,83,53,279,65,79,40,78,17,156,38,15,11,65,27,65,44,12,18,14,408,82,75,87,79,85,1497,469,3,82,75,87,85,61,190,93,Manchester United,2028.0,,A. Onana
J. McAtee RM CM,20,70,80,264349,Left,72,CAM,10,3500000.0,37000.0,0.0,287,57,64,42,71,53,340,74,67,56,67,76,337,75,69,72,68,53,319,66,60,69,62,62,264,43,33,64,66,58,65,129,44,42,43,45,12,6,6,10,11,1721,375,1,72,63,66,73,41,180,72,Sheffield United,,,J. McAtee
L. Morgalla CB RB,18,66,80,264377,Right,68,CB,14,1900000.0,1000.0,4000000.0,227,37,39,62,63,26,226,47,27,29,61,62,334,75,71,66,60,62,283,40,75,68,69,31,233,57,66,32,36,42,54,203,66,70,67,57,6,15,12,12,12,1563,348,1,73,37,49,55,67,186,74,Salzburg,2028.0,,L. Morgalla
Luiz Henrique RM LM,22,77,85,264698,Left,78,LM,8,23500000.0,21000.0,54100000.0,355,75,71,68,74,67,331,84,52,46,66,83,385,84,83,79,65,74,353,79,77,74,61,62,308,63,48,74,66,57,63,157,47,56,54,50,14,12,7,9,8,1939,421,1,83,70,69,81,53,182,77,Real Betis,2028.0,,Luiz Henrique
K. Topp ST,19,64,81,265749,Right,66,ST,17,1500000.0,2000.0,3300000.0,285,33,65,67,57,63,228,61,32,31,38,66,287,55,61,53,63,55,324,70,76,51,83,44,259,68,21,64,48,58,46,63,20,23,20,61,14,7,14,12,14,1507,323,1,58,61,45,61,26,192,94,Schalke 04,2025.0,,K. Topp
T. Iroegbunam CDM CM,20,69,78,266609,Right,70,CDM,9,2900000.0,20000.0,6100000.0,290,56,57,57,71,49,306,68,58,41,69,70,326,67,65,64,66,64,335,68,71,71,72,53,313,70,65,58,64,56,68,200,66,69,65,49,13,12,6,12,6,1819,393,1,66,58,64,68,66,183,70,Aston Villa,2027.0,,T. Iroegbunam
M. Delorge CM CDM,18,70,83,266681,Left,72,CM,13,3700000.0,3000.0,7700000.0,278,61,58,42,73,44,350,68,68,64,75,75,298,60,65,58,62,53,331,64,57,75,70,65,300,55,69,56,72,48,65,177,52,64,61,59,15,15,13,10,6,1793,387,1,63,59,70,68,59,189,70,Sint-Truiden,2024.0,,M. Delorge
B. Doak RW,17,64,85,266815,Right,64,RW,21,1800000.0,4000.0,5100000.0,247,56,56,41,53,41,266,74,50,33,42,67,381,86,79,84,52,80,258,58,55,56,48,41,247,58,28,58,55,48,60,76,21,30,25,46,13,6,10,5,12,1521,336,1,82,52,51,71,28,176,64,Liverpool,2026.0,,B. Doak
A. Diouf CM CDM,20,74,82,268534,Left,76,CAM,8,9000000.0,21000.0,18900000.0,315,59,64,60,74,58,355,75,68,60,76,76,370,72,79,74,74,71,374,74,77,73,76,74,344,73,69,71,75,56,76,201,66,70,65,57,10,15,13,9,10,2016,432,1,76,68,71,75,67,187,81,Lens,2028.0,,A. Diouf
Y. Attiat-Allah LB,28,73,73,268866,Left,73,LB,0,0.0,0.0,0.0,296,72,51,60,68,45,333,69,67,62,63,72,367,78,79,71,67,72,333,59,75,81,68,50,307,65,68,58,61,55,60,204,67,69,68,54,14,14,11,8,7,1894,406,1,79,53,66,70,67,176,70,Morocco,,,Y. Attiat-Allah
A. Sylla CB,20,72,82,269003,Left,74,CB,10,4800000.0,11000.0,10600000.0,218,40,19,68,69,22,274,67,48,28,63,68,354,69,73,71,69,72,311,58,78,72,78,25,275,79,69,34,51,42,72,212,68,73,71,55,14,7,15,10,9,1699,372,1,71,30,56,68,70,188,80,Strasbourg,2028.0,,A. Sylla
A. Veliz ST,19,75,85,269176,Right,77,ST,10,12000000.0,41000.0,0.0,341,49,79,83,62,68,306,70,56,54,51,75,346,70,72,60,75,69,365,76,85,68,72,64,290,81,15,76,46,72,56,61,17,23,21,37,7,6,7,6,11,1746,367,1,71,74,54,70,25,186,77,Sevilla,,,A. Veliz
Tiago Santos RB,20,74,83,270559,Right,74,RB,9,9000000.0,18000.0,18900000.0,276,69,43,46,69,49,324,75,54,50,72,73,381,82,80,79,70,70,317,69,65,73,56,54,310,67,68,63,59,53,70,221,72,75,74,52,10,7,15,7,13,1881,406,1,81,52,66,74,70,175,67,LOSC Lille,2028.0,,Tiago Santos
P. Nuamah CM CAM,17,60,82,271013,Right,64,CAM,22,775000.0,500.0,2000000.0,289,56,53,56,66,58,311,62,67,57,63,62,350,77,77,67,59,70,317,67,72,58,62,58,289,65,56,54,58,56,58,169,56,57,56,46,6,12,9,14,5,1771,377,1,77,57,62,63,56,179,72,Brescia,2025.0,,P. Nuamah
Gustavo Sá CM CAM,18,70,85,271057,Right,74,CAM,15,3700000.0,2000.0,10100000.0,330,64,66,66,74,60,348,74,69,60,70,75,359,71,74,72,72,70,322,71,77,34,74,66,353,73,69,69,74,68,73,200,67,69,64,48,12,10,13,6,7,1960,416,1,73,67,70,74,68,186,80,Famalicão,2027.0,,Gustavo Sá
Marc Casadó CDM CM RB,19,65,79,272600,Right,67,CAM,14,1600000.0,12000.0,4300000.0,271,45,55,60,70,41,306,64,58,44,68,72,310,62,59,63,64,62,275,56,60,55,51,53,286,53,63,63,65,42,61,182,61,63,58,57,12,14,11,8,12,1687,357,1,60,54,62,66,62,172,66,FC Barcelona,2024.0,,Marc Casadó
R. Durosinmi ST,20,74,81,273128,Right,76,ST,7,8500000.0,850.0,20400000.0,336,54,72,81,64,65,316,71,56,60,55,74,358,74,78,66,71,69,384,73,93,66,84,68,304,66,29,77,66,66,70,56,19,20,17,41,7,12,11,5,6,1795,381,1,76,71,60,71,27,192,85,Viktoria Plzeň,2026.0,,R. Durosinmi
A. Matturro CB,18,65,82,274082,Left,67,CB,17,1700000.0,2000.0,4099999.9999999995,215,52,22,64,54,23,215,50,30,31,51,53,308,66,70,57,65,50,270,51,71,59,68,21,265,65,67,48,50,35,57,198,66,67,65,51,7,12,7,11,14,1522,332,1,68,30,50,53,66,189,77,Genoa,2026.0,,A. Matturro
I. Osman LW ST,18,66,84,274516,Right,67,CAM,18,2200000.0,2000.0,4099999.9999999995,277,53,58,46,60,60,301,75,59,38,56,73,371,83,85,73,56,74,289,66,64,51,55,53,251,53,29,57,59,53,58,70,28,20,22,49,13,8,9,7,12,1608,352,1,84,58,57,72,27,177,68,Nordsjælland,2025.0,,I. Osman
V. Atangana CDM CM,17,66,82,275137,Right,67,CDM,16,2000000.0,500.0,5300000.0,274,52,48,57,69,48,285,62,49,44,64,66,319,59,54,64,64,78,273,58,54,61,49,51,291,66,64,48,64,49,68,195,63,69,63,53,9,10,11,14,9,1690,354,1,56,51,62,65,64,173,68,Stade de Reims ,2026.0,,V. Atangana
Tomé Sousa GK,16,60,84,277466,Right,60,GK,24,700000.0,500.0,2200000.0,59,11,4,11,25,8,63,7,12,11,21,12,183,27,35,22,55,44,175,46,44,30,48,7,81,26,8,6,29,12,31,32,7,12,13,298,57,55,61,59,66,891,328,1,57,55,61,66,30,184,74,Boavista,2026.0,,Tomé Sousa
C. Mandas GK,21,62,69,278032,Right,62,GK,7,700000.0,4000.0,1300000.0,66,11,8,10,30,7,74,12,12,12,20,18,180,22,25,39,60,34,157,42,42,23,45,5,86,19,14,7,28,18,31,27,5,10,12,301,61,56,56,61,67,891,324,1,61,56,56,67,23,189,73,Lazio,2028.0,,C. Mandas
A. Matos CDM CM,18,64,82,278288,Right,66,CB,18,1400000.0,700.0,3500000.0,271,56,50,54,61,50,288,62,57,50,57,62,354,76,70,75,60,73,350,69,77,75,80,49,314,84,60,54,54,62,52,180,58,63,59,47,14,6,10,8,9,1804,386,1,73,54,57,63,60,176,71,Huddersfield Town,2028.0,,A. Matos
M. Boadu ST,22,73,79,239956,Right,75,ST,6,4900000.0,34000.0,0.0,330,52,75,63,68,72,321,73,62,59,54,73,397,82,85,84,72,74,358,77,78,69,67,67,278,47,23,76,66,66,73,69,29,22,18,55,9,15,14,6,11,1808,385,1,84,73,62,74,28,181,67,FC Twente,,,M. Boadu
M. Aarons RB,23,73,78,240060,Right,74,RWB,5,4300000.0,28000.0,8500000.0,267,65,41,53,67,41,282,70,50,32,58,72,396,84,79,84,70,79,313,49,74,84,70,36,303,71,70,69,66,27,75,213,73,71,69,46,11,11,7,9,8,1820,401,1,81,42,62,73,69,171,69,AFC Bournemouth,2027.0,,M. Aarons
N. De la Cruz CM RM,26,79,80,240699,Right,81,CAM,1,20500000.0,24000.0,30200000.0,371,75,74,70,79,73,397,83,84,75,75,80,427,89,80,92,79,87,378,83,77,83,57,78,379,80,70,80,80,69,83,212,65,76,71,40,9,6,9,7,9,2204,461,2,84,77,78,83,70,167,65,River Plate,2025.0,,N. De la Cruz
A. Gouiri LW ST LM,23,78,81,240753,Right,80,CAM,3,19000000.0,45000.0,37500000.0,376,74,79,68,78,77,384,81,78,76,69,80,378,80,74,76,76,72,387,81,80,72,73,81,340,61,44,81,76,78,78,118,45,41,32,42,6,12,8,9,7,2025,427,2,77,80,75,79,45,181,80,Rennes,2027.0,,A. Gouiri
Y. Atal RB RW,27,73,74,240754,Right,75,RM,1,3200000.0,12000.0,6600000.0,337,71,69,58,73,66,340,77,70,54,64,75,401,87,86,79,70,79,330,69,76,61,64,60,349,75,72,72,71,59,73,208,70,68,70,47,11,12,8,9,7,2012,434,2,86,67,70,76,69,175,64,Adana Demirspor,2024.0,,Y. Atal
H. Traorè LM LW CAM,23,76,80,240787,Right,77,CAM,4,11000000.0,38000.0,0.0,343,71,69,64,73,66,366,79,70,67,70,80,385,83,76,81,72,73,342,74,76,63,62,67,310,59,41,72,74,64,67,181,60,60,61,55,8,10,14,12,11,1982,417,1,79,69,72,78,57,177,77,Napoli,,,H. Traorè
M. Damsgaard CAM LW CM,22,75,82,241508,Right,77,CAM,7,11500000.0,40000.0,24200000.0,304,62,70,51,73,48,376,78,66,82,71,79,400,85,78,82,69,86,342,71,71,65,62,73,325,69,61,72,76,47,73,181,55,66,60,48,6,10,14,11,7,1976,424,2,81,69,71,78,60,180,70,Brentford,2027.0,,M. Damsgaard
Mauro Júnior LB RB CAM,24,75,80,241509,Left,79,LM,5,8000000.0,13000.0,11800000.0,338,75,63,58,77,65,381,79,75,74,73,80,406,82,83,88,71,82,304,67,52,82,34,69,362,76,70,72,76,68,73,202,68,69,65,48,7,14,6,13,8,2041,427,1,83,66,76,80,67,171,62,PSV,2025.0,,Mauro Júnior
J. Wind ST CF,24,78,81,241522,Right,80,ST,3,19500000.0,44000.0,34600000.0,373,58,82,82,78,73,360,76,70,65,70,79,342,66,55,71,81,69,393,78,87,78,82,68,332,67,35,79,78,73,75,86,35,29,22,47,7,10,10,11,9,1933,400,1,60,77,72,76,37,190,82,VfL Wolfsburg,2026.0,,J. Wind
D. Livaković GK,28,82,84,241671,Right,82,GK,2,26000000.0,38000.0,51400000.0,98,13,12,13,50,10,130,19,12,11,60,28,288,57,54,65,82,30,243,53,74,32,75,9,133,26,21,11,60,15,64,65,24,20,21,396,80,76,71,80,89,1353,452,3,80,76,71,89,56,187,79,Fenerbahçe,2028.0,,D. Livaković
R. Massimo RM,22,68,74,241689,Right,69,RM,6,1900000.0,9000.0,3600000.0,278,61,64,50,63,40,267,72,38,32,54,71,385,85,87,81,58,74,320,62,71,69,63,55,271,52,44,60,57,58,55,163,59,55,49,48,12,13,8,6,9,1732,390,1,86,60,57,71,53,183,82,VfB Stuttgart,2024.0,,R. Massimo
M. Retegui ST,24,77,84,241850,Right,79,ST,7,21500000.0,25000.0,43000000.0,349,51,82,78,70,68,326,69,62,52,67,76,342,69,78,62,75,58,387,78,80,74,85,70,308,62,32,81,67,66,75,88,34,29,25,47,7,9,9,13,9,1847,398,1,74,77,64,70,36,186,86,Genoa,2028.0,,M. Retegui
Chris Ramos ST LM RM,26,75,76,241973,Right,76,ST,1,6500000.0,29000.0,14100000.0,356,66,78,82,66,64,323,77,58,53,60,75,340,77,82,70,65,46,377,72,92,65,79,69,270,40,26,73,66,65,56,88,39,24,25,45,11,10,9,8,7,1799,393,1,80,73,64,73,35,190,82,Cádiz,2028.0,,Chris Ramos
K. Mavropanos CB RB,25,78,82,242000,Right,80,CB,4,17500000.0,57000.0,34600000.0,268,45,50,81,62,30,265,60,32,39,74,60,325,73,83,52,72,45,383,77,86,65,91,64,286,80,80,40,44,42,63,231,69,86,76,51,12,11,11,10,7,1809,408,2,79,56,54,59,78,194,89,West Ham United,2028.0,,K. Mavropanos
S. van den Berg CB,21,74,82,242453,Right,76,CB,8,9000000.0,47000.0,0.0,264,61,29,74,69,31,259,63,38,26,64,68,317,54,77,63,71,52,302,45,78,69,79,31,300,73,73,52,62,40,64,225,74,78,73,53,11,14,5,9,14,1720,377,1,67,34,62,64,75,192,87,FSV Mainz 05,,,S. van den Berg
C. Doucouré CDM CM,23,79,84,242619,Right,80,CDM,5,24500000.0,37000.0,48400000.0,294,54,56,58,78,48,336,76,59,47,77,77,343,63,67,70,76,67,340,59,71,78,76,56,350,77,80,67,74,52,77,232,75,80,77,63,10,14,12,12,15,1958,419,1,65,57,70,75,76,180,73,Crystal Palace,2026.0,,C. Doucouré
A. Bayındır GK,25,76,79,243647,Right,76,GK,3,7500000.0,60000.0,14800000.0,90,11,10,14,40,15,95,10,10,14,45,16,205,30,31,51,69,24,225,54,61,31,68,11,128,29,14,14,55,16,60,37,14,13,10,378,78,73,72,76,79,1158,408,1,78,73,72,79,30,198,88,Manchester United,2027.0,,A. Bayındır
J. Bogle RWB RB,22,73,78,244591,Right,73,RWB,5,4400000.0,22000.0,9100000.0,286,72,55,55,70,34,308,73,60,38,65,72,376,81,80,76,66,73,322,61,73,72,65,51,320,67,69,74,66,44,71,208,67,72,69,49,15,10,11,7,6,1869,411,1,80,55,67,73,68,178,69,Sheffield United,2024.0,,J. Bogle
Á. Barreal LM LWB LW,22,71,79,245691,Left,72,LM,8,0.0,0.0,0.0,304,68,62,45,70,59,356,74,75,74,61,72,374,76,81,80,57,80,327,75,56,79,47,70,297,68,45,68,67,49,60,142,27,60,55,49,13,10,7,9,10,1849,391,1,79,66,68,73,45,172,66,Argentina,,,Á. Barreal
H. Clarke RB CB,22,68,76,245729,Right,69,CB,8,2600000.0,7000.0,5500000.0,298,61,54,66,63,54,279,62,57,40,57,63,359,76,82,68,61,72,366,70,83,80,78,55,296,75,61,57,57,46,59,193,65,65,63,55,14,15,6,7,13,1846,400,1,79,57,59,63,64,180,80,Ipswich Town,2026.0,,H. Clarke
B. Dia ST LW CF,26,82,83,246242,Right,83,ST,1,36500000.0,51000.0,68400000.0,362,50,86,77,74,75,324,83,56,49,54,82,389,80,86,74,79,70,400,84,90,74,83,69,314,62,23,83,65,81,75,59,28,17,14,60,11,10,15,14,10,1908,411,1,83,81,62,81,27,180,75,Salernitana,2026.0,,B. Dia
C. Ngonge RM CF ST,23,74,82,246457,Left,75,ST,8,9500000.0,34000.0,18100000.0,351,73,71,68,72,67,341,77,74,58,57,75,392,88,83,81,68,72,366,75,81,68,67,75,293,60,40,71,58,64,62,92,22,35,35,47,15,7,10,7,8,1882,401,1,85,72,67,75,35,179,67,Napoli,2027.0,,C. Ngonge
I. El Mizouni CDM CM,22,68,74,246681,Right,69,CDM,6,1800000.0,7000.0,0.0,269,50,53,49,66,51,307,62,57,60,64,64,323,68,64,62,64,65,338,66,62,85,67,58,322,85,68,60,65,44,64,188,62,64,62,44,12,5,8,13,6,1791,385,1,66,56,62,63,63,185,74,Leyton Orient,,,I. El Mizouni
Emerson Royal RB CB,24,77,79,247204,Right,78,RWB,2,12500000.0,56000.0,24700000.0,324,75,57,72,76,44,335,74,73,47,65,76,354,71,73,70,73,67,372,76,80,81,73,62,340,80,74,73,65,48,65,229,74,77,78,56,11,13,9,10,13,2010,429,2,72,62,70,73,75,181,79,Tottenham Hotspur,2026.0,,Emerson Royal
G. Ávila CB LB,21,70,79,247467,Left,72,CB,9,3300000.0,6000.0,5300000.0,252,57,32,69,66,28,318,61,62,67,64,64,341,68,72,67,65,69,350,78,76,71,74,51,292,75,69,41,62,45,67,208,69,69,70,50,14,11,10,9,6,1811,385,1,70,46,63,63,69,182,75,Ajax,2028.0,,G. Ávila
T. Anjorin CAM,21,66,75,248474,Right,68,CAM,9,1900000.0,17000.0,0.0,288,58,65,52,66,47,330,71,64,62,64,69,336,70,76,61,58,71,346,70,71,63,76,66,294,61,43,59,67,64,67,152,44,56,52,56,11,14,15,7,9,1802,390,1,73,65,64,69,49,185,73,Portsmouth,,,T. Anjorin
D. Ramaj GK,21,71,82,248478,Right,71,GK,11,3600000.0,5000.0,5800000.0,61,10,7,11,25,8,76,12,12,11,26,15,183,23,25,29,66,40,213,59,55,26,64,9,125,24,12,7,65,17,62,28,9,9,10,360,72,65,79,71,73,1046,384,1,72,65,79,73,24,188,81,Ajax,2028.0,,D. Ramaj
N. Collins CB,22,75,82,248484,Right,77,CB,7,10500000.0,36000.0,22100000.0,244,50,29,75,68,22,258,62,39,25,66,66,299,59,73,46,74,47,294,46,79,72,78,19,250,76,76,24,39,35,74,227,75,76,76,47,9,10,6,13,9,1619,366,1,67,30,55,62,76,193,81,Brentford,2029.0,,N. Collins
K. Hein GK,21,64,74,248732,Right,64,GK,10,1100000.0,9000.0,2300000.0,66,10,8,17,25,6,68,10,13,12,21,12,200,33,38,36,62,31,201,42,55,40,57,7,86,18,12,6,32,18,26,40,9,16,15,310,61,63,56,64,66,971,345,1,61,63,56,66,35,193,76,Arsenal,2026.0,,K. Hein
S. Abdul Samed CDM CM,23,76,79,252059,Right,77,CDM,3,9500000.0,26000.0,18800000.0,280,48,51,67,76,38,294,66,49,34,71,74,333,61,63,65,74,70,331,49,73,91,73,45,332,82,74,58,73,45,74,221,74,77,70,51,11,14,8,11,7,1842,399,1,62,49,66,69,74,179,69,Lens,2028.0,,S. Abdul Samed
T. Pobega CM,23,75,80,252060,Left,79,ST,5,8500000.0,43000.0,15100000.0,370,72,76,77,76,69,348,74,64,62,71,77,389,75,77,75,79,83,407,79,88,84,78,78,355,75,72,80,68,60,71,224,73,76,75,50,6,10,15,13,6,2143,453,1,76,76,72,76,74,188,75,Milan,2027.0,,T. Pobega
A. Soñora CM CAM RM,24,71,73,252240,Left,74,CAM,2,2400000.0,8000.0,3800000.0,320,73,58,48,73,68,372,73,79,73,72,75,376,77,68,80,69,82,347,73,66,72,64,72,340,67,71,70,72,60,75,180,60,60,60,49,8,5,9,13,14,1984,413,1,72,65,73,75,61,171,65,Huracán,2024.0,,A. Soñora
A. Kalimuendo ST,21,76,79,253444,Right,78,ST,3,10500000.0,34000.0,20700000.0,340,51,77,72,65,75,323,76,67,55,48,77,397,82,79,75,75,86,362,76,85,56,72,73,294,64,23,78,63,66,76,70,32,21,17,52,9,12,9,14,8,1838,387,2,80,75,59,77,29,175,79,Rennes,2027.0,,A. Kalimuendo
T. Doyle CM,21,71,82,254120,Right,73,CAM,11,4200000.0,43000.0,0.0,308,69,63,50,76,50,355,68,71,69,74,73,357,69,66,71,70,81,339,71,64,72,64,68,325,67,63,64,75,56,73,185,64,63,58,54,11,10,10,9,14,1923,406,1,67,65,74,71,62,179,73,Wolverhampton Wanderers,,,T. Doyle
B. Koumetio CB LB,20,62,72,254588,Left,64,CB,10,825000.0,10000.0,0.0,205,33,29,64,51,28,204,33,36,28,50,57,272,55,64,54,54,45,279,45,75,55,81,23,237,68,58,31,40,40,53,179,57,63,59,54,14,11,6,14,9,1430,312,1,60,32,43,45,60,195,81,Blackburn Rovers,,,B. Koumetio
K. Paredes LM,20,72,82,255272,Left,73,LM,10,5000000.0,21000.0,9500000.0,270,68,62,36,69,35,302,77,57,35,59,74,405,82,78,85,68,92,254,63,47,62,32,50,297,65,51,68,68,45,52,175,54,62,59,51,8,11,13,9,10,1754,381,1,80,58,65,76,55,175,61,VfL Wolfsburg,2026.0,,K. Paredes
M. Garbett CAM CM,21,67,78,255360,Right,69,CAM,11,0.0,0.0,0.0,290,56,63,52,67,52,318,69,59,58,63,69,364,74,72,76,66,76,332,64,68,72,66,62,312,68,53,64,67,60,66,151,46,54,51,38,7,7,8,10,6,1805,387,1,73,62,63,70,51,188,75,New Zealand,,,M. Garbett
L. Samardžić CM CAM,21,74,83,256115,Left,77,CAM,9,9500000.0,12000.0,19000000.0,310,64,68,40,77,61,371,80,71,66,74,80,366,74,69,78,72,73,348,77,61,69,66,75,304,52,58,68,76,50,72,176,56,62,58,65,11,14,14,11,15,1940,414,1,71,70,73,79,57,184,79,Udinese,2026.0,,L. Samardžić
L. King CB,19,66,83,256419,Right,68,CB,17,2100000.0,7000.0,5100000.0,233,56,23,62,68,24,276,61,48,31,69,67,347,69,73,68,64,73,293,47,72,55,70,49,235,61,67,21,52,34,70,198,65,68,65,48,12,7,7,10,12,1630,361,1,71,34,60,65,66,185,75,Rangers,2026.0,,L. King
V. Pizarro CDM CM,20,71,82,256441,Left,72,CDM,11,3900000.0,6000.0,6200000.0,262,53,56,48,73,32,278,68,34,36,70,70,355,67,69,74,66,79,319,56,61,80,65,57,309,66,65,64,69,45,62,207,66,73,68,54,9,10,8,14,13,1784,391,1,68,55,64,69,66,172,68,Colo-Colo,2024.0,,V. Pizarro
A. Stach CM CDM CF,24,77,80,257191,Right,79,CM,3,14500000.0,30000.0,25700000.0,335,70,59,76,76,54,361,74,71,64,75,77,328,70,73,62,79,44,408,84,86,79,81,78,361,74,86,74,76,51,68,215,70,79,66,47,7,14,8,7,11,2055,441,2,72,68,74,72,76,194,88,TSG Hoffenheim,2027.0,,A. Stach
N. Patterson RB RWB,21,72,82,257896,Right,72,RB,10,5000000.0,18000.0,10500000.0,273,63,41,62,66,41,313,70,56,57,61,69,364,74,79,72,67,72,319,62,74,74,68,41,284,74,66,55,54,35,58,215,70,73,72,44,7,13,9,7,8,1812,394,1,77,46,61,69,70,183,80,Everton,2027.0,,N. Patterson
K. Fujimoto CAM,24,73,78,257899,Left,75,CAM,5,4600000.0,9000.0,10000000.0,307,65,67,43,76,56,356,75,65,71,72,73,382,81,77,78,71,75,310,67,53,77,43,70,308,40,61,72,73,62,69,157,38,60,59,59,12,7,12,14,14,1879,395,1,79,67,72,74,52,176,69,Gil Vicente,2025.0,,K. Fujimoto
C. Tengstedt ST,23,71,79,257920,Right,73,ST,8,4200000.0,8000.0,9200000.0,330,62,72,63,68,65,310,66,64,60,52,68,388,83,83,77,70,75,356,72,78,74,67,65,283,54,34,74,62,59,60,89,33,28,28,57,9,10,11,15,12,1813,385,1,83,70,63,68,34,184,79,Benfica,2028.0,,C. Tengstedt
B. Arrey-Mbi CB LWB,20,69,80,258315,Left,71,CB,11,2900000.0,9000.0,5200000.0,217,35,25,67,60,30,214,51,31,29,45,58,366,75,87,69,67,68,279,38,82,56,79,24,251,70,65,37,46,33,57,203,66,69,68,50,13,9,8,12,8,1580,354,1,82,29,47,57,67,187,80,Hannover 96,2026.0,,B. Arrey-Mbi
D. Neil CM CDM,21,71,82,258483,Right,73,CM,11,4200000.0,16000.0,8800000.0,310,54,66,62,74,54,320,70,56,51,70,73,357,74,73,76,61,73,358,62,74,88,69,65,339,78,66,66,72,57,66,199,67,69,63,48,8,15,10,9,6,1931,418,1,73,64,67,71,67,178,65,Sunderland,2026.0,,D. Neil
I. Zabarnyi CB,20,75,82,258781,Right,77,CB,7,10500000.0,28000.0,22100000.0,266,56,33,75,73,29,252,52,34,38,69,59,324,56,68,66,74,60,296,45,78,61,78,34,252,70,75,35,32,40,69,228,77,77,74,59,14,11,10,11,13,1677,362,1,63,36,57,58,76,189,81,AFC Bournemouth,2028.0,,I. Zabarnyi
C. Archer ST,21,73,79,258930,Right,75,ST,6,4900000.0,23000.0,10800000.0,320,44,74,64,70,68,304,74,59,52,46,73,389,77,78,76,75,83,358,75,79,63,72,69,282,59,22,75,68,58,72,61,22,18,21,43,5,6,12,6,14,1757,376,1,78,72,59,74,25,176,72,Sheffield United,2027.0,,C. Archer
G. Konstantelias CAM RW,20,73,83,259633,Right,75,CAM,10,6500000.0,850.0,15600000.0,316,69,65,45,74,63,356,77,69,64,68,78,383,77,74,80,68,84,297,65,54,68,44,66,298,63,32,64,76,63,71,110,35,38,37,43,6,7,10,6,14,1803,380,1,75,65,72,77,37,178,66,PAOK,2027.0,,G. Konstantelias
Y. Vertessen ST RW LW,22,74,79,260020,Right,76,ST,5,6500000.0,27000.0,11500000.0,335,66,74,66,69,60,337,74,68,60,61,74,405,94,93,75,71,72,354,74,78,62,72,68,279,62,19,71,64,63,67,95,45,27,23,57,10,7,13,14,13,1862,406,1,93,71,66,74,34,176,71,FC Union Berlin,2025.0,,Y. Vertessen
K. Gordon RW,18,62,81,260406,Left,63,LW,19,1000000.0,7000.0,2500000.0,258,56,60,42,58,42,254,67,45,30,50,62,357,76,67,80,58,76,251,55,47,52,43,54,232,38,22,59,57,56,61,67,22,24,21,42,13,7,6,9,7,1461,318,1,71,57,54,67,25,177,65,Liverpool,2024.0,,K. Gordon
A. Forson RM LB CM,20,70,81,261004,Left,71,LM,11,3500000.0,8000.0,6000000.0,285,66,56,47,68,48,343,76,70,65,63,69,408,87,86,85,62,88,269,58,57,60,43,51,283,51,54,63,63,52,59,165,53,58,54,43,7,9,8,10,9,1796,385,1,86,55,66,74,54,173,65,Salzburg,2027.0,,A. Forson
Lee Han Beom CB,21,70,81,261062,Right,72,CB,11,3300000.0,10000.0,5000000.0,215,26,30,71,64,24,231,55,27,24,62,63,291,61,62,51,62,55,278,31,89,59,80,19,256,67,65,33,52,39,55,208,71,70,67,47,7,14,5,6,15,1526,339,1,62,28,50,57,69,190,84,Midtjylland,2027.0,,Lee Han Beom
C. Webster CM CDM CAM,19,58,74,261390,Right,63,CAM,16,525000.0,800.0,1100000.0,254,50,52,43,63,46,305,65,57,59,62,62,322,70,65,88,52,47,263,58,48,50,51,56,255,47,44,51,61,52,66,143,43,53,47,43,5,10,13,8,7,1585,342,1,67,54,59,65,47,177,67,SC Heerenveen,2024.0,,C. Webster
A. Nagalo CB,20,71,82,261422,Right,73,CB,11,3800000.0,6000.0,5500000.0,225,35,25,69,68,28,259,58,38,26,70,67,330,65,74,60,63,68,301,45,79,71,81,25,245,73,68,28,50,26,70,210,69,73,68,55,11,6,11,13,14,1625,363,1,70,29,55,62,70,185,75,Nordsjælland,2027.0,,A. Nagalo
S. Coulibaly CB,19,71,82,261495,Left,73,CB,11,3800000.0,12000.0,0.0,237,34,30,70,74,29,255,62,28,25,73,67,369,83,89,78,65,54,323,56,86,67,79,35,244,78,69,29,38,30,66,201,65,69,67,53,5,14,13,10,11,1682,385,1,86,36,54,65,68,191,73,Antwerp,,,S. Coulibaly
Antonio Blanco CDM CM,22,74,82,261987,Right,75,CDM,8,9000000.0,16000.0,21600000.0,264,46,56,49,76,37,334,65,56,65,75,73,295,56,51,61,71,56,296,52,53,73,54,64,348,72,73,67,76,60,73,215,69,74,72,52,11,7,13,12,9,1804,377,1,53,57,68,67,70,176,68,Deportivo Alavés,2027.0,,Antonio Blanco
S. Ulreich GK,34,74,74,186569,Right,74,GK,0,725000.0,32000.0,1200000.0,81,14,12,8,34,13,92,13,12,15,30,22,229,41,40,36,73,39,210,47,60,29,63,11,111,25,14,8,42,22,45,48,16,18,14,358,75,69,62,73,79,1129,399,2,75,69,62,79,41,192,87,FC Bayern München,2025.0,,S. Ulreich
İ. Gündoğan CM CDM,32,86,86,186942,Right,86,CM,0,53500000.0,220000.0,109700000.0,372,77,82,50,88,75,427,86,86,80,84,91,365,65,60,77,86,77,374,79,67,75,73,80,395,70,75,84,86,80,87,219,77,75,67,48,11,14,5,5,13,2200,458,3,62,81,84,86,72,180,80,FC Barcelona,2025.0,,İ. Gündoğan
K. Trapp GK,32,83,83,188943,Right,83,GK,0,18000000.0,42000.0,30600000.0,74,13,13,11,25,12,72,10,14,12,12,24,255,43,50,42,83,37,260,58,69,45,75,13,127,30,22,12,46,17,64,39,15,14,10,408,82,80,77,85,84,1235,454,3,82,80,77,84,46,189,84,Eintracht Frankfurt,2026.0,,K. Trapp
J. Shelvey CM CDM,31,75,75,189165,Right,75,CM,0,4600000.0,53000.0,0.0,346,75,60,63,82,66,377,72,69,73,86,77,258,43,32,51,69,63,353,85,65,55,71,77,360,83,64,62,80,71,78,181,60,63,58,64,14,11,15,8,16,1939,388,2,37,69,80,71,62,184,80,Rizespor,,,J. Shelvey
N. Otamendi CB,35,82,82,192366,Right,82,CB,0,8000000.0,14000.0,16000000.0,316,52,54,79,74,57,278,51,50,39,72,66,325,63,65,58,81,58,382,69,91,83,83,56,329,90,84,48,62,45,79,248,84,84,80,48,12,5,8,11,12,1926,412,3,64,57,64,59,83,183,78,Benfica,2025.0,,N. Otamendi
H. Mkhitaryan CAM CM CDM,34,82,82,192883,Right,82,CAM,0,14500000.0,95000.0,24700000.0,386,79,78,68,82,79,390,82,81,66,76,85,407,80,77,85,82,83,388,84,78,80,69,77,371,72,62,81,84,72,84,161,51,55,55,42,5,11,14,5,7,2145,450,3,78,79,80,83,57,177,75,Inter,2024.0,,H. Mkhitaryan
K. Navas GK,36,82,82,193041,Right,82,GK,0,3400000.0,46000.0,6300000.0,88,11,15,11,40,11,127,24,21,15,37,30,307,54,53,60,79,61,255,56,72,39,75,13,159,32,22,16,64,25,63,56,28,14,14,403,82,80,74,82,85,1395,457,3,82,80,74,85,54,185,80,Paris Saint Germain,2024.0,,K. Navas
Isco CAM LM CM,31,81,81,197781,Right,81,CAM,0,21500000.0,32000.0,45200000.0,357,78,74,55,84,66,410,84,85,76,80,85,374,68,65,79,78,84,334,72,63,68,55,76,352,57,61,76,84,74,81,171,58,62,51,51,10,8,12,15,6,2049,423,3,66,74,82,83,59,176,79,Real Betis,2027.0,,Isco
R. Barkley CM CAM,29,76,76,199189,Right,77,CAM,0,7500000.0,46000.0,15000000.0,348,71,68,66,81,62,381,79,69,73,80,80,334,65,68,65,75,61,379,81,75,68,76,79,343,71,53,74,80,65,81,183,55,65,63,51,9,14,12,6,10,2019,428,2,67,73,78,77,60,186,76,Luton Town,2024.0,,R. Barkley
Danilo CB RB,31,81,81,199304,Right,81,CB,0,17500000.0,100000.0,29800000.0,361,76,59,79,78,69,373,73,73,73,76,78,360,73,80,63,79,65,392,82,87,74,80,69,361,79,82,69,64,67,82,249,84,84,81,53,14,5,15,14,5,2149,454,2,77,67,74,74,83,184,78,Juventus,2025.0,,Danilo
K. Volland ST CAM CF,30,77,77,200610,Left,77,ST,0,10500000.0,37000.0,17900000.0,386,76,77,74,76,83,389,78,79,80,73,79,364,69,68,73,75,79,415,85,84,83,84,79,355,80,45,78,80,72,79,124,36,50,38,43,8,7,9,7,12,2076,431,2,68,79,77,78,46,179,85,FC Union Berlin,2026.0,,K. Volland
L. Kurzawa LB,30,72,72,201510,Left,72,LB,0,2000000.0,41000.0,3700000.0,338,74,62,69,73,60,333,75,69,49,63,77,331,69,63,66,66,67,322,69,72,57,66,58,336,69,72,70,72,53,71,214,69,73,72,55,14,10,7,9,15,1929,408,2,66,62,70,74,71,182,74,Paris Saint Germain,2024.0,,L. Kurzawa
N. Pope GK,31,84,84,203841,Right,84,GK,0,22500000.0,110000.0,42800000.0,92,11,14,11,42,14,117,15,13,12,52,25,255,50,47,36,80,42,254,56,71,37,75,15,144,36,23,13,50,22,63,48,19,15,14,409,82,82,75,84,86,1319,458,2,82,82,75,86,49,199,76,Newcastle United,2026.0,,N. Pope
S. Umtiti CB,29,77,77,205600,Left,77,CB,0,9000000.0,31000.0,17100000.0,325,61,51,75,75,63,332,60,72,62,71,67,314,57,63,56,74,64,365,83,80,53,82,67,322,76,78,51,58,59,72,232,80,78,74,66,15,10,14,12,15,1956,403,3,60,62,67,63,78,182,75,LOSC Lille,2025.0,,S. Umtiti
J. Murphy RW RM,28,76,76,206085,Right,76,RW,0,7500000.0,90000.0,14300000.0,309,76,67,45,71,50,362,81,76,67,60,78,391,83,83,74,76,75,356,76,68,77,65,70,338,56,65,77,74,66,71,181,61,65,55,58,13,16,13,10,6,1995,428,1,83,69,71,78,61,179,74,Newcastle United,2027.0,,J. Murphy
S. Gnabry RM CF LM,27,83,83,206113,Right,83,RM,0,38500000.0,82000.0,63500000.0,370,77,85,42,83,83,376,85,74,62,73,82,419,84,79,86,82,88,378,87,68,72,69,82,330,58,38,84,80,70,82,132,45,44,43,50,14,10,10,9,7,2055,438,3,81,84,78,84,43,176,77,FC Bayern München,2026.0,,S. Gnabry
23 L. Antal RM ST,33,64,64,206274,Right,64,RM,0,375000.0,2000.0,506000.0,302,67,56,57,65,57,314,62,62,64,63,63,337,69,69,72,61,66,314,66,64,63,62,59,278,52,41,64,53,68,59,112,31,42,39,46,10,10,12,7,7,1703,355,1,69,60,63,63,40,178,70,Mioveni,2023.0,23,L. Antal
J. Donacien RB CB,29,68,68,209675,Right,68,RB,0,1100000.0,8000.0,2100000.0,246,59,28,63,60,36,230,61,37,24,46,62,341,76,81,62,61,61,320,50,82,75,78,35,268,69,64,52,45,38,62,201,67,68,66,61,13,12,6,16,14,1667,370,1,79,36,52,61,66,183,75,Ipswich Town,2024.0,,J. Donacien
J. Hofmann CAM,30,83,83,210324,Right,83,CAM,0,35000000.0,74000.0,59500000.0,365,80,84,48,84,69,397,82,77,75,82,81,391,75,76,79,83,78,371,74,66,89,66,76,385,70,75,83,86,71,82,184,70,57,57,42,6,6,10,10,10,2135,456,3,76,79,83,81,64,176,72,Bayer 04 Leverkusen,2027.0,,J. Hofmann
T. Mings CB,30,79,79,212419,Left,79,CB,0,14500000.0,76000.0,27600000.0,293,70,37,77,75,34,300,68,53,37,75,67,317,61,79,55,76,46,336,61,85,62,86,42,318,86,77,53,57,45,71,237,79,78,80,52,7,10,13,7,15,1853,406,2,71,44,67,66,78,196,77,Aston Villa,2026.0,,T. Mings
22 D. Valdés CAM CM,27,74,74,213597,Right,74,CAM,0,4500000.0,37000.0,7700000.0,339,67,67,64,75,66,360,75,70,67,71,77,371,79,79,75,69,69,362,75,70,73,72,72,326,57,59,70,75,65,80,147,50,55,42,45,8,9,12,8,8,1950,419,1,79,70,72,75,54,179,75,América,2026.0,22,D. Valdés
Kenedy LM RM ST,27,73,73,215639,Left,73,LM,0,3200000.0,10000.0,5100000.0,330,72,67,65,70,56,361,76,77,70,65,73,368,77,73,77,70,71,351,78,75,66,63,69,327,51,60,75,73,68,76,173,60,59,54,64,11,15,11,15,12,1974,413,1,75,70,71,75,60,180,85,Real Valladolid,2027.0,,Kenedy
K. Jackson RM ST,29,65,65,216227,Right,65,RM,0,700000.0,6000.0,1300000.0,291,60,63,60,54,54,247,62,42,40,40,63,379,91,91,72,63,62,317,62,77,64,58,56,264,54,30,64,58,58,60,125,44,41,40,63,12,16,15,8,12,1686,370,1,91,61,53,63,42,181,73,Ipswich Town,2024.0,,K. Jackson
M. Borja ST,30,76,76,219862,Right,76,ST,0,7500000.0,21000.0,10500000.0,356,67,77,76,67,69,324,71,60,59,62,72,367,75,78,69,75,70,397,80,84,76,88,69,336,76,32,81,70,77,76,115,40,39,36,66,10,16,13,12,15,1961,414,1,77,76,66,72,41,184,89,River Plate,2025.0,,M. Borja
A. Sanabria ST CF,27,78,78,219932,Right,78,ST,0,15000000.0,49000.0,25500000.0,365,63,81,77,77,67,359,81,69,64,63,82,390,80,76,83,75,76,361,80,84,64,68,65,274,36,21,82,69,66,78,77,42,20,15,58,8,14,9,14,13,1884,397,1,78,76,69,81,32,180,77,Torino,2025.0,,A. Sanabria
D. Calvert-Lewin ST,26,77,78,221479,Right,78,ST,1,12500000.0,44000.0,24700000.0,363,65,77,86,70,65,314,71,64,54,47,78,360,70,84,66,76,64,375,80,91,62,82,60,330,76,35,78,64,77,75,92,38,31,23,50,12,12,8,7,11,1884,403,2,78,74,63,73,39,187,71,Everton,2025.0,,D. Calvert-Lewin
Mariano ST CF,29,73,73,221639,Right,73,ST,0,3000000.0,23000.0,6300000.0,335,50,72,78,66,69,337,70,74,73,51,69,361,71,72,78,71,69,390,80,86,73,75,76,334,80,45,74,63,72,68,115,41,40,34,55,12,14,6,8,15,1927,398,1,72,74,61,70,45,180,76,Sevilla,2025.0,,Mariano
M. Locatelli CDM CM,25,82,86,222077,Right,83,CM,4,38500000.0,105000.0,68300000.0,358,73,62,68,85,70,382,79,73,64,83,83,337,65,68,65,80,59,403,79,76,89,77,82,365,77,78,68,82,60,82,238,80,83,75,59,11,12,11,10,15,2142,454,2,67,70,80,78,79,185,75,Juventus,2028.0,,M. Locatelli
L. Klostermann CB RB,27,79,80,222331,Right,80,CB,1,17500000.0,50000.0,31100000.0,319,72,55,77,74,41,276,71,47,22,63,73,365,80,81,63,81,60,334,58,88,80,77,31,306,71,80,68,55,32,68,248,82,81,85,44,8,12,10,7,7,1892,424,2,81,50,64,71,81,189,88,RB Leipzig,2028.0,,L. Klostermann
T. Castagne RB LB RW,27,76,76,222501,Right,76,RB,0,7000000.0,60000.0,13300000.0,316,76,56,69,75,40,311,74,58,33,70,76,353,71,75,68,74,65,336,65,74,79,66,52,341,75,74,76,69,47,68,220,74,74,72,63,14,9,15,10,15,1940,417,1,73,57,70,73,73,185,80,Fulham,2027.0,,T. Castagne
S. Milinković-Savić CM CDM,28,86,86,223848,Right,86,CM,0,68000000.0,84000.0,108800000.0,399,71,82,86,86,74,417,85,81,78,86,87,337,62,66,62,84,63,429,83,87,91,87,81,382,79,79,82,83,59,84,233,77,77,79,47,7,10,7,16,7,2244,473,3,64,80,82,82,79,192,95,Al Hilal,2026.0,,S. Milinković-Savić
K. Laimer CDM CM RB,26,83,84,225375,Right,83,CDM,1,38000000.0,75000.0,65599999.99999999,357,78,69,69,81,60,349,77,70,47,77,78,396,82,78,76,83,77,380,74,79,90,69,68,380,89,86,73,78,54,79,242,84,81,77,58,9,12,12,13,12,2162,464,3,80,69,77,78,81,180,72,FC Bayern München,2027.0,,K. Laimer
J. Gallardo LB LM LW,28,75,75,226045,Left,75,LB,0,0.0,0.0,0.0,330,75,69,64,73,49,336,76,73,47,66,74,384,84,82,80,67,71,374,75,81,88,71,59,336,65,65,72,69,65,68,209,72,70,67,47,9,7,8,12,11,2016,439,1,83,67,70,75,69,176,73,Mexico,,,J. Gallardo
M. Cash RB RWB RM,25,79,80,227174,Right,79,RB,1,19000000.0,73000.0,37500000.0,321,77,66,49,74,55,340,75,70,48,71,76,385,78,80,78,79,70,364,77,69,86,68,64,341,84,76,71,66,44,72,237,77,80,80,65,15,16,13,13,8,2053,442,2,79,66,71,75,75,185,74,Aston Villa,2027.0,,M. Cash
M. Svanberg CM CDM,24,77,80,228946,Right,79,CAM,3,14500000.0,37000.0,25700000.0,298,68,65,32,80,53,362,78,66,63,76,79,371,74,78,74,78,67,366,74,63,77,75,77,343,65,72,71,78,57,72,193,64,67,62,46,7,6,13,8,12,1979,433,2,76,69,75,77,63,185,75,VfL Wolfsburg,2027.0,,M. Svanberg
E. Adebayo ST,25,73,76,229375,Right,75,ST,3,4099999.9999999995,37000.0,8500000.0,306,43,73,72,55,63,290,74,54,46,42,74,352,71,81,70,71,59,387,72,87,77,85,66,307,71,42,74,55,65,64,119,42,43,34,48,6,11,9,11,11,1809,395,1,77,71,50,72,45,193,89,Luton Town,2026.0,,E. Adebayo
G. Mancini CB,27,83,85,229582,Right,85,CB,2,38500000.0,80000.0,68300000.0,272,34,48,83,67,40,278,59,38,34,71,76,314,65,75,34,83,57,335,51,86,81,83,34,313,94,84,32,56,47,80,247,84,84,79,47,13,12,8,6,8,1806,404,2,71,45,56,64,83,190,77,Roma,2027.0,,G. Mancini
M. Pjaca CF LW CAM,28,72,72,229593,Right,73,RW,0,0.0,0.0,0.0,341,70,64,68,74,65,357,78,68,66,67,78,360,73,75,77,70,65,365,78,81,55,78,73,276,42,30,67,68,69,62,106,36,36,34,47,11,5,10,9,12,1852,392,1,74,69,70,76,38,186,83,Croatia,,,M. Pjaca
D. Sow CM CDM,26,78,79,229752,Right,79,CM,1,16500000.0,29000.0,35900000.0,346,70,69,62,79,66,365,74,68,62,80,81,384,76,82,75,78,73,374,71,71,87,75,70,363,77,79,74,75,58,80,226,75,77,74,42,6,12,9,7,8,2100,453,2,79,69,75,77,75,184,76,Sevilla,2028.0,,D. Sow
C. Montes CB,26,77,80,229980,Right,79,CB,3,12000000.0,25000.0,26100000.0,277,41,48,82,73,33,302,63,62,35,74,68,318,62,54,75,76,51,334,55,86,77,81,35,323,78,76,56,65,48,74,230,77,78,75,42,9,10,5,5,13,1826,390,1,58,46,63,66,77,191,84,Almería,2028.0,,C. Montes
L. Nmecha ST,24,77,82,230084,Right,79,ST,5,16000000.0,41000.0,28400000.0,357,58,78,74,76,71,325,77,61,48,59,80,376,78,78,73,75,72,391,79,87,74,80,71,333,71,37,76,68,81,71,103,43,33,27,45,9,11,11,8,6,1930,415,2,78,77,66,77,40,185,80,VfL Wolfsburg,2025.0,,L. Nmecha
G. Montiel RB RWB,26,78,79,231340,Right,78,RB,1,15000000.0,26000.0,0.0,317,73,58,71,72,43,316,74,64,39,66,73,396,83,82,82,74,75,375,68,83,93,70,61,390,85,76,77,70,82,75,221,72,74,75,38,6,10,11,5,6,2053,441,1,82,62,69,75,74,175,70,Nottingham Forest,,,G. Montiel
J. Leko ST RW LW,24,64,67,231408,Right,67,RM,3,800000.0,5000.0,0.0,286,57,62,56,61,50,260,65,53,34,44,64,392,90,90,78,61,73,330,63,77,69,65,56,255,57,30,61,57,50,55,97,32,36,29,46,6,12,11,8,9,1666,371,1,90,60,55,66,35,182,78,Burton Albion,,,J. Leko
A. Vega LW ST LM,25,78,81,233260,Right,81,CAM,3,0.0,0.0,0.0,351,69,76,64,77,65,384,85,72,75,74,78,401,81,79,83,72,86,392,80,81,75,75,81,317,64,26,75,86,66,75,81,44,19,18,43,5,11,12,8,7,1969,420,1,80,77,76,82,32,173,77,Mexico,,,A. Vega
G. Hamer CM,26,75,77,234741,Right,77,CM,2,7000000.0,32000.0,14500000.0,353,74,67,70,76,66,367,68,74,73,79,73,375,71,68,77,73,86,379,76,76,82,70,75,367,87,76,67,77,60,72,213,73,72,68,45,12,7,7,9,10,2099,437,1,69,70,76,72,73,169,61,Sheffield United,2027.0,,G. Hamer
J. Bellegarde CM CDM LW,25,75,79,235456,Right,78,RM,4,8000000.0,51000.0,15800000.0,321,66,61,61,77,56,360,78,59,68,76,79,409,82,83,83,75,86,358,69,77,80,68,64,346,72,70,74,75,55,75,209,68,72,69,60,12,15,14,10,9,2063,439,2,83,63,73,79,69,172,70,Wolverhampton Wanderers,2028.0,,J. Bellegarde
Rafa Mújica ST,24,75,80,235520,Right,77,ST,5,8500000.0,8000.0,18500000.0,350,59,80,74,65,72,320,71,61,56,59,73,366,77,74,71,69,75,379,74,87,76,78,64,311,63,25,80,73,70,76,94,28,35,31,54,15,9,6,9,15,1874,395,1,75,75,64,72,34,185,70,Arouca,2024.0,,Rafa Mújica
T. Ndombele CM CDM CAM,26,77,78,235569,Right,80,CAM,1,12500000.0,71000.0,0.0,343,73,68,56,84,62,384,87,74,59,79,85,362,62,64,80,70,86,347,79,70,49,75,74,352,73,69,70,82,58,86,208,67,72,69,46,8,10,13,8,7,2042,434,2,63,71,79,85,68,181,76,Galatasaray,,,T. Ndombele
R. Yates CDM CM,25,75,79,235642,Right,77,CB,4,7000000.0,46000.0,13800000.0,308,47,60,77,74,50,278,64,43,34,68,69,305,50,68,65,68,54,368,61,80,90,81,56,338,86,76,58,63,55,65,217,74,73,70,41,10,8,6,6,11,1855,404,1,60,59,62,65,74,190,77,Nottingham Forest,2025.0,,R. Yates
R. Marin CM CDM,27,76,77,235813,Right,77,CM,1,8500000.0,25000.0,0.0,357,76,68,59,80,74,381,74,78,75,77,77,361,69,68,74,76,74,381,82,69,82,68,80,365,73,73,69,74,76,75,203,69,67,67,47,11,14,6,8,8,2095,435,1,68,74,77,75,68,178,75,Empoli,,,R. Marin
Fran Beltrán CDM CM,24,78,82,235997,Right,79,CDM,4,18500000.0,20000.0,40200000.0,323,72,53,60,83,55,340,74,54,55,81,76,346,61,56,77,74,78,317,61,66,67,63,60,335,70,75,63,78,49,66,238,77,80,81,55,14,11,8,13,9,1954,408,1,58,56,77,75,76,165,64,Celta de Vigo,2026.0,,Fran Beltrán
Reinildo LB CB,29,81,81,236045,Left,81,LB,0,22500000.0,60000.0,47300000.0,337,74,57,77,76,53,315,74,68,36,60,77,394,82,85,77,79,71,353,60,88,83,75,47,337,80,79,70,64,44,73,241,79,82,80,49,6,8,13,15,7,2026,441,1,84,55,68,75,80,180,73,Atlético Madrid,2025.0,,Reinildo
M. Guendouzi CM CF,24,79,83,236496,Right,81,CM,4,25000000.0,38000.0,0.0,343,67,66,69,83,58,377,76,75,67,79,80,381,73,74,84,79,71,385,75,78,88,75,69,388,86,77,74,81,70,82,220,72,76,72,49,6,13,6,13,11,2143,454,2,74,69,78,78,74,185,68,Lazio,,,M. Guendouzi
M. Senesi CB,26,76,78,236506,Left,78,CB,2,8000000.0,40000.0,15800000.0,303,63,32,74,76,58,300,73,41,32,79,75,318,65,54,66,72,61,335,55,80,71,77,52,298,74,77,32,75,40,75,230,76,76,78,49,10,13,11,7,8,1833,394,2,59,42,70,72,76,183,78,AFC Bournemouth,2026.0,,M. Senesi
David Neres RM CAM LM,26,80,80,236632,Left,80,RM,0,23000000.0,18000.0,46000000.0,344,73,74,45,78,74,371,86,79,52,69,85,425,87,85,88,78,87,361,79,70,73,64,75,319,53,44,74,79,69,85,122,47,41,34,48,14,10,5,13,6,1990,429,3,86,75,75,86,43,175,69,Benfica,2027.0,,David Neres
C. O'Hare CAM,25,74,79,238058,Right,76,CAM,5,6000000.0,35000.0,11900000.0,321,65,69,51,75,61,342,78,68,52,69,75,401,81,79,83,71,87,315,63,62,84,47,59,357,79,64,74,72,68,78,188,62,65,61,58,11,7,11,14,15,1982,419,1,80,66,70,78,62,173,65,Coventry City,2024.0,,C. O'Hare
A. Haidara CM CDM,25,79,82,238463,Right,81,CM,3,23000000.0,53000.0,40800000.0,336,74,69,50,82,61,376,81,75,62,77,81,363,74,55,78,78,78,367,77,67,81,65,77,363,69,80,74,78,62,76,209,72,71,66,43,7,11,8,7,10,2057,435,2,64,72,78,80,71,175,72,RB Leipzig,2026.0,,A. Haidara
J. Moder CM CDM LM,24,73,78,239778,Right,75,CAM,5,4600000.0,47000.0,9100000.0,326,70,66,60,77,53,361,72,70,71,73,75,328,62,66,65,74,61,366,82,71,65,74,74,351,70,69,71,74,67,74,206,68,73,65,62,15,14,14,13,6,2000,420,1,64,70,74,72,69,188,78,Brighton & Hove Albion,2025.0,,J. Moder
17 F. Totti CF ST,39,80,80,1238,Right,82,CAM,0,1500000.0,60000.0,0.0,386,83,81,42,90,90,423,82,75,90,85,91,275,43,34,59,79,60,337,88,34,54,75,86,350,69,24,80,91,86,85,48,14,24,10,53,5,12,14,11,11,1872,378,3,38,84,87,81,21,180,82,Roma,2017.0,17,F. Totti
18 S. Eto'o ST,36,81,81,9676,Right,79,ST,0,6500000.0,20000.0,13000000.0,384,69,84,75,76,80,379,80,78,72,71,78,372,73,74,74,76,75,380,85,86,64,70,75,357,75,39,83,75,85,83,94,20,39,35,53,7,10,11,13,12,2019,415,3,74,82,74,78,37,179,75,Konyaspor,2020.0,18,S. Eto'o
21 W. Rooney CM CDM CAM,34,76,76,54050,Right,77,CAM,0,3500000.0,29000.0,6700000.0,389,73,79,74,80,83,400,72,82,81,83,82,321,53,52,61,78,77,372,84,71,59,78,80,372,81,52,78,80,81,88,152,57,55,40,49,10,11,13,8,7,2055,414,4,52,80,79,74,55,176,83,Derby County,2021.0,21,W. Rooney
Kaio César RW LW,19,67,83,70651,Left,68,LM,16,2600000.0,2000.0,7100000.0,273,65,54,30,63,61,309,74,59,51,54,71,396,84,82,91,59,80,235,53,44,58,32,48,240,38,23,54,66,59,62,79,25,28,26,51,10,12,8,14,7,1583,338,1,83,53,62,74,26,168,66,Vitória SC,2024.0,,Kaio César
E. Wheatley ST,17,63,82,71973,Right,65,ST,19,1200000.0,4000.0,3000000.0,274,38,65,61,55,55,265,64,52,44,43,62,339,71,74,70,57,67,322,66,73,60,67,56,254,50,25,62,53,64,63,80,29,30,21,49,13,11,5,14,6,1583,342,1,73,63,49,64,31,188,81,Manchester United,2028.0,,E. Wheatley
G. Chiellini CB,38,80,80,138956,Left,80,CB,0,3800000.0,8000.0,5700000.0,283,63,33,77,65,45,269,57,60,31,66,55,308,65,63,48,75,57,366,78,87,62,90,49,299,87,84,28,50,50,83,242,78,85,79,15,3,3,2,4,3,1782,391,4,64,46,60,58,81,187,85,Los Angeles FC,2023.0,,G. Chiellini
L. Podolski CF ST CAM,38,72,72,150516,Left,73,ST,0,800000.0,6000.0,1100000.0,366,70,73,65,74,84,366,71,74,73,73,75,294,43,54,58,73,66,356,90,68,48,76,74,335,71,36,77,74,77,80,95,30,35,30,53,10,9,16,9,9,1865,375,3,49,78,73,71,36,183,88,Górnik Zabrze,2025.0,,L. Podolski
23 Piqué CB,35,82,82,152729,Right,82,CB,0,8000000.0,105000.0,16399999.999999998,342,57,65,83,80,57,326,63,58,43,82,80,278,48,62,56,78,34,328,62,73,61,81,51,366,78,81,66,72,69,86,246,80,84,82,58,10,11,14,15,8,1944,413,4,56,61,71,68,82,194,85,FC Barcelona,2024.0,23,Piqué
A. Young RB LB,37,74,74,152908,Right,74,RB,0,925000.0,22000.0,1800000.0,360,77,60,72,77,74,376,73,82,75,70,76,347,67,63,69,72,76,347,71,76,68,68,64,362,83,74,72,73,60,75,214,69,73,72,72,16,10,15,16,15,2078,421,2,65,64,75,74,72,175,65,Everton,2024.0,,A. Young
H. Lloris GK,36,80,80,167948,Left,80,GK,0,2300000.0,6000.0,3500000.0,97,13,10,9,50,15,115,12,12,10,52,29,288,55,53,49,75,56,188,50,55,30,39,14,162,31,25,9,57,40,53,54,24,12,18,388,82,77,67,79,83,1292,442,4,82,77,67,83,54,188,82,Los Angeles FC,2024.0,,H. Lloris
A. Witsel CB,34,80,80,177413,Right,80,CB,0,7000000.0,53000.0,14700000.0,371,68,62,82,84,75,368,75,71,64,79,79,281,33,36,63,82,67,346,64,75,70,80,57,375,72,83,69,75,76,85,244,86,82,76,36,5,7,7,10,7,2021,409,3,35,63,77,75,83,186,81,Atlético Madrid,2024.0,,A. Witsel
Willian LM RM,34,77,77,180403,Right,78,CAM,0,4900000.0,71000.0,9300000.0,318,75,75,31,78,59,398,82,83,82,71,80,385,76,69,83,78,79,332,82,56,60,56,78,335,45,55,78,78,79,84,148,43,55,50,59,14,12,13,7,13,1975,411,3,72,77,77,81,49,175,77,Fulham,2024.0,,Willian
D. Welbeck ST,32,75,75,186146,Right,75,ST,0,4600000.0,69000.0,8700000.0,365,69,76,77,74,69,344,76,61,62,64,81,336,62,70,67,73,64,354,77,80,62,72,63,334,75,32,80,74,73,78,115,43,39,33,53,9,10,6,12,16,1901,398,2,66,73,70,76,42,185,73,Brighton & Hove Albion,2024.0,,D. Welbeck
A. Ramsey CM CAM,32,74,74,186561,Right,74,CM,0,3300000.0,17000.0,6300000.0,339,70,61,55,81,72,381,76,79,70,74,82,310,41,51,68,71,79,321,74,58,51,65,73,356,65,65,74,78,74,75,200,66,67,67,40,6,11,5,10,8,1947,395,3,47,68,77,77,65,183,76,Cardiff City,2025.0,,A. Ramsey
J. Fujita CDM CM,21,67,76,260464,Right,68,CDM,9,2200000.0,3000.0,3600000.0,261,44,56,50,70,41,294,64,45,53,66,66,346,76,60,73,59,78,325,65,69,67,66,58,307,69,67,57,63,51,51,196,58,71,67,56,12,8,15,7,14,1785,381,1,67,57,61,65,64,175,76,Sint-Truiden,2027.0,,J. Fujita
Eom Ji Sung LM LW,21,70,81,260492,Right,71,RM,11,3600000.0,3000.0,5200000.0,276,64,63,34,59,56,318,74,64,63,51,66,401,78,87,90,70,76,318,64,57,74,56,67,293,59,33,72,68,61,61,105,38,37,30,58,13,6,12,14,13,1769,377,1,83,64,61,72,36,178,70,Gwangju,2027.0,,Eom Ji Sung
Kaio Jorge ST,21,70,80,260644,Right,72,ST,10,3600000.0,36000.0,0.0,336,54,72,68,68,74,328,77,68,50,54,79,344,69,71,73,63,68,330,74,71,62,63,60,261,48,27,66,54,66,66,54,22,14,18,44,14,5,9,8,8,1697,360,1,70,70,59,76,25,182,71,Frosinone,,,Kaio Jorge
D. Fofana ST,20,72,83,260942,Right,74,ST,11,5000000.0,48000.0,0.0,316,55,68,63,67,63,308,78,61,52,44,73,396,87,85,79,72,73,361,69,85,67,78,62,258,59,15,73,55,56,70,52,20,18,14,54,14,6,10,14,10,1745,380,1,86,66,58,76,22,181,82,Burnley,,,D. Fofana
I. Miramón CDM CM,20,70,80,261171,Right,71,CDM,10,3300000.0,11000.0,6900000.0,283,57,55,46,68,57,313,67,51,59,67,69,343,66,71,72,65,69,333,61,64,79,72,57,309,74,66,53,58,58,56,209,68,71,70,54,13,8,10,8,15,1844,397,1,69,57,62,68,67,179,74,LOSC Lille,2028.0,,I. Miramón
I. Ndiaye CF ST,23,75,80,261188,Right,76,CAM,5,8500000.0,32000.0,16800000.0,312,48,72,49,72,71,340,82,68,55,56,79,407,83,85,84,78,77,344,74,70,66,65,69,299,47,49,73,64,66,78,98,44,28,26,46,7,9,7,15,8,1846,400,1,84,72,62,81,39,180,70,Olympique de Marseille,2028.0,,I. Ndiaye
K. Kesler-Hayden RB LB RWB,20,66,76,261335,Right,66,RB,10,1800000.0,13000.0,3800000.0,258,64,55,48,64,27,257,64,41,30,61,61,368,80,80,82,55,71,269,42,60,72,50,45,279,64,60,58,59,38,59,183,60,63,60,55,8,11,15,14,7,1669,372,1,80,48,60,65,60,175,62,Aston Villa,2026.0,,K. Kesler-Hayden
M. Estève CB,21,74,82,262042,Left,76,CB,8,9000000.0,14000.0,0.0,244,53,26,71,68,26,235,51,45,29,48,62,268,59,69,33,70,37,314,61,81,64,84,24,247,75,73,28,33,38,73,225,76,75,74,58,12,14,14,7,11,1591,355,1,65,33,52,54,74,193,87,Burnley,,,M. Estève
H. Haraldsson LM CAM LW,20,73,83,262088,Right,74,CAM,10,6500000.0,18000.0,13700000.0,313,64,66,45,74,64,345,73,67,62,68,75,387,75,77,86,67,82,321,64,61,81,57,58,343,82,59,72,72,58,70,174,60,56,58,51,7,14,10,14,6,1934,410,1,76,64,70,75,57,180,73,LOSC Lille,2028.0,,H. Haraldsson
L. Gondou ST RW,22,75,82,263296,Left,77,ST,7,11500000.0,13000.0,19600000.0,327,54,78,76,62,57,346,73,65,68,64,76,332,66,70,69,72,55,400,79,88,72,88,73,311,69,27,78,68,69,72,97,35,35,27,49,6,10,6,14,13,1862,396,1,68,76,62,73,37,189,83,Argentinos Juniors,2027.0,,L. Gondou
A. Al Dakhil CB,21,72,81,263573,Right,74,CB,9,4900000.0,21000.0,10800000.0,214,27,22,72,68,25,235,59,29,16,66,65,331,69,75,58,69,60,288,41,80,68,75,24,239,74,71,15,47,32,70,216,72,73,71,50,9,14,9,10,8,1573,357,1,72,27,51,62,72,187,70,Burnley,2026.0,,A. Al Dakhil
Miguel Maga RWB RB RM,20,72,82,263653,Right,72,RWB,10,4900000.0,6000.0,11300000.0,274,68,51,40,65,50,310,65,61,53,61,70,377,78,81,75,70,73,284,60,50,72,44,58,295,55,69,55,64,52,57,210,70,70,70,46,13,9,7,6,11,1796,387,1,80,54,64,68,67,175,69,Vitória SC,2027.0,,Miguel Maga
Filipe Relvas CB LB CM,23,74,79,263897,Left,76,CB,5,6000000.0,7000.0,13100000.0,274,66,30,66,73,39,304,55,59,53,69,68,301,63,68,48,79,43,337,58,76,77,79,47,275,67,78,45,42,43,65,224,77,75,72,50,12,15,5,9,9,1765,380,1,66,41,63,59,75,192,84,Portimonense,2026.0,,Filipe Relvas
Juanlu Sánchez RB RWB,19,69,82,264174,Right,70,RWB,13,3200000.0,6000.0,8700000.0,300,70,65,58,69,38,295,73,54,32,57,79,317,65,65,53,70,64,284,57,57,68,49,53,283,52,67,50,58,56,60,194,67,62,65,58,15,12,6,12,13,1731,377,1,65,58,63,72,64,186,70,Sevilla,2026.0,,Juanlu Sánchez
M. Satriano ST,22,74,79,264325,Right,76,ST,5,6500000.0,52000.0,0.0,343,56,77,73,71,66,313,74,58,53,51,77,324,66,69,58,74,57,355,69,79,66,73,68,288,62,22,77,58,69,69,92,27,34,31,52,11,8,13,13,7,1767,376,1,68,73,61,72,33,187,75,Stade Brestois 29,,,M. Satriano
S. Curtis RB CB,17,62,79,264514,Right,62,RB,17,950000.0,500.0,2500000.0,237,59,37,56,56,29,230,57,35,26,53,59,315,70,66,65,54,60,257,30,64,80,59,24,255,63,53,52,48,39,53,174,56,60,58,47,13,7,7,7,13,1515,333,1,68,33,52,58,57,185,76,Sheffield United,2027.0,,S. Curtis
D. Ouattara RM LM,21,72,81,265552,Left,73,LM,9,5500000.0,23000.0,11600000.0,320,69,72,70,60,49,331,78,66,55,58,74,381,86,83,72,66,74,325,64,77,61,57,66,305,46,52,74,67,66,72,125,30,51,44,52,9,6,13,14,10,1839,393,1,84,68,63,75,46,177,71,AFC Bournemouth,2028.0,,D. Ouattara
K. De Winter CB RWB,21,69,84,265774,Right,71,CB,15,3200000.0,24000.0,0.0,264,58,29,71,65,41,278,64,51,34,63,66,314,63,70,62,65,54,314,52,78,68,72,44,254,54,67,45,39,49,59,216,70,74,72,49,12,8,11,10,8,1689,365,1,67,39,56,64,71,191,75,Genoa,,,K. De Winter
Pubill RB RWB,20,71,81,266039,Right,71,RB,10,3900000.0,11000.0,9000000.0,304,68,54,64,67,51,293,66,56,45,59,67,357,76,79,75,69,58,365,70,84,79,83,49,291,65,67,65,53,41,65,193,62,65,66,50,15,6,13,6,10,1853,406,1,78,56,62,67,65,190,82,Almería,2029.0,,Pubill
Geny Catamo RW RM RWB,22,76,83,266097,Left,77,LM,7,15000000.0,13000.0,33000000.0,316,69,69,52,66,60,338,82,70,49,55,82,406,86,88,85,69,78,338,74,66,75,50,73,317,56,65,71,72,53,72,191,67,66,58,44,10,7,10,9,8,1950,426,1,87,70,66,81,64,173,69,Sporting CP,2028.0,,Geny Catamo
C. Wiley LM LB,18,64,80,266605,Left,65,LM,16,1500000.0,700.0,3200000.0,237,59,49,47,62,20,247,70,34,26,52,65,361,73,78,76,65,69,221,20,60,64,57,20,253,50,53,62,48,40,58,182,58,64,60,62,13,10,13,14,12,1563,350,1,76,36,54,68,58,178,73,Atlanta United,2025.0,,C. Wiley
M. Lazetić ST LM,19,65,79,266891,Right,67,ST,14,1700000.0,9000.0,0.0,295,47,66,64,58,60,294,63,60,54,51,66,345,70,66,73,65,71,341,67,78,57,77,62,255,55,28,60,51,61,59,94,33,29,32,46,12,7,14,6,7,1670,353,1,68,65,53,65,34,192,80,Fortuna Sittard,,,M. Lazetić
M. Perrone CM CDM,20,71,83,267991,Left,73,CM,12,4500000.0,43000.0,0.0,285,49,54,57,75,50,314,74,55,35,73,77,344,69,68,74,61,72,322,59,68,77,66,52,318,68,70,65,71,44,66,204,70,67,67,56,11,10,15,9,11,1843,399,1,68,54,66,74,68,178,64,Las Palmas,,,M. Perrone
A. Murphy CB LB,19,63,81,270617,Left,65,CB,18,1200000.0,8000.0,3000000.0,236,59,29,59,57,32,244,52,49,35,52,56,306,60,70,59,58,59,273,47,70,53,75,28,255,68,60,41,44,42,56,187,62,63,62,48,13,7,10,11,7,1549,338,1,66,34,53,55,62,188,76,Newcastle United,2024.0,,A. Murphy
Joan González CM,21,70,80,271196,Right,72,CM,10,3600000.0,7000.0,7200000.0,298,58,59,59,74,48,337,69,66,58,72,72,308,70,62,61,67,48,360,70,73,80,74,63,334,76,62,71,70,55,70,153,42,53,58,57,12,14,9,14,8,1847,394,1,66,62,69,68,53,188,80,Lecce,2027.0,,Joan González
Y. Medina LM LWB LW,18,66,80,271417,Left,67,LM,14,2000000.0,500.0,5700000.0,266,62,60,41,62,41,293,59,55,61,56,62,402,91,91,77,68,75,286,58,61,68,53,46,282,55,57,63,59,48,46,171,59,55,57,61,14,8,13,11,15,1761,381,1,91,55,60,62,55,175,70,Independiente del Valle,2025.0,,Y. Medina
L. D'Andrea RM RW,18,68,83,271482,Left,69,LM,15,2800000.0,2000.0,0.0,292,60,58,42,68,64,339,74,70,60,64,71,370,76,74,78,63,79,284,65,56,58,54,51,253,42,30,60,62,59,68,123,39,42,42,40,9,7,7,9,8,1701,362,1,75,58,64,73,39,172,69,Catanzaro,,,L. D'Andrea
B. Tahirović CDM CM,20,70,83,272596,Right,71,CDM,13,3600000.0,6000.0,7300000.0,257,55,38,54,76,34,299,70,41,41,73,74,284,58,52,58,66,50,298,56,65,67,71,39,299,71,63,50,59,56,65,203,61,72,70,43,9,11,8,8,7,1683,366,1,55,43,64,69,65,191,77,Ajax,2028.0,,B. Tahirović
M. Monamay CB CDM,17,60,83,272924,Right,62,CDM,23,725000.0,500.0,2000000.0,203,35,21,60,59,28,260,62,47,32,58,61,322,67,67,63,62,63,252,45,64,62,56,25,230,47,63,35,45,40,45,188,58,64,66,49,14,10,8,7,10,1504,324,1,67,29,49,61,62,185,72,Bayer 04 Leverkusen,2025.0,,M. Monamay
Danilo CDM CM,22,76,81,273106,Left,77,CDM,5,10500000.0,44000.0,20700000.0,299,52,64,60,79,44,327,63,58,56,74,76,370,70,70,77,77,76,340,68,68,84,60,60,338,77,79,62,65,55,57,215,72,75,68,41,10,6,8,6,11,1930,412,1,70,62,68,69,73,176,69,Nottingham Forest,2029.0,,Danilo
D. Ozoh CDM CM,18,61,81,273693,Right,63,CB,20,850000.0,2000.0,2500000.0,260,49,54,55,62,40,271,63,51,41,55,61,328,65,69,69,58,67,310,55,70,60,73,52,290,71,58,58,53,50,57,176,53,63,60,56,12,8,11,10,15,1691,365,1,67,53,55,63,58,190,68,Crystal Palace,2024.0,,D. Ozoh
T. Avilés CB CDM,19,70,81,274569,Right,72,CB,11,3200000.0,2000.0,5400000.0,268,51,41,73,64,39,282,55,60,44,61,62,287,58,61,57,63,48,320,57,74,62,70,57,297,79,72,50,56,40,59,208,68,73,67,52,7,13,13,8,11,1714,365,1,60,48,58,58,71,186,72,Inter Miami,2026.0,,T. Avilés
Arthur RWB RM,20,69,82,275028,Right,69,RWB,13,3200000.0,13000.0,7400000.0,276,74,35,60,69,38,283,61,60,42,51,69,357,72,72,70,68,75,266,43,65,63,53,42,278,59,65,55,53,46,50,190,60,66,64,46,12,5,7,10,12,1696,359,1,72,40,62,65,63,174,69,Bayer 04 Leverkusen,2028.0,,Arthur
S. Desplanches GK,20,68,82,276839,Left,68,GK,14,2500000.0,1000.0,5600000.0,69,12,7,15,27,8,92,13,15,15,25,24,220,21,34,60,65,40,202,49,57,22,68,6,120,30,20,8,40,22,48,58,17,20,21,336,70,63,65,66,72,1097,362,1,70,63,65,72,26,189,80,Palermo,2028.0,,S. Desplanches
J. Hinshelwood CDM RB LB,18,66,82,277283,Right,67,CAM,16,2100000.0,5000.0,5300000.0,312,64,65,67,70,46,334,66,66,66,67,69,331,67,60,70,62,72,329,64,78,65,62,60,305,63,60,57,60,65,63,190,62,66,62,41,9,8,13,5,6,1842,385,1,63,62,66,67,63,178,70,Brighton & Hove Albion,2026.0,,J. Hinshelwood
B. Meupiyou CB,17,61,84,278057,Left,63,CB,23,975000.0,500.0,2900000.0,207,40,28,66,45,28,198,37,27,37,48,49,256,62,60,43,48,43,266,42,70,56,68,30,240,51,58,43,43,45,54,192,55,69,68,42,13,7,5,9,8,1401,304,1,61,33,43,43,62,191,76,Nantes,2028.0,,B. Meupiyou
J. Johnson LWB LB,17,61,81,278193,Left,61,LWB,20,850000.0,500.0,2600000.0,235,59,34,53,57,32,237,59,40,37,49,52,330,69,66,61,54,80,251,37,60,60,58,36,260,58,59,48,45,50,47,176,53,63,60,49,8,7,11,12,11,1538,329,1,67,36,52,57,58,172,68,Luton Town,2027.0,,J. Johnson
M. Lewis-Skelly CM CDM,16,58,81,278773,Left,60,CAM,23,625000.0,2000.0,1800000.0,268,50,48,54,62,54,282,61,53,45,61,62,312,65,62,63,56,66,268,51,59,57,59,42,268,59,50,53,59,47,59,159,48,55,56,48,11,10,6,12,9,1605,341,1,63,48,58,61,52,173,65,Arsenal,2025.0,,M. Lewis-Skelly
J. Addai RW,17,65,84,279239,Left,67,LM,19,1800000.0,600.0,3800000.0,279,64,65,42,57,51,296,71,59,44,56,66,380,89,83,79,54,75,280,61,60,59,52,48,221,32,20,54,55,60,60,89,28,33,28,55,12,12,11,12,8,1600,350,1,86,59,57,69,29,175,73,AZ Alkmaar,2028.0,,J. Addai
D. Muñoz RWB RB RM,27,79,80,237646,Right,79,RWB,1,18500000.0,43000.0,36500000.0,368,72,70,78,76,72,320,76,62,34,73,75,395,83,84,78,75,75,369,68,88,87,74,52,363,86,76,74,69,58,75,225,71,78,76,46,7,14,12,7,6,2086,452,1,84,66,71,76,75,181,73,Crystal Palace,2027.0,,D. Muñoz
M. Demiral CB,25,77,81,238160,Right,79,CB,4,13000000.0,31000.0,23100000.0,239,31,32,75,59,42,246,57,48,23,59,59,336,65,77,63,68,63,332,60,83,67,84,38,268,85,78,26,38,41,74,239,78,82,79,52,15,7,13,6,11,1712,377,1,72,39,47,60,79,190,86,Al Ahli Jeddah,2026.0,,M. Demiral
N. Nartey CM CDM LWB,23,68,75,238379,Left,71,LM,7,2400000.0,9000.0,4600000.0,285,65,55,60,73,32,297,73,45,40,65,74,366,71,73,75,71,76,295,51,75,59,72,38,307,67,66,63,70,41,67,196,67,68,61,53,13,9,13,6,12,1799,395,1,72,49,67,73,66,185,81,VfB Stuttgart,2025.0,,N. Nartey
H. Wright ST LM,25,73,76,238743,Right,75,ST,3,4099999.9999999995,36000.0,8100000.0,313,52,73,73,59,56,282,69,51,52,41,69,337,73,89,65,68,42,384,78,81,73,87,65,302,71,22,73,61,75,63,67,29,20,18,49,5,15,12,8,9,1734,384,1,82,72,55,67,28,191,90,Coventry City,2027.0,,H. Wright
E. Dennis LW ST LM,25,73,74,239015,Right,76,ST,1,3600000.0,47000.0,0.0,352,67,76,75,65,69,331,75,62,62,58,74,410,84,85,87,76,78,371,81,85,67,70,68,265,68,13,72,56,56,69,110,38,45,27,55,13,7,11,11,13,1894,405,1,85,74,62,76,38,175,67,Watford,,,E. Dennis
Galeno LM,25,78,79,239482,Right,79,RW,1,17000000.0,15000.0,35300000.0,322,68,79,41,69,65,366,83,78,70,55,80,419,91,93,84,78,73,366,75,69,81,67,74,304,52,45,79,69,59,85,102,34,39,29,58,13,6,13,11,15,1937,423,1,92,76,67,82,38,179,62,Porto,2026.0,,Galeno
N. Casale CB,25,79,82,239770,Right,81,CB,3,20500000.0,46000.0,36400000.0,310,69,47,77,70,47,306,70,60,44,63,69,353,74,80,60,79,60,360,72,89,67,84,48,329,80,80,54,63,52,77,240,82,80,78,57,14,8,13,13,9,1955,424,1,77,53,66,69,80,191,80,Lazio,2027.0,,N. Casale
J. Arp ST,23,67,74,239981,Right,69,ST,7,2100000.0,8000.0,3800000.0,319,68,67,63,57,64,279,69,70,38,34,68,363,75,79,76,63,70,346,68,80,61,78,59,246,44,22,65,60,55,60,82,26,32,24,54,14,12,10,7,11,1689,365,1,77,65,56,69,31,184,78,Holstein Kiel,2026.0,,J. Arp
M. Gabbia CB,23,75,82,240277,Right,77,CB,7,10500000.0,39000.0,20000000.0,242,41,22,80,65,34,251,53,47,28,58,65,282,52,53,55,71,51,328,59,78,77,73,41,259,80,73,23,41,42,59,233,77,80,76,56,11,5,12,14,14,1651,351,1,53,35,52,58,77,185,78,Milan,2026.0,,M. Gabbia
T. Weah RM RWB RB,23,74,79,241496,Right,75,RM,5,6500000.0,60000.0,11500000.0,346,67,70,67,71,71,329,75,64,53,63,74,402,84,86,86,72,74,365,73,80,74,69,69,326,64,64,69,69,60,70,185,61,64,60,57,7,9,12,15,14,2010,430,2,85,70,67,75,63,182,66,Juventus,2028.0,,T. Weah
M. Kovář GK,23,75,82,242948,Right,75,GK,7,9500000.0,25000.0,18100000.0,88,15,9,11,43,10,145,22,27,11,50,35,184,26,37,31,68,22,201,58,54,28,55,6,125,28,18,7,57,15,61,36,12,14,10,376,73,73,77,78,75,1155,406,1,73,73,77,75,30,196,88,Bayer 04 Leverkusen,2027.0,,M. Kovář
N. Pérez CB,23,75,81,244206,Right,77,CB,6,8000000.0,13000.0,16000000.0,207,21,21,74,69,22,212,39,21,32,60,60,291,60,55,48,73,55,280,42,78,69,75,16,258,80,76,26,36,40,70,234,77,80,77,40,9,8,8,9,6,1522,331,1,57,25,47,50,77,184,75,Udinese,2027.0,,N. Pérez
J. Bijol CB,24,75,82,244238,Right,77,CB,7,10500000.0,13000.0,21000000.0,317,50,57,80,75,55,293,60,47,47,74,65,303,62,67,53,70,51,366,71,86,72,84,53,314,70,72,53,66,53,70,224,76,75,73,55,13,7,12,10,13,1872,403,1,65,59,65,61,75,190,85,Udinese,2027.0,,J. Bijol
A. Rrahmani CB,29,80,80,244263,Right,80,CB,0,17500000.0,57000.0,29800000.0,278,49,43,78,69,39,280,59,49,41,65,66,300,56,69,49,79,47,363,60,82,70,85,66,294,81,82,49,48,34,70,247,83,83,81,48,12,8,13,8,7,1810,395,1,63,51,58,61,82,192,75,Napoli,2027.0,,A. Rrahmani
B. Omeragić CB,21,73,83,244603,Right,75,CB,10,6500000.0,12000.0,14300000.0,268,57,28,71,73,39,281,60,49,31,72,69,350,72,78,68,71,61,325,47,82,68,74,54,299,74,72,58,54,41,71,216,69,75,72,62,13,14,15,10,10,1801,388,1,75,40,63,65,72,187,74,Montpellier,2028.0,,B. Omeragić
F. Ranocchia CM CDM,22,71,81,244874,Right,74,RM,10,4200000.0,3000.0,7600000.0,341,72,65,60,76,68,374,73,74,76,74,77,348,74,72,70,68,64,372,76,74,77,70,75,320,71,60,61,67,61,68,186,60,66,60,45,12,7,12,6,8,1986,422,1,73,69,73,73,62,184,76,Palermo,2028.0,,F. Ranocchia
J. Lindstrøm CAM RM CF,23,76,82,245741,Right,78,CAM,6,12000000.0,39000.0,22800000.0,310,62,76,44,70,58,347,80,62,57,67,81,403,86,83,81,70,83,334,75,64,71,55,69,312,72,40,73,75,52,72,129,46,44,39,58,11,12,14,13,8,1893,410,2,84,72,68,80,43,182,63,Napoli,2028.0,,J. Lindstrøm
T. Parrott ST RM,21,67,78,245902,Right,69,ST,11,2300000.0,18000.0,0.0,309,55,64,62,64,64,309,71,53,57,59,69,368,77,75,76,69,71,333,65,74,72,62,60,294,63,35,69,65,62,63,127,45,43,39,60,12,10,14,11,13,1800,380,1,76,64,61,70,44,185,72,Excelsior,,,T. Parrott
Arthur Cabral ST,25,79,82,246186,Right,81,ST,3,23500000.0,18000.0,48800000.0,371,50,83,83,76,79,322,76,63,48,56,79,364,73,74,71,78,68,404,78,92,74,87,73,308,61,24,80,68,75,75,79,27,27,25,54,12,9,14,13,6,1902,404,1,74,79,64,76,32,186,82,Benfica,2028.0,,Arthur Cabral
E. Le Fée CM LM,23,77,83,246350,Right,79,CM,6,16500000.0,38000.0,34700000.0,301,69,52,45,84,51,382,79,70,71,80,82,366,63,63,74,77,89,296,60,54,69,52,61,333,54,64,77,80,58,80,188,63,65,60,56,8,11,14,13,10,1922,397,2,63,57,78,80,62,173,66,Rennes,2028.0,,E. Le Fée
B. Diakité RB CB,22,76,82,246565,Right,77,CB,6,11500000.0,24000.0,24200000.0,281,66,32,72,72,39,290,68,52,36,61,73,360,71,80,69,75,65,330,62,81,78,75,34,309,72,74,58,57,48,71,226,75,75,76,43,7,10,8,13,5,1839,400,1,76,41,63,70,75,185,74,LOSC Lille,2026.0,,B. Diakité
M. Caqueret CM CDM,23,77,81,246646,Right,80,CDM,4,15000000.0,30000.0,29600000.0,302,67,59,48,79,49,364,76,66,69,77,76,401,77,74,86,79,85,337,63,66,88,61,59,367,81,80,69,76,61,78,225,75,79,71,45,8,5,12,5,15,2041,434,2,75,60,75,78,74,174,63,Olympique Lyonnais,2026.0,,M. Caqueret
K. Hoever RB RWB,21,69,75,246763,Right,69,RB,6,2100000.0,17000.0,0.0,282,69,34,53,66,60,317,66,64,60,62,65,343,75,72,67,65,64,306,66,68,67,66,39,306,68,68,69,58,43,67,196,62,69,65,54,15,8,5,14,12,1804,380,1,73,45,64,66,65,182,73,Stoke City,,,K. Hoever
M. Solomon LW LM,23,77,82,246791,Right,78,CAM,5,16000000.0,68000.0,31600000.0,310,73,75,38,78,46,384,85,79,72,72,76,398,84,82,84,66,82,342,76,65,66,64,71,270,30,35,74,73,58,78,132,50,47,35,55,12,11,9,13,10,1891,412,1,83,72,75,81,43,170,65,Tottenham Hotspur,2028.0,,M. Solomon
L. Buchanan LB CB,22,69,76,247385,Left,69,LB,7,2700000.0,7000.0,5700000.0,259,67,40,65,57,30,263,67,48,32,50,66,355,71,81,69,63,71,287,53,71,73,60,30,254,52,63,55,44,40,52,196,62,68,66,42,8,5,12,8,9,1656,365,1,77,41,54,66,65,175,67,Birmingham City,2028.0,,L. Buchanan
H. Burrows LB CAM,21,67,75,248050,Left,68,LM,8,2200000.0,3000.0,4300000.0,278,64,56,54,65,39,312,65,63,59,60,65,400,81,77,86,64,92,288,63,55,78,34,58,287,62,59,60,63,43,62,184,59,63,62,57,12,13,6,15,11,1806,379,1,79,57,63,68,60,172,68,Peterborough United,2024.0,,H. Burrows
H. López Muñoz CAM RM LM,22,74,81,248231,Left,76,CAM,7,8500000.0,9000.0,14500000.0,298,59,66,39,70,64,347,81,59,59,71,77,420,89,85,88,68,90,299,74,54,64,41,66,284,55,29,70,73,57,75,113,33,41,39,52,12,15,8,8,9,1813,387,1,87,67,67,80,36,168,67,Godoy Cruz,2026.0,,H. López Muñoz
Vivian CB,23,80,84,248550,Right,82,CB,4,27000000.0,26000.0,58700000.0,283,46,48,70,73,46,249,61,28,22,66,72,374,76,80,64,81,73,336,62,83,77,81,33,312,87,82,30,46,67,68,245,82,84,79,47,9,8,12,10,8,1846,411,1,78,48,56,67,81,183,83,Athletic Club,2026.0,,Vivian
S. Conteh ST RM,26,67,67,251002,Right,69,RW,0,1100000.0,8000.0,1700000.0,296,57,66,58,62,53,266,70,53,37,40,66,422,94,95,88,68,77,329,63,76,70,59,61,264,58,33,69,52,52,55,107,33,37,37,44,9,7,8,8,12,1728,381,1,95,63,54,70,37,178,72,Paderborn,2025.0,,S. Conteh
E. Simms ST,22,70,78,251198,Right,72,ST,8,3600000.0,22000.0,7600000.0,306,45,71,70,60,60,284,67,59,51,44,63,342,69,81,64,66,62,367,74,81,67,81,64,281,71,21,73,52,64,72,90,40,27,23,57,13,10,14,11,9,1727,373,1,76,69,53,65,34,191,73,Coventry City,2027.0,,E. Simms
Nuno Tavares LB LM,23,75,79,251530,Left,75,LB,4,7500000.0,61000.0,0.0,312,78,61,58,71,44,341,74,73,55,67,72,371,79,88,75,69,60,390,80,79,83,79,69,315,73,62,76,62,42,71,213,66,74,73,52,8,13,6,12,13,1994,437,1,84,65,69,72,68,183,75,Nottingham Forest,,,Nuno Tavares
A. Doughty LWB RWB LM,23,73,78,252483,Left,73,LWB,5,4300000.0,28000.0,8900000.0,292,77,50,60,69,36,342,75,68,70,60,69,345,84,82,64,68,47,342,61,77,79,65,60,291,51,66,67,67,40,65,199,63,70,66,52,15,10,11,11,5,1863,408,1,83,54,69,70,66,183,68,Luton Town,2025.0,,A. Doughty
K. Kozłowski LM CAM,19,68,80,252508,Right,70,CAM,12,2900000.0,15000.0,0.0,293,54,59,59,66,55,318,73,66,41,66,72,377,77,67,80,70,83,338,64,74,74,67,59,296,66,63,59,68,40,75,191,62,66,63,46,8,14,8,10,6,1859,400,1,72,59,63,74,63,182,68,Vitesse,,,K. Kozłowski
Robert Navarro LM CM,21,72,80,253130,Right,73,CAM,8,5500000.0,16000.0,0.0,318,67,73,49,70,59,334,73,63,61,63,74,371,77,71,78,71,74,322,62,66,67,63,64,307,57,40,68,71,71,68,96,24,34,38,61,11,9,12,15,14,1809,381,1,74,68,68,74,34,178,69,Cádiz,,,Robert Navarro
Francés CB LB,20,71,80,254310,Right,73,CB,9,3800000.0,5000.0,6800000.0,260,67,28,70,68,27,273,58,47,42,66,60,364,78,74,70,70,72,311,47,82,75,75,32,307,70,73,58,58,48,65,211,72,71,68,48,14,12,9,6,7,1774,380,1,76,35,63,61,71,180,70,Real Zaragoza,2025.0,,Francés
J. Enciso LM CAM RM,19,71,82,255434,Right,74,CAM,11,4000000.0,24000.0,8400000.0,289,61,69,39,72,48,320,77,54,64,50,75,374,79,73,78,65,79,298,77,49,54,42,76,289,56,30,69,71,63,68,95,28,35,32,50,10,7,9,13,11,1715,368,1,76,71,65,76,32,174,64,Brighton & Hove Albion,2026.0,,J. Enciso
R. Hatate CM CAM,25,76,79,255742,Right,80,CAM,3,10000000.0,46000.0,18800000.0,341,62,70,52,77,80,362,78,67,57,79,81,398,78,70,83,78,89,359,82,69,68,63,77,349,60,65,78,78,68,81,192,66,67,59,38,5,7,8,12,6,2039,430,1,74,75,73,80,64,172,70,Celtic,2028.0,,R. Hatate
M. Ramírez GK,22,74,81,256161,Right,74,GK,7,7500000.0,600.0,18000000.0,76,13,8,14,35,6,66,9,11,12,16,18,221,35,29,41,72,44,202,51,58,29,57,7,90,20,14,8,35,13,35,35,11,12,12,360,74,71,68,72,75,1050,393,1,74,71,68,75,33,185,68,Independiente del Valle,2024.0,,M. Ramírez
S. Simón RB RM CM,21,72,80,256408,Right,74,CAM,8,5000000.0,9000.0,8000000.0,307,66,60,55,72,54,345,72,68,57,71,77,374,78,73,79,71,73,350,64,73,78,70,65,333,69,62,71,74,57,73,203,60,72,71,53,13,15,8,6,11,1965,418,1,75,62,70,74,65,181,74,River Plate,2026.0,,S. Simón
M. Fofana LW LM,18,70,84,256420,Left,71,CAM,14,3700000.0,8000.0,9300000.0,277,62,59,32,68,56,328,79,62,52,61,74,408,83,82,88,65,90,263,58,47,61,36,61,250,36,35,57,64,58,69,106,31,38,37,50,11,6,13,11,9,1682,361,1,82,59,64,78,35,170,60,Olympique Lyonnais,2028.0,,M. Fofana
A. Truffert LB LM,21,77,81,256769,Left,77,LB,4,14500000.0,29000.0,28600000.0,319,78,52,59,72,58,343,76,66,53,72,76,367,75,76,70,71,75,335,69,71,79,65,51,332,67,74,71,66,54,68,226,71,78,77,32,6,6,6,6,8,1954,421,2,76,57,71,75,73,176,72,Rennes,2026.0,,A. Truffert
M. Tillman CAM CM LW,21,76,84,256853,Right,78,CAM,8,17000000.0,36000.0,0.0,337,64,70,73,77,53,335,79,68,41,69,78,398,82,76,78,74,88,355,71,85,62,72,65,323,58,60,72,77,56,74,176,55,67,54,52,9,11,11,12,9,1976,425,1,79,68,71,79,61,187,71,PSV,,,M. Tillman
A. Pantea RB LB,19,67,81,256898,Right,68,RWB,14,2300000.0,3000.0,4500000.0,239,69,34,47,61,28,288,60,61,45,61,61,373,84,86,76,58,69,295,54,68,78,61,34,288,70,60,52,49,57,59,186,61,63,62,58,9,6,13,15,15,1727,373,1,85,40,59,62,60,178,71,FCSB,2026.0,,A. Pantea
João Mário RB,23,77,82,257290,Right,79,RM,5,15000000.0,11000.0,31100000.0,341,80,60,70,73,58,327,77,57,47,68,78,405,87,85,79,79,75,352,68,79,84,60,61,344,58,72,74,73,67,70,206,68,69,69,46,9,5,10,10,12,2021,434,1,86,63,72,77,69,179,66,Porto,2027.0,,João Mário
W. Bondo CM RM,19,63,79,257353,Right,67,CAM,16,1200000.0,5000.0,2800000.0,256,50,53,51,64,38,301,71,58,39,60,73,371,78,77,79,62,75,314,67,68,66,62,51,303,67,61,59,57,59,69,171,54,65,52,49,14,7,7,7,14,1765,384,1,77,55,58,72,58,177,63,Monza,2027.0,,W. Bondo
M. Brescianini CM CDM,23,67,74,257785,Left,69,CM,7,2000000.0,4000.0,4000000.0,275,48,52,62,70,43,301,63,48,54,67,69,296,63,60,54,67,52,355,66,73,74,75,67,318,70,65,63,66,54,62,183,59,65,59,46,6,14,9,7,10,1774,381,1,61,58,62,64,62,188,80,Frosinone,2027.0,,M. Brescianini
Aimar Oroz CM CAM,21,75,83,258937,Right,77,CAM,8,12500000.0,19000.0,28800000.0,339,59,78,65,78,59,349,76,59,59,75,80,342,72,64,70,68,68,358,72,73,76,65,72,333,49,70,70,74,70,68,162,38,70,54,44,6,6,13,6,13,1927,411,1,68,74,71,75,58,177,72,Osasuna,2026.0,,Aimar Oroz
Víctor Chust CB,23,75,81,259173,Right,77,CB,6,8000000.0,21000.0,18400000.0,235,28,28,73,76,30,243,44,27,30,69,73,301,66,70,39,69,57,263,32,78,55,72,26,256,70,75,41,35,35,68,231,77,78,76,47,7,9,6,14,11,1576,349,1,68,30,52,55,76,184,76,Cádiz,2026.0,,Víctor Chust
Johnny Cardoso CDM CM,21,73,82,259516,Right,74,CM,9,6500000.0,12000.0,15000000.0,310,59,62,52,75,62,347,68,67,66,73,73,355,74,73,78,73,57,331,66,68,70,67,60,322,44,75,69,72,62,60,217,70,76,71,51,10,14,8,12,7,1933,410,1,73,63,70,70,71,186,78,Real Betis,2029.0,,Johnny Cardoso
B. Dárdai CAM,17,65,82,259522,Right,67,CAM,17,1800000.0,500.0,4000000.0,280,50,59,51,70,50,311,66,53,62,62,68,334,63,66,71,65,69,245,48,48,58,44,47,238,34,23,49,72,60,65,62,20,22,20,52,6,14,11,14,7,1522,320,1,65,54,64,67,24,188,71,Hertha BSC,2024.0,,B. Dárdai
Mingueza RB CB RM,24,75,80,259694,Right,75,RB,5,8000000.0,17000.0,17400000.0,270,66,22,71,75,36,276,59,42,39,67,69,363,76,82,73,70,62,332,61,83,80,73,35,289,72,73,57,55,32,66,213,71,72,70,55,9,10,15,8,13,1798,390,1,79,35,65,64,72,184,75,Celta de Vigo,2026.0,,Mingueza
P. Sarr CM CDM,20,77,83,259868,Right,79,CM,6,16500000.0,52000.0,34700000.0,330,72,65,58,81,54,341,78,60,49,76,78,365,72,68,75,78,72,362,69,73,82,71,67,345,74,73,73,75,50,79,221,74,77,70,52,14,8,14,8,8,2016,434,1,70,65,75,77,73,184,70,Tottenham Hotspur,2030.0,,P. Sarr
C. Cîrjan CAM CM,20,65,79,260141,Right,67,CAM,14,1700000.0,15000.0,0.0,274,55,57,45,67,50,309,65,62,49,65,68,366,76,70,79,61,80,264,64,48,58,34,60,286,46,50,61,66,63,65,159,49,58,52,62,10,13,14,12,13,1720,358,1,73,59,63,68,52,175,62,Rapid Bucuresti,,,C. Cîrjan
Raúl De Tomás ST,28,77,77,210315,Right,78,CAM,0,11000000.0,24000.0,23100000.0,377,66,76,80,80,75,384,77,73,80,76,78,384,75,73,80,81,75,376,77,85,68,72,74,349,77,35,78,78,81,74,103,36,35,32,51,6,11,13,7,14,2024,417,2,74,76,76,78,40,180,72,Rayo Vallecano,2027.0,,Raúl De Tomás
Otávio CAM RM CM,28,82,82,210411,Right,82,CAM,0,30500000.0,59000.0,48800000.0,367,79,71,65,83,69,402,86,80,72,79,85,409,81,76,85,84,83,364,73,75,86,62,68,387,87,63,80,85,72,81,199,66,73,60,57,11,12,9,10,15,2185,456,2,78,71,81,85,67,171,67,Al Nassr,2026.0,,Otávio
J. Quintero CAM RW,30,77,77,210513,Left,77,CAM,0,10000000.0,20000.0,15000000.0,349,79,70,47,77,76,409,80,87,84,77,81,371,71,56,82,71,91,326,84,59,50,54,79,330,60,37,75,80,78,84,114,52,33,29,59,14,16,10,7,12,1958,394,2,63,76,79,81,41,168,70,Racing Club,2025.0,,J. Quintero
K. Mbabu RB RM,28,76,76,210625,Right,76,RB,0,7000000.0,63000.0,0.0,292,73,49,64,67,39,319,71,65,48,66,69,381,86,82,78,64,71,355,66,84,83,78,44,328,78,76,70,69,35,70,223,70,73,80,50,8,7,7,14,14,1948,426,2,84,51,67,71,73,184,83,FC Augsburg,,,K. Mbabu
Gayà LB LWB,28,82,82,211688,Left,82,LB,0,27500000.0,46000.0,57800000.0,336,80,61,58,79,58,361,77,80,49,75,80,406,80,82,82,82,80,347,62,73,86,67,59,368,77,80,75,76,60,76,243,79,81,83,53,13,10,9,12,9,2114,450,3,81,61,77,79,78,172,66,Valencia,2027.0,,Gayà
O. Vlachodimos GK,29,80,80,211990,Right,80,GK,0,14500000.0,58000.0,27600000.0,81,15,12,13,27,14,90,13,17,13,24,23,265,42,44,62,79,38,245,50,72,39,68,16,133,32,23,14,46,18,56,43,17,14,12,383,80,76,66,78,83,1240,426,1,80,76,66,83,43,190,81,Nottingham Forest,2027.0,,O. Vlachodimos
P. Frankowski RWB RM LM,28,78,78,212138,Right,78,RWB,0,12500000.0,36000.0,23800000.0,357,78,71,59,77,72,358,76,71,62,72,77,404,90,87,75,77,75,378,73,79,84,70,72,365,69,70,74,76,76,78,206,68,70,68,53,7,14,13,8,11,2121,453,2,88,72,75,76,68,175,70,Lens,2028.0,,P. Frankowski
N. Stanciu CM CAM,30,77,77,212207,Right,77,CM,0,10000000.0,24000.0,16500000.0,363,76,72,66,79,70,398,77,81,82,80,78,408,79,74,90,75,90,376,76,74,90,60,76,348,69,60,73,78,68,78,182,62,62,58,56,14,7,13,10,12,2131,439,2,76,73,79,79,62,170,70,Damac,2025.0,,N. Stanciu
R. Bazoer CB CDM CM,26,75,76,212269,Right,76,CDM,1,6000000.0,10000.0,9500000.0,352,72,64,72,76,68,366,75,74,63,78,76,345,65,62,69,75,74,378,77,74,73,80,74,337,73,73,64,73,54,79,224,75,75,74,53,6,11,12,14,10,2055,431,2,63,68,74,75,74,184,74,AZ Alkmaar,2025.0,,R. Bazoer
F. Bernardeschi RW RM CAM,29,77,77,212404,Left,77,RW,0,10500000.0,11000.0,15200000.0,353,80,68,53,76,76,401,82,84,80,72,83,379,76,76,82,69,76,372,80,71,74,69,78,336,54,56,70,75,81,78,161,57,52,52,64,14,15,10,13,12,2066,429,2,76,74,77,81,54,185,77,Toronto,2026.0,,F. Bernardeschi
R. Christie CDM CAM RM,28,74,74,213884,Left,75,LM,0,3700000.0,37000.0,7000000.0,323,72,71,53,77,50,366,76,75,71,70,74,384,78,76,77,73,80,374,76,74,80,74,70,370,80,69,73,74,74,80,210,67,71,72,49,13,9,12,7,8,2076,443,1,77,71,74,76,68,178,71,AFC Bournemouth,2027.0,,R. Christie
D. Zapata ST,32,81,81,215333,Right,81,ST,0,21000000.0,65000.0,0.0,364,47,83,81,74,79,334,79,55,62,57,81,354,76,75,67,78,58,420,86,95,75,95,69,317,72,20,84,66,75,82,90,44,24,22,40,9,9,8,6,8,1919,415,2,75,80,63,77,35,188,92,Torino,,,D. Zapata
R. Skov RWB LWB RM,27,74,75,215449,Left,76,LM,1,4400000.0,26000.0,7800000.0,357,85,72,52,75,73,395,75,87,86,72,75,371,77,71,75,75,73,376,87,70,69,68,82,356,72,65,71,70,78,71,205,69,69,67,70,15,16,15,13,11,2130,438,1,74,77,77,75,66,185,81,TSG Hoffenheim,2024.0,,R. Skov
C. Tolisso CDM CM,28,76,76,219683,Right,76,CDM,0,6500000.0,31000.0,12400000.0,365,65,72,77,78,73,369,75,72,67,80,75,312,53,57,60,72,70,384,86,78,63,75,82,361,75,75,68,76,67,75,220,73,75,72,54,7,10,14,9,14,2065,424,3,55,76,74,73,74,181,81,Olympique Lyonnais,2027.0,,C. Tolisso
H. Wilson RM RW,26,75,75,220710,Left,75,RM,0,6000000.0,63000.0,11400000.0,345,77,74,46,74,74,386,74,84,84,68,76,387,77,75,78,73,84,354,83,63,71,56,81,311,45,40,74,75,77,76,129,44,45,40,51,7,13,9,15,7,1963,405,1,76,77,75,76,43,173,70,Fulham,2026.0,,H. Wilson
N. Eliasson RM LM,27,77,77,220969,Left,77,RM,0,11000000.0,1000.0,23100000.0,312,83,62,32,73,62,372,76,79,71,71,75,422,90,87,91,76,78,333,66,64,76,62,65,286,60,35,62,76,53,73,125,42,48,35,58,11,7,10,16,14,1908,410,1,88,63,76,77,41,178,70,AEK Athens,2027.0,,N. Eliasson
Pau López GK,28,79,80,221087,Left,79,GK,1,14000000.0,35000.0,27700000.0,138,24,19,15,63,17,161,18,23,21,55,44,268,45,52,40,74,57,231,59,60,42,52,18,169,39,16,20,69,25,62,50,19,20,11,395,77,77,79,80,82,1412,443,2,77,77,79,82,48,189,77,Olympique de Marseille,2026.0,,Pau López
J. Fulton CDM CM,29,71,71,221890,Right,72,CB,0,1600000.0,18000.0,3000000.0,289,54,53,69,68,45,317,65,59,58,66,69,327,63,62,69,66,67,336,66,74,69,73,54,321,82,69,57,62,51,67,217,70,74,73,48,11,11,8,11,7,1855,393,1,62,56,63,67,71,186,80,Swansea City,2026.0,,J. Fulton
R. Karsdorp RM RWB RB,28,77,77,222558,Right,77,RM,0,10500000.0,58000.0,17900000.0,347,80,53,69,76,69,359,78,69,60,74,78,375,77,85,69,77,67,388,75,83,81,80,69,355,80,77,77,69,52,80,221,73,75,73,65,13,7,14,16,15,2110,449,2,81,63,74,77,74,184,80,Roma,2025.0,,R. Karsdorp
U. Çiftçi LB,31,66,66,223045,Left,66,LB,0,625000.0,5000.0,1200000.0,250,68,38,42,64,38,309,67,65,48,65,64,337,67,69,65,68,68,325,66,58,71,69,61,309,72,60,68,63,46,58,193,65,65,63,54,9,10,13,7,15,1777,380,1,68,50,64,66,62,179,73,Sivasspor,2027.0,,U. Çiftçi
K. Phillips CDM CM,27,77,78,224081,Right,77,CDM,1,11000000.0,90000.0,0.0,326,70,62,63,76,55,357,71,62,71,77,76,354,69,64,72,76,73,366,75,75,73,75,68,353,82,75,66,72,58,74,232,77,78,77,50,8,8,8,12,14,2038,429,2,66,65,73,73,76,178,72,West Ham United,,,K. Phillips
R. Bensebaini LB CB,28,78,78,224196,Left,78,LB,0,12500000.0,42000.0,21300000.0,354,73,72,77,75,57,350,78,67,62,68,75,362,71,81,67,76,67,370,70,86,71,78,65,369,80,75,66,63,85,75,237,72,85,80,54,6,13,14,7,14,2096,447,2,77,70,70,75,78,187,82,Borussia Dortmund,2027.0,,R. Bensebaini
J. Larsson RW ST,26,72,73,224389,Left,73,CAM,1,2800000.0,18000.0,3900000.0,337,62,70,64,71,70,346,71,71,66,66,72,397,84,79,80,72,82,357,72,78,73,64,70,321,78,36,72,70,65,71,85,32,25,28,60,16,7,13,12,12,1903,396,1,81,70,68,73,34,175,68,København,2027.0,,J. Larsson
M. Wittek LB LM,27,73,73,224423,Left,73,LB,0,2900000.0,18000.0,5200000.0,334,77,61,58,68,70,360,71,78,78,63,70,389,77,77,79,71,85,371,80,73,79,68,71,324,77,66,71,58,52,72,204,65,68,71,59,15,12,12,13,7,2041,423,1,77,67,68,72,66,173,68,VfL Bochum 1848,2026.0,,M. Wittek
Z. Çelik RWB RM RB,26,76,76,224490,Right,76,RWB,0,7500000.0,47000.0,12800000.0,321,72,57,65,72,55,330,69,72,49,67,73,355,73,76,68,72,66,365,63,79,84,77,62,332,74,74,70,68,46,74,221,73,74,74,53,13,14,9,10,7,1977,424,2,75,59,69,70,73,180,78,Roma,2026.0,,Z. Çelik
A. Meret GK,26,82,84,225116,Left,82,GK,2,28500000.0,51000.0,50600000.0,101,15,17,19,30,20,107,16,20,21,25,25,260,41,48,46,77,48,231,54,66,29,65,17,110,22,22,20,25,21,67,43,10,21,12,399,80,79,72,83,85,1251,443,2,80,79,72,85,44,192,82,Napoli,2024.0,,A. Meret
D. Ćaleta-Car CB,26,75,75,225263,Right,75,CB,0,5500000.0,36000.0,0.0,240,28,32,75,73,32,254,59,28,31,72,64,279,51,67,38,72,51,322,67,79,65,84,27,303,78,73,54,60,38,72,223,74,75,74,44,8,9,9,10,8,1665,367,2,60,39,57,59,74,192,89,Olympique Lyonnais,,,D. Ćaleta-Car
S. Mavididi LW LM,25,76,78,225783,Right,78,ST,2,9500000.0,43000.0,17800000.0,358,71,76,70,72,69,341,78,63,56,68,76,395,89,86,74,74,72,383,78,85,72,74,74,275,48,24,75,69,59,73,68,30,18,20,46,6,10,6,8,16,1866,404,1,87,75,69,76,28,182,71,Leicester City,2028.0,,S. Mavididi
N. Kreuzer RB,30,67,67,225875,Right,67,RB,0,875000.0,1000.0,1300000.0,296,73,56,43,64,60,326,65,68,70,62,61,375,81,76,79,60,79,329,65,64,80,64,56,322,78,58,64,61,61,57,181,60,60,61,64,10,13,15,16,10,1893,396,1,78,59,65,65,58,178,76,Hallescher FC,2026.0,,N. Kreuzer
C. Adams ST,26,74,75,226093,Right,75,ST,1,5000000.0,40000.0,9900000.0,331,55,73,63,70,70,322,71,63,59,53,76,380,77,81,77,73,72,394,86,80,77,76,75,316,74,36,75,62,69,70,111,33,42,36,65,16,13,12,15,9,1919,406,1,79,76,62,73,40,178,70,Southampton,2024.0,,C. Adams
Aritz Elustondo CB RB,29,80,80,226221,Right,80,CB,0,17500000.0,37000.0,36800000.0,305,72,35,80,81,37,284,48,53,41,65,77,325,60,67,58,84,56,314,44,81,70,77,42,278,83,82,38,32,43,77,238,81,79,78,52,7,10,12,15,8,1796,385,1,64,39,64,61,80,180,71,Real Sociedad,2024.0,,Aritz Elustondo
T. Kehrer CB RB,26,76,78,226229,Right,78,CB,2,8000000.0,52000.0,0.0,279,64,37,73,73,32,288,64,54,38,66,66,339,64,76,62,73,64,330,65,80,68,77,40,307,78,76,53,59,41,69,231,74,78,79,54,9,9,14,10,12,1828,396,2,71,44,65,65,76,186,76,Monaco,,,T. Kehrer
B. Henrichs RB RM LB,26,80,81,228579,Right,80,RB,1,22500000.0,53000.0,39900000.0,328,80,50,64,81,53,354,80,74,49,72,79,372,75,73,75,80,69,343,62,77,79,74,51,353,72,78,70,74,59,78,233,77,79,77,56,8,9,13,12,14,2039,435,2,74,54,76,79,77,183,79,RB Leipzig,2025.0,,B. Henrichs
L. García ST,25,78,81,229153,Left,80,ST,3,19000000.0,2000.0,41300000.0,360,70,81,77,70,62,381,83,79,74,65,80,414,88,89,79,73,85,413,78,95,78,87,75,315,70,30,72,73,70,79,89,31,30,28,49,10,10,10,9,10,2021,435,1,89,77,71,81,35,182,86,AEK Athens,2028.0,,L. García
S. Sensi CM CAM,27,78,78,229857,Right,78,CM,0,15000000.0,70000.0,25500000.0,323,78,53,45,88,59,408,82,80,81,80,85,385,78,68,82,72,85,312,69,58,63,48,74,357,70,70,62,82,73,78,204,61,69,74,48,10,6,8,11,13,2037,422,1,73,62,83,82,65,168,62,Inter,2024.0,,S. Sensi
B. Chilwell LB LWB,26,80,81,229984,Left,80,LB,1,22500000.0,100000.0,44400000.0,355,83,58,68,79,67,372,78,73,68,73,80,368,76,77,68,77,70,349,73,77,81,69,49,354,71,76,77,75,55,76,236,78,79,79,48,10,7,14,7,10,2082,441,2,77,60,77,77,77,181,77,Chelsea,2027.0,,B. Chilwell
J. Aidoo CB,27,78,80,230021,Right,80,CB,2,15000000.0,24000.0,32600000.0,222,34,18,77,72,21,195,35,24,28,50,58,357,69,79,68,73,68,334,50,89,81,91,23,247,87,81,25,23,31,63,228,74,78,76,45,11,6,9,13,6,1628,364,1,75,27,47,50,77,181,80,Celta de Vigo,2026.0,,J. Aidoo
Lucas Mantela GK,23,82,82,230182,Right,82,GK,0,26000000.0,33000.0,46800000.0,90,13,15,14,29,19,95,17,16,21,18,23,236,35,34,36,76,55,283,64,71,44,85,19,134,20,18,11,70,15,48,51,16,18,17,409,79,87,85,77,81,1298,444,1,79,87,85,81,35,183,77,Palmeiras,2026.0,,Lucas Mantela
Arthur CM CDM,26,78,79,230658,Right,79,CM,1,16500000.0,90000.0,0.0,337,78,56,51,83,69,390,83,79,60,82,86,377,67,63,79,78,90,345,76,64,67,65,73,360,70,74,70,77,69,83,216,73,72,71,55,6,13,13,11,12,2080,430,2,65,65,79,84,71,171,73,Fiorentina,,,Arthur
M. Almirón RW,29,80,80,230977,Left,80,RW,0,20500000.0,120000.0,39000000.0,346,73,78,43,77,75,375,82,78,66,68,81,412,89,86,86,82,69,353,78,63,88,52,72,353,69,59,81,75,69,75,170,62,59,49,53,6,9,13,13,12,2062,440,2,87,76,74,81,57,174,70,Newcastle United,2026.0,,M. Almirón
Javi Galán LB,28,80,80,231591,Left,80,LB,0,19000000.0,56000.0,0.0,333,79,50,74,79,51,381,81,72,70,78,80,385,81,77,75,76,76,350,72,81,77,64,56,330,82,74,66,60,48,68,238,77,80,81,52,14,14,10,6,8,2069,437,1,79,56,74,79,77,172,70,Real Sociedad,,,Javi Galán
16 FakePlayer ST CAM,27,69,71,231900,Right,69,ST,2,0.0,0.0,0.0,322,53,73,63,68,65,301,70,52,56,54,69,357,75,72,71,71,68,333,68,72,70,67,56,278,62,24,65,64,63,0,79,22,34,23,46,10,8,9,6,13,1716,368,1,73,67,61,70,30,182,78,China PR,,16,FakePlayer
R. Malinovskyi CM CF,30,78,78,231969,Left,78,CM,0,13500000.0,28000.0,24300000.0,377,79,74,74,80,70,408,79,85,86,78,80,367,74,74,69,77,73,420,88,86,80,81,85,384,78,66,76,80,84,75,177,55,72,50,52,6,6,12,15,13,2185,455,3,74,79,80,78,64,181,79,Genoa,2026.0,,R. Malinovskyi
K. Tsimikas LB,27,77,78,232223,Left,77,LB,1,11000000.0,80000.0,21200000.0,294,81,48,55,73,37,365,76,75,68,71,75,385,83,78,77,74,73,366,69,79,77,77,64,357,80,76,75,72,54,71,224,73,76,75,51,8,12,8,13,10,2042,437,1,80,57,74,75,73,179,77,Liverpool,2025.0,,K. Tsimikas
T. Fosu-Mensah RWB RM CB,25,72,75,232270,Right,76,CB,3,2900000.0,27000.0,5100000.0,319,63,57,72,72,55,288,63,60,35,63,67,346,68,78,67,71,62,358,69,82,68,79,60,319,78,73,59,61,48,67,220,73,74,73,45,11,8,8,7,11,1895,412,1,74,60,64,65,73,185,85,Bayer 04 Leverkusen,2024.0,,T. Fosu-Mensah
T. Asano RW ST,28,75,75,232610,Right,75,RW,0,5500000.0,26000.0,9900000.0,328,65,71,58,69,65,300,77,61,39,47,76,433,92,88,90,78,85,361,70,82,71,74,64,284,46,31,75,67,65,73,96,34,22,40,51,15,7,6,9,14,1853,401,2,90,69,63,78,33,173,71,VfL Bochum 1848,2024.0,,T. Asano
T. Adams CDM CM,24,77,79,232999,Right,78,CDM,2,12500000.0,37000.0,24700000.0,277,55,48,65,76,33,306,68,52,42,72,72,397,85,73,77,77,85,329,51,79,85,68,46,347,82,78,65,71,51,77,232,74,82,76,46,6,13,12,8,7,1934,418,3,78,48,67,72,77,175,72,AFC Bournemouth,2028.0,,T. Adams
M. Turner GK,29,76,78,233267,Right,76,GK,2,6000000.0,44000.0,11900000.0,82,13,15,14,24,16,96,16,13,14,29,24,244,38,42,48,74,42,229,50,62,35,64,18,136,25,27,15,55,14,59,33,11,11,11,371,76,74,67,78,76,1191,411,1,76,74,67,76,40,190,79,Nottingham Forest,2027.0,,M. Turner
R. Orsolini RM CF RW,26,79,79,233556,Left,80,LW,0,19000000.0,39000.0,32299999.999999996,367,82,75,54,77,79,393,84,82,75,69,83,394,81,81,83,73,76,382,83,75,67,72,85,311,44,40,76,77,74,73,133,54,41,38,54,11,11,14,6,12,2034,430,2,81,79,77,82,46,183,73,Bologna,2027.0,,R. Orsolini
A. Ramsdale GK,25,83,86,233934,Right,83,GK,3,37000000.0,95000.0,71200000.0,114,15,14,15,54,16,137,18,17,16,53,33,281,47,50,53,82,49,238,64,65,35,59,15,167,35,24,18,65,25,62,51,20,16,15,412,83,79,85,80,85,1400,460,2,83,79,85,85,48,191,77,Arsenal,2026.0,,A. Ramsdale
Carlos Soler CM,26,78,79,234153,Right,79,CAM,1,16500000.0,71000.0,31800000.0,355,77,75,56,81,66,393,79,80,76,78,80,376,76,75,75,77,73,372,77,73,78,69,75,378,65,74,77,80,82,76,210,67,75,68,51,6,14,7,13,11,2135,448,2,75,75,79,78,70,180,76,Paris Saint Germain,2027.0,,Carlos Soler
R. McCrorie RB CB CDM,25,70,73,234229,Right,72,CB,3,1900000.0,16000.0,3800000.0,271,55,52,66,68,30,306,70,50,56,64,66,357,74,81,67,65,70,363,57,81,89,80,56,309,82,65,57,58,47,69,200,66,69,65,43,10,5,11,10,7,1849,410,1,78,53,61,68,67,187,80,Bristol City,2026.0,,R. McCrorie
L. Travis CDM CM,25,71,73,234319,Right,72,CDM,2,2100000.0,23000.0,0.0,291,61,58,60,69,43,301,66,57,42,68,68,337,68,61,65,69,74,357,69,72,86,71,59,324,85,68,57,65,49,69,208,68,70,70,50,12,6,7,13,12,1868,401,1,64,59,65,67,68,183,83,Ipswich Town,,,L. Travis
H. Barnes LW LM,25,80,81,234742,Right,81,CAM,1,25000000.0,115000.0,49400000.0,342,72,78,46,78,68,377,81,76,69,69,82,407,84,85,78,83,77,378,82,72,74,72,78,311,53,43,81,80,54,77,127,44,43,40,40,6,5,11,8,10,1982,430,2,85,77,75,81,43,185,72,Newcastle United,2028.0,,H. Barnes
H. Aouar CM LM,25,75,79,234906,Right,78,CAM,4,8000000.0,47000.0,14200000.0,337,65,66,59,79,68,386,80,80,70,76,80,373,69,69,79,75,81,343,69,68,69,66,71,360,68,68,72,78,74,75,188,66,64,58,48,14,6,11,7,10,2035,422,2,69,68,75,79,64,175,70,Roma,2028.0,,H. Aouar
F. Neuhaus CM,26,77,78,234943,Right,78,CM,1,12500000.0,29000.0,22200000.0,337,68,71,55,80,63,374,78,79,59,80,78,365,64,69,77,77,78,363,75,66,81,66,75,331,60,69,71,78,53,76,197,66,67,64,53,6,11,10,11,15,2020,427,2,67,71,76,78,66,185,77,Borussia Mönchengladbach,2027.0,,F. Neuhaus
18 J. Terry CB,36,76,76,13732,Right,75,CB,0,1000000.0,30000.0,2000000.0,293,42,46,83,67,55,244,45,44,31,65,59,228,33,34,42,73,46,307,61,80,50,83,33,296,73,74,38,59,52,82,230,81,73,76,48,14,5,6,15,8,1646,338,3,34,47,57,50,77,187,90,Aston Villa,2018.0,18,J. Terry
S. Mayulu CAM RW,17,63,83,70004,Left,66,LM,20,1300000.0,2000.0,3700000.0,270,60,54,44,65,47,330,70,73,54,62,71,332,76,70,71,47,68,296,77,51,62,47,59,281,56,52,57,60,56,70,139,41,56,42,37,5,10,10,6,6,1685,365,1,73,60,62,69,48,183,69,Paris Saint Germain,2024.0,,S. Mayulu
16 A. Arshavin LW RW,34,75,75,147777,Right,76,CAM,0,2100000.0,25000.0,0.0,339,74,71,47,77,70,379,76,73,76,75,79,377,70,74,80,67,86,316,71,53,54,65,73,299,47,27,76,81,68,0,77,22,28,27,55,9,11,13,7,15,1842,383,2,72,71,77,77,28,172,70,Kuban' Krasnodar,2016.0,16,A. Arshavin
K. Schmeichel GK,36,81,81,163587,Right,81,GK,0,2900000.0,17000.0,4400000.0,101,18,12,16,40,15,129,12,13,15,49,40,278,42,49,60,80,47,235,59,65,34,63,14,153,35,20,13,59,26,65,41,14,14,13,394,78,77,79,80,80,1331,439,3,78,77,79,80,45,189,88,Anderlecht,2024.0,,K. Schmeichel
23 G. Bale RW RM,32,81,81,173731,Left,82,ST,0,20500000.0,14000.0,30800000.0,414,85,81,84,80,84,417,80,91,87,78,81,378,79,81,77,77,64,395,90,85,58,76,86,348,62,53,80,77,76,85,153,50,53,50,52,15,15,11,5,6,2157,448,4,80,84,81,79,55,185,82,Los Angeles FC,2023.0,23,G. Bale
A. Vidal CM,36,77,77,181872,Right,77,CM,0,3300000.0,11000.0,4600000.0,385,74,74,81,78,78,372,75,76,68,76,77,354,65,60,76,76,77,395,84,84,72,75,80,396,85,77,75,76,83,76,229,72,80,77,16,4,2,4,2,4,2147,446,4,62,78,76,76,77,180,75,Colo-Colo,2024.0,,A. Vidal
L. de Jong ST,32,80,80,189805,Right,80,ST,0,17000000.0,26000.0,23800000.0,404,67,81,93,80,83,349,70,63,69,65,82,266,34,42,52,83,55,411,83,89,80,86,73,340,66,45,87,74,68,78,159,59,53,47,53,16,10,8,8,11,1982,401,3,38,80,73,72,57,189,86,PSV,2025.0,,L. de Jong
B. Leno GK,31,82,82,192563,Right,82,GK,0,16000000.0,76000.0,30400000.0,91,9,9,13,50,10,116,16,9,8,48,35,278,55,52,52,75,44,256,57,71,44,70,14,141,28,25,7,58,23,63,60,27,15,18,405,83,79,76,82,85,1347,459,3,83,79,76,85,54,189,83,Fulham,2025.0,,B. Leno
J. Cuadrado RM RB RW,35,79,79,193082,Right,79,RM,0,7000000.0,57000.0,11900000.0,363,82,66,65,80,70,400,84,84,76,74,82,410,85,85,87,72,81,368,84,76,68,60,80,364,80,72,73,74,65,78,232,72,79,81,38,5,5,13,6,9,2175,460,3,85,73,78,83,74,179,72,Inter,2024.0,,J. Cuadrado
23 P. Jones CB,30,70,70,194957,Right,70,CB,0,1300000.0,44000.0,2500000.0,288,52,44,74,69,49,243,53,38,35,63,54,225,34,33,50,60,48,289,68,75,26,71,49,296,82,72,42,50,50,58,214,71,72,71,51,10,8,6,16,11,1606,328,2,33,50,58,53,72,185,71,Manchester United,2023.0,23,P. Jones
T. Cairney CM CDM CAM,32,76,76,195202,Left,76,CM,0,6000000.0,66000.0,11400000.0,357,78,70,58,79,72,382,75,77,73,77,80,336,64,51,73,78,70,351,74,67,66,68,76,340,58,64,75,78,65,81,182,67,64,51,46,14,12,7,6,7,1994,412,1,57,72,78,77,63,186,84,Fulham,2025.0,,T. Cairney
T. Horn GK,30,73,74,200316,Left,73,GK,1,2300000.0,12000.0,3600000.0,90,19,13,14,30,14,98,20,12,15,29,22,253,45,51,50,76,31,224,44,65,31,67,17,144,41,22,15,45,21,25,39,14,13,12,348,74,75,58,68,73,1196,395,2,74,75,58,73,47,192,90,Salzburg,2024.0,,T. Horn
J. Oblak GK,30,88,88,200389,Right,88,GK,0,61000000.0,90000.0,128100000.0,95,13,11,15,43,13,109,12,13,14,40,30,292,42,53,64,85,48,263,59,72,42,78,12,149,36,24,11,67,11,68,59,27,14,18,426,85,90,78,86,87,1393,472,4,85,90,78,87,46,188,87,Atlético Madrid,2028.0,,J. Oblak
Gabriel Paulista CB,32,77,77,201305,Right,77,CB,0,7000000.0,43000.0,14700000.0,305,63,42,80,72,48,298,58,57,46,72,65,326,64,63,65,71,63,340,61,83,70,76,50,328,86,80,51,60,51,67,233,77,77,79,58,15,6,15,15,7,1888,395,2,63,49,66,62,78,185,72,Atlético Madrid,2024.0,,Gabriel Paulista
R. Mahrez RM RW,32,86,86,204485,Left,86,RM,0,54000000.0,72000.0,91800000.0,378,81,82,56,83,76,420,89,85,80,75,91,421,83,75,91,84,88,369,82,70,78,57,82,328,48,39,84,84,73,81,101,45,34,22,54,15,9,13,11,6,2071,431,3,79,81,82,89,39,179,67,Al Ahli Jeddah,2027.0,,R. Mahrez
Mário Rui LB,32,81,81,204614,Left,81,LB,0,18000000.0,58000.0,30600000.0,322,83,42,60,80,57,384,78,76,74,76,80,418,84,79,88,80,87,352,69,72,83,55,73,351,80,78,64,69,60,71,231,76,78,77,49,13,5,9,8,14,2107,438,2,81,56,77,80,76,170,67,Napoli,2026.0,,Mário Rui
W. Orban CB,30,83,83,204638,Right,83,CB,0,30000000.0,67000.0,51000000.0,267,39,38,85,74,31,239,52,28,32,68,59,301,50,65,48,82,56,309,37,90,68,85,29,293,83,83,42,44,41,72,253,86,86,81,58,15,12,15,10,6,1720,372,3,58,36,56,56,85,186,87,RB Leipzig,2027.0,,W. Orban
S. Savić CB,32,81,81,204639,Right,81,CB,0,16500000.0,57000.0,34700000.0,252,36,34,83,72,27,248,47,34,30,71,66,317,59,68,57,80,53,313,45,85,70,82,31,289,85,83,29,55,37,80,248,83,84,81,66,14,13,14,13,12,1733,376,2,64,35,57,57,83,187,80,Atlético Madrid,2024.0,,S. Savić
C. Taylor LB CB,29,74,74,204760,Left,74,LB,0,3700000.0,37000.0,7400000.0,300,71,46,71,69,43,335,70,68,61,66,70,340,67,68,67,72,66,355,63,80,76,77,59,320,78,73,59,65,45,71,219,73,73,73,54,13,6,14,13,8,1923,408,1,68,52,68,70,73,185,70,Burnley,2024.0,,C. Taylor
R. Jiménez ST,32,75,75,204838,Right,75,ST,0,4600000.0,69000.0,8700000.0,373,73,75,75,77,73,351,75,75,51,75,75,341,65,68,67,75,66,389,84,83,71,81,70,373,79,52,75,75,92,78,111,43,38,30,55,7,11,13,14,10,1993,415,3,67,77,74,74,45,188,81,Fulham,2025.0,,R. Jiménez
P. Gazzaniga GK,31,81,81,205186,Right,81,GK,0,13500000.0,27000.0,28400000.0,111,23,12,14,49,13,157,20,31,21,54,31,316,57,56,65,78,60,241,59,66,42,55,19,178,40,19,15,64,40,61,58,23,21,14,400,80,80,79,80,81,1461,457,1,80,80,79,81,57,196,90,Girona,2027.0,,P. Gazzaniga
S. Haller ST,29,81,81,205693,Right,81,ST,0,25500000.0,63000.0,43400000.0,370,42,83,83,77,85,311,74,57,46,53,81,335,61,64,66,85,59,391,85,87,66,88,65,347,67,36,86,73,85,83,157,40,61,56,40,6,7,14,7,6,1951,411,3,63,80,63,76,51,191,90,Borussia Dortmund,2026.0,,S. Haller
L. Paredes CM CDM,29,78,78,207439,Right,78,CM,0,13500000.0,62000.0,23000000.0,340,77,50,56,86,71,408,78,83,78,85,84,335,62,62,68,68,75,377,86,70,74,75,72,368,88,72,62,82,64,82,222,70,76,76,48,9,14,6,9,10,2098,435,3,62,64,83,78,71,180,75,Roma,2025.0,,L. Paredes
R. Fraser RW LW,29,73,73,207807,Right,73,RW,0,3000000.0,75000.0,0.0,302,74,67,30,69,62,354,75,78,68,60,73,403,86,72,86,66,93,300,71,56,55,50,68,330,71,45,73,72,69,75,149,48,56,45,61,15,14,15,7,10,1899,396,1,78,68,70,76,48,163,70,Southampton,,,R. Fraser
P. Mpanzu CM CDM,29,71,71,207956,Right,72,CM,0,1800000.0,29000.0,3600000.0,320,65,60,70,73,52,296,73,43,41,68,71,382,80,78,72,70,82,399,75,87,88,84,65,318,68,71,68,67,44,73,204,65,71,68,63,16,7,14,15,11,1982,432,1,79,63,66,73,69,175,74,Luton Town,2024.0,,P. Mpanzu
F. Kostić LM LWB,30,83,83,208574,Left,83,LM,0,35000000.0,130000.0,59500000.0,377,90,72,59,81,75,410,84,85,80,79,82,405,85,85,76,80,79,411,86,80,90,77,78,369,76,69,78,80,66,82,215,69,74,72,64,13,14,12,12,13,2251,475,3,85,76,82,82,70,184,84,Juventus,2026.0,,F. Kostić
Y. Abdurisag RM LM,23,64,70,268877,Right,65,RM,6,0.0,0.0,0.0,259,57,53,41,57,51,285,66,56,48,51,64,376,78,86,80,63,69,266,55,55,53,53,50,236,41,27,62,57,49,53,90,28,30,32,47,13,6,6,15,7,1559,338,1,82,53,56,66,30,177,68,Qatar,,,Y. Abdurisag
Álvaro Fernández LWB LM LB,20,70,82,268889,Left,74,LM,12,3700000.0,31000.0,0.0,289,73,50,52,72,42,338,75,72,45,73,73,361,75,78,76,63,69,319,64,66,77,60,52,321,72,62,69,75,43,68,179,59,61,59,46,6,7,11,8,14,1853,402,1,77,53,72,73,60,186,78,Benfica,,,Álvaro Fernández
A. Circati CB,19,66,81,268913,Right,68,CB,15,1900000.0,800.0,4200000.0,239,42,24,65,63,45,239,39,41,39,62,58,284,61,65,43,61,54,298,52,72,62,71,41,218,62,65,25,30,36,46,203,64,71,68,48,11,12,7,5,13,1529,329,1,63,35,50,47,67,190,84,Parma,2027.0,,A. Circati
J. Gauto LM RM,19,70,76,269599,Right,71,RM,6,2400000.0,5000.0,4000000.0,316,73,61,40,68,74,303,74,71,44,50,64,399,86,86,84,64,79,349,73,67,76,69,64,245,29,20,60,69,67,64,89,27,35,27,50,11,10,14,7,8,1751,379,1,86,65,65,71,29,172,66,Basel,2028.0,,J. Gauto
D. Huseinbašić CM CDM,21,70,80,269922,Right,72,CM,10,3600000.0,11000.0,7200000.0,280,44,67,53,74,42,287,68,44,36,69,70,336,67,63,68,70,68,325,61,64,76,66,58,324,74,65,69,73,43,70,181,64,61,56,53,10,5,14,9,15,1786,391,1,65,62,64,69,61,184,76,FC Köln,2025.0,,D. Huseinbašić
L. Langoni RM ST RW,21,72,83,270107,Right,73,RM,11,5500000.0,10000.0,9400000.0,299,65,72,44,67,51,319,72,70,56,52,69,420,88,90,89,71,82,337,66,65,84,58,64,279,62,22,74,60,61,62,107,45,29,33,48,13,9,11,8,7,1809,393,1,89,68,63,73,34,173,66,Boca Juniors,2027.0,,L. Langoni
E. Tchato RB RWB,20,70,80,270518,Right,70,RB,10,3300000.0,9000.0,7300000.0,274,67,53,59,62,33,271,66,52,36,49,68,355,78,86,60,66,65,269,42,70,65,59,33,286,61,68,59,59,39,53,197,63,69,65,48,11,11,8,8,10,1700,378,1,82,45,59,65,66,182,75,Montpellier,2025.0,,E. Tchato
D. Pejčinović ST,18,61,80,270532,Left,63,ST,19,825000.0,3000.0,1900000.0,271,40,65,63,58,45,257,61,46,39,48,63,293,62,54,65,60,52,297,60,67,54,63,53,248,52,21,62,60,53,57,57,16,23,18,46,6,8,7,15,10,1469,314,1,58,60,52,61,24,188,78,VfL Wolfsburg,2027.0,,D. Pejčinović
B. Spencer RB LB LM,19,65,79,270637,Right,65,RB,14,1600000.0,1000.0,4000000.0,245,52,36,53,62,42,259,61,42,37,53,66,323,65,74,58,64,62,310,57,67,72,72,42,277,70,59,53,52,43,57,188,61,65,62,48,11,10,6,9,12,1650,361,1,70,43,54,62,61,182,75,Huddersfield Town,2025.0,,B. Spencer
M. Smets CB,19,70,82,271032,Right,72,CDM,12,3500000.0,4000.0,5800000.0,248,54,25,64,75,30,273,59,41,35,66,72,328,65,66,61,68,68,298,52,73,71,72,30,274,65,70,36,58,45,64,216,71,74,71,45,7,6,10,14,8,1682,366,1,66,33,62,64,71,184,76,Sint-Truiden,2026.0,,M. Smets
Álex Padilla GK,19,63,78,271034,Right,63,GK,15,1000000.0,2000.0,2700000.0,54,13,6,8,22,5,68,10,12,11,20,15,173,34,27,31,47,34,173,45,49,19,52,8,77,25,7,7,22,16,21,30,5,15,10,317,64,64,60,67,62,892,348,1,64,64,60,62,31,190,80,Athletic Club,2024.0,,Álex Padilla
L. Banda LW,22,72,80,271197,Right,73,RM,8,5500000.0,12000.0,11000000.0,313,65,65,48,62,73,324,82,65,49,56,72,410,88,89,77,70,86,295,66,59,63,44,63,257,41,25,70,55,66,65,85,22,35,28,52,8,14,6,14,10,1736,371,1,89,66,60,77,30,162,69,Lecce,2026.0,,L. Banda
A. Bianco CM,20,66,77,271477,Right,68,CM,11,1900000.0,10000.0,0.0,257,48,37,59,73,40,291,66,41,42,72,70,330,61,53,65,70,81,256,61,49,62,35,49,285,63,57,50,67,48,60,178,55,64,59,38,5,6,10,7,10,1635,342,1,57,46,64,68,59,173,67,Reggiana,,,A. Bianco
A. Fontanarosa CB LB,20,67,81,271572,Left,69,CB,14,2300000.0,13000.0,0.0,302,61,59,68,69,45,286,63,51,46,60,66,340,75,72,67,60,66,313,70,75,55,65,48,300,71,65,50,56,58,68,202,65,69,68,54,13,8,13,13,7,1797,388,1,73,58,61,65,67,185,71,Cosenza,,,A. Fontanarosa
R. Pukštas CM CAM,18,69,83,272346,Right,72,ST,14,3200000.0,500.0,9000000.0,327,54,68,77,66,62,309,68,56,46,67,72,371,69,68,77,75,82,353,65,79,83,62,64,325,67,57,76,67,58,66,178,62,59,57,57,14,8,10,12,13,1920,397,1,68,66,62,71,61,181,75,Hajduk Split,2027.0,,R. Pukštas
Álvaro ST LW,18,64,81,272445,Left,66,ST,17,1500000.0,11000.0,4000000.0,322,64,65,76,68,49,271,66,47,50,47,61,301,67,69,63,60,42,317,58,79,56,64,60,224,28,16,61,57,62,52,46,15,16,15,57,11,14,12,7,13,1538,329,1,68,61,60,62,22,193,81,Real Madrid,2027.0,,Álvaro
G. Puerta CM,19,65,79,273827,Right,67,CM,14,1700000.0,6000.0,4000000.0,263,51,58,45,66,43,285,61,46,44,66,68,329,64,65,63,65,72,297,65,55,66,56,55,299,64,60,57,69,49,60,179,60,62,57,54,15,8,8,10,13,1706,368,1,65,58,62,64,59,173,70,Bayer 04 Leverkusen,2028.0,,G. Puerta
C. Ordoñez CDM CM,18,70,81,273884,Right,71,CDM,11,3200000.0,2000.0,5400000.0,250,50,39,52,72,37,301,68,45,46,73,69,381,79,81,75,69,77,314,57,69,83,63,42,308,81,63,49,71,44,52,192,58,66,68,43,12,6,8,6,11,1789,392,1,80,44,65,69,62,177,65,Vélez Sarsfield,2025.0,,C. Ordoñez
E. Agyei RM ST,18,62,80,273927,Left,63,LM,18,1000000.0,3000.0,2600000.0,252,60,54,31,58,49,273,65,55,39,51,63,364,80,82,79,43,80,265,56,53,54,54,48,230,44,18,58,59,51,56,75,22,28,25,51,9,7,13,7,15,1510,331,1,81,53,56,65,24,172,68,Burnley,2027.0,,E. Agyei
André Gomes GK,18,65,83,273998,Left,65,GK,18,1600000.0,500.0,4200000.0,87,23,12,11,32,9,111,23,19,11,37,21,236,46,34,51,62,43,177,46,56,21,44,10,115,24,12,7,51,21,34,35,10,12,13,320,66,62,61,64,67,1081,361,1,66,62,61,67,41,182,80,Benfica,2028.0,,André Gomes
P. Dahbo RW LW,17,61,82,274406,Left,63,CAM,21,1000000.0,500.0,2300000.0,260,45,63,38,64,50,270,65,53,36,50,66,342,75,70,76,45,76,287,59,51,65,52,60,237,46,38,52,55,46,56,128,32,50,46,40,9,11,7,6,7,1564,347,1,72,60,54,66,41,185,78,Häcken,2027.0,,P. Dahbo
N. Mukau CDM CM,18,66,80,274447,Left,68,CB,14,1900000.0,1000.0,4000000.0,235,39,32,63,69,32,268,63,39,38,61,67,326,65,64,62,62,73,289,56,67,64,60,42,274,74,66,42,52,40,58,197,68,67,62,52,9,8,10,13,12,1641,353,1,64,40,55,64,66,188,72,Mechelen,2027.0,,N. Mukau
D. Downs ST CF,18,62,82,274944,Right,64,ST,20,1100000.0,2000.0,3100000.0,287,42,65,68,61,51,258,58,59,40,41,60,300,67,68,55,60,50,305,64,71,49,66,55,234,40,18,57,51,68,53,58,20,18,20,54,12,7,11,15,9,1496,320,1,68,62,51,58,24,192,80,FC Köln,2026.0,,D. Downs
I. Maza CAM,17,64,81,275029,Right,66,CAM,17,1500000.0,500.0,3300000.0,285,58,60,49,65,53,312,72,58,54,59,69,353,72,69,78,57,77,287,64,57,56,53,57,253,42,41,55,57,58,61,104,35,35,34,55,11,11,6,12,15,1649,351,1,70,60,60,71,38,177,69,Hertha BSC,2024.0,,I. Maza
S. Magassa CB,19,72,82,275102,Right,74,CB,10,4700000.0,15000.0,9900000.0,292,55,48,71,73,45,292,60,49,51,65,67,288,51,64,52,68,53,308,54,76,59,77,42,305,72,70,52,64,47,68,215,69,74,72,50,7,10,8,15,10,1750,374,1,58,48,64,62,71,188,75,Monaco,2024.0,,S. Magassa
G. Doué RB CB,20,68,81,275208,Right,70,CB,13,2800000.0,11000.0,7100000.0,228,51,23,65,64,25,259,66,53,24,49,67,322,67,73,56,65,61,306,60,76,66,76,28,259,59,67,33,55,45,62,205,63,73,69,59,11,14,11,14,9,1638,361,1,70,33,55,65,68,187,84,Rennes,2025.0,,G. Doué
R. van Bommel LW,18,66,83,275592,Right,66,LW,17,2200000.0,1000.0,4700000.0,282,58,73,36,61,54,286,66,57,40,54,69,361,84,86,77,50,64,284,62,57,48,70,47,230,38,23,61,53,55,48,76,20,26,30,44,5,13,9,11,6,1563,353,1,85,63,57,66,25,185,83,AZ Alkmaar,2027.0,,R. van Bommel
F. Rodríguez-Gentile ST,16,57,81,276466,Right,59,ST,24,525000.0,1000.0,1500000.0,252,35,66,57,45,49,249,55,59,49,32,54,369,75,68,83,51,92,241,57,49,48,25,62,185,24,12,60,43,46,53,44,14,17,13,46,7,11,15,7,6,1386,284,1,71,61,42,59,19,165,57,Preston North End,2026.0,,F. Rodríguez-Gentile
L. Palma LW,23,74,80,278069,Right,77,CAM,6,6500000.0,41000.0,13000000.0,344,74,71,56,72,71,381,77,77,77,75,75,376,74,81,74,69,78,359,80,69,69,61,80,306,62,20,71,79,74,74,99,32,35,32,51,9,8,15,8,11,1916,401,1,78,75,75,76,33,179,71,Celtic,2028.0,,L. Palma
E. Aristizábal ST,17,61,83,279011,Right,63,ST,22,1000000.0,500.0,2400000.0,261,33,65,58,49,56,226,58,40,33,35,60,331,72,72,73,52,62,319,62,72,60,70,55,241,40,30,62,47,62,57,42,20,12,10,52,12,7,12,14,7,1472,320,1,72,62,42,60,22,187,70,Atlético Nacional,2028.0,,E. Aristizábal
S. Greenwood LM CAM,21,69,80,253407,Right,71,CAM,11,3100000.0,14000.0,0.0,309,55,66,56,72,60,357,68,74,75,69,71,340,72,71,67,67,63,346,73,70,72,66,65,321,73,46,65,67,70,69,162,48,59,55,52,10,13,11,11,7,1887,395,1,71,67,67,69,52,180,75,Middlesbrough,,,S. Greenwood
Raúl García ST,22,74,82,253416,Right,76,ST,8,9500000.0,22000.0,21900000.0,319,32,76,79,77,55,326,74,53,59,64,76,311,66,73,60,68,44,366,74,83,60,74,75,285,60,15,73,66,71,65,64,19,17,28,52,12,15,13,6,6,1723,370,1,70,74,62,71,25,192,70,Osasuna,2028.0,,Raúl García
M. Bard LB,22,77,82,254548,Left,78,LWB,5,15000000.0,32000.0,29600000.0,293,75,45,59,74,40,314,73,70,33,63,75,382,77,79,73,73,80,352,70,76,80,74,52,330,77,75,69,64,45,68,227,75,77,75,50,12,12,5,7,14,1948,422,1,78,52,68,74,74,173,65,Nice,2026.0,,M. Bard
L. Badé CB,23,77,84,255106,Right,79,CB,7,19500000.0,21000.0,44900000.0,250,31,45,76,74,24,254,58,35,23,63,75,271,51,58,52,70,40,334,59,81,66,84,44,272,73,76,33,57,33,73,233,77,79,77,41,7,6,14,7,7,1655,373,1,55,45,56,63,77,191,89,Sevilla,2027.0,,L. Badé
A. Ounahi CM,23,75,80,255125,Right,77,CM,5,8500000.0,29000.0,16800000.0,311,60,61,58,80,52,352,76,67,54,74,81,345,63,64,77,73,68,342,73,65,83,62,59,329,58,64,73,77,57,71,187,58,68,61,48,14,13,6,8,7,1914,407,1,64,63,73,77,63,182,62,Olympique de Marseille,2027.0,,A. Ounahi
R. Villagra CDM CM,22,75,82,255351,Right,76,CDM,7,10500000.0,14000.0,16800000.0,277,59,41,56,76,45,324,72,57,46,75,74,357,75,65,73,70,74,328,61,73,77,71,46,331,77,73,61,66,54,69,226,76,76,74,46,11,6,7,8,14,1889,406,1,70,48,68,73,73,178,77,River Plate,2027.0,,R. Villagra
Samú Costa CDM CM,22,74,82,255566,Left,75,CDM,8,9000000.0,17000.0,20700000.0,293,55,57,57,76,48,306,66,45,50,74,71,324,66,58,67,69,64,368,78,70,79,71,70,329,73,75,61,68,52,66,212,70,72,70,48,6,7,12,14,9,1880,403,1,62,63,67,68,70,183,75,Mallorca,2028.0,,Samú Costa
D. Maldini CAM ST,21,68,78,255611,Right,70,CAM,10,2700000.0,15000.0,0.0,302,58,62,58,71,53,341,70,66,68,63,74,343,68,71,70,66,68,283,65,61,47,53,57,271,46,35,66,66,58,63,115,31,44,40,65,12,12,14,13,14,1720,358,1,70,61,66,71,39,185,66,Monza,,,D. Maldini
S. Rodríguez CAM LM CF,23,72,78,255862,Right,74,CAM,6,3700000.0,6000.0,6100000.0,295,66,70,36,72,51,321,74,57,53,64,73,380,81,73,87,70,69,297,62,53,76,45,61,282,41,42,71,72,56,70,107,34,42,31,47,11,8,6,10,12,1729,374,1,77,65,68,74,38,172,62,New York City,2027.0,,S. Rodríguez
A. Aravena LM ST CAM,20,72,83,256530,Right,74,ST,11,5000000.0,6000.0,8000000.0,323,58,74,64,68,59,310,73,55,46,61,75,387,86,79,82,69,71,354,70,79,76,67,62,288,51,31,73,68,65,66,47,20,13,14,44,8,8,14,7,7,1753,380,1,82,70,63,74,24,175,70,Universidad Católica,2024.0,,A. Aravena
F. Moumbagna ST,23,74,80,256669,Left,76,ST,6,6500000.0,30000.0,13700000.0,337,52,74,73,66,72,282,65,53,48,46,70,393,86,89,71,65,82,392,77,87,75,88,65,285,67,25,74,56,63,69,69,23,25,21,44,8,12,10,8,6,1802,395,1,88,72,57,68,29,185,78,Olympique de Marseille,2028.0,,F. Moumbagna
S. Nanasi LM CAM RM,21,72,81,256782,Right,75,CAM,9,5500000.0,5000.0,8300000.000000001,300,60,65,37,78,60,341,74,68,58,65,76,378,72,65,85,70,86,316,62,56,76,58,64,298,58,32,71,78,59,70,96,38,25,33,43,12,7,10,6,8,1772,373,1,68,64,71,76,32,178,71,Malmö FF,2025.0,,S. Nanasi
C. Tzolis LM,21,74,80,256948,Right,75,ST,6,7000000.0,22000.0,0.0,348,65,76,68,72,67,344,78,70,63,56,77,386,84,76,81,70,75,341,72,76,68,57,68,306,68,29,73,68,68,72,109,33,38,38,53,15,10,12,6,10,1887,398,1,80,73,67,77,38,179,73,Fortuna Düsseldorf,,,C. Tzolis
P. Nebel CAM CM,20,70,80,257075,Right,72,CAM,10,3500000.0,11000.0,0.0,282,55,65,39,72,51,323,76,60,47,67,73,386,79,59,90,68,90,309,62,53,90,49,55,253,42,25,65,69,52,61,85,26,32,27,45,11,9,10,6,9,1683,357,1,68,61,65,76,29,169,66,Karlsruher SC,,,P. Nebel
A. Jashari CDM CM,20,72,83,257186,Left,73,CM,11,4800000.0,6000.0,7900000.0,306,58,58,56,73,61,337,68,62,59,75,73,362,70,66,74,74,78,365,62,73,89,76,65,333,76,65,64,68,60,69,191,68,65,58,47,8,7,14,13,5,1941,411,1,68,61,68,71,64,181,82,Luzern,2026.0,,A. Jashari
M. Balikwisha LM LW CM,22,74,80,257208,Right,75,CAM,6,7000000.0,22000.0,11900000.0,315,71,68,38,72,66,338,74,64,56,70,74,399,84,81,85,69,80,332,70,58,84,52,68,329,73,62,66,73,55,68,153,47,58,48,49,14,6,6,13,10,1915,414,1,82,68,71,75,53,178,69,Antwerp,2026.0,,M. Balikwisha
O. Maritu ST RM RW,23,72,77,257518,Right,74,ST,5,3600000.0,7000.0,5900000.0,320,61,74,63,53,69,288,74,53,48,45,68,377,81,87,77,74,58,364,72,81,74,74,63,260,32,23,76,60,69,58,64,25,18,21,53,14,6,15,7,11,1726,373,1,84,71,55,71,26,182,80,Cangzhou Mighty Lions,2027.0,,O. Maritu
R. Reitz CM,21,73,80,257919,Right,75,CM,7,6000000.0,16000.0,11400000.0,333,65,70,66,75,57,340,75,65,53,73,74,345,67,53,79,71,75,329,67,65,78,54,65,344,74,68,71,70,61,72,211,70,73,68,47,8,8,10,15,6,1949,406,1,59,67,70,75,70,176,72,Borussia Mönchengladbach,2028.0,,R. Reitz
J. Lepenant CDM CM,20,73,79,258619,Right,74,CDM,6,4300000.0,17000.0,9000000.0,281,55,54,53,76,43,318,67,61,43,74,73,368,71,69,80,70,78,330,58,67,75,66,64,305,69,70,55,65,46,66,212,70,72,70,46,6,13,14,6,7,1860,402,1,70,56,67,71,69,176,71,Olympique Lyonnais,2027.0,,J. Lepenant
C. Olivera LW RW CF,21,71,81,258819,Right,71,LW,10,4200000.0,5000.0,7100000.0,284,62,67,40,63,52,332,80,61,56,60,75,390,86,85,84,53,82,281,65,53,59,42,62,277,50,32,68,62,65,54,107,44,31,32,39,7,6,6,13,7,1710,372,1,85,65,62,76,36,175,77,Los Angeles FC,2026.0,,C. Olivera
G. Koutsias ST RW LW,19,64,81,258834,Right,66,ST,17,1500000.0,1000.0,3100000.0,261,30,68,58,49,56,245,62,41,40,41,61,365,87,85,65,55,73,326,60,76,70,61,59,258,62,14,70,50,62,57,57,18,19,20,44,9,9,13,8,5,1556,341,1,86,64,43,62,22,178,66,Chicago Fire,2026.0,,G. Koutsias
Luiz Júnior GK,22,75,83,258885,Right,75,GK,8,11000000.0,6000.0,25300000.0,60,13,9,13,19,6,81,10,13,14,26,18,187,29,31,31,71,25,213,51,63,22,72,5,110,24,14,8,50,14,40,28,6,10,12,366,75,72,68,75,76,1045,396,1,75,72,68,76,30,194,88,Famalicão,2027.0,,Luiz Júnior
Nathan RB RWB CB,21,70,81,258889,Right,70,RB,11,3400000.0,4000.0,7800000.0,251,61,35,51,64,40,282,74,51,40,47,70,361,84,82,70,66,59,294,41,73,73,68,39,287,69,62,60,53,43,65,203,65,72,66,40,8,6,9,6,11,1718,385,1,83,39,57,71,65,183,75,Famalicão,2024.0,,Nathan
J. van Hecke CB,23,75,80,258908,Right,77,CB,5,7500000.0,49000.0,14800000.0,239,32,33,72,74,28,319,64,54,64,69,68,292,56,57,54,72,53,347,72,78,68,79,50,289,79,75,34,45,56,68,229,77,77,75,40,11,9,8,7,5,1755,376,1,57,45,58,64,76,185,78,Brighton & Hove Albion,2026.0,,J. van Hecke
H. Roberts LB CB,21,66,74,258931,Left,67,LWB,8,1800000.0,7000.0,3800000.0,273,64,42,56,63,48,303,67,58,49,62,67,346,74,71,70,59,72,310,52,72,68,70,48,286,56,65,55,59,51,63,189,64,64,61,65,14,14,12,13,12,1772,377,1,72,47,61,67,63,175,68,Bristol City,2026.0,,H. Roberts
L. Barry LM LW ST,20,64,77,258932,Right,65,RM,13,1400000.0,11000.0,0.0,278,53,61,54,58,52,265,66,50,45,44,60,408,90,85,91,56,86,328,60,73,74,60,61,230,35,19,58,60,58,61,80,23,30,27,47,6,8,13,6,14,1636,355,1,87,60,54,67,28,174,65,Stockport County,,,L. Barry
Zito Luvumbo CF LM RM,21,72,83,259011,Left,75,LM,11,5500000.0,15000.0,11000000.0,315,69,68,52,67,59,321,78,70,45,55,73,436,92,88,93,73,90,345,75,75,70,65,60,308,69,46,71,60,62,63,133,44,45,44,43,6,9,10,12,6,1901,412,1,90,67,63,78,46,171,65,Cagliari,2027.0,,Zito Luvumbo
E. Green GK,22,69,75,259166,Right,69,GK,6,1800000.0,3000.0,3600000.0,64,14,6,12,27,5,74,15,12,13,17,17,178,28,22,38,61,29,231,54,61,34,72,10,77,23,7,4,31,12,35,33,9,13,11,349,70,68,72,68,71,1006,375,1,70,68,72,71,26,192,78,Saint-Étienne,2025.0,,E. Green
N. Ahamada CM CAM RW,21,70,78,259205,Right,73,CAM,8,3600000.0,15000.0,7600000.0,295,57,59,56,75,48,307,77,45,46,64,75,367,74,70,75,70,78,325,71,67,64,58,65,314,66,64,65,70,49,65,180,55,67,58,43,13,9,7,5,9,1831,398,1,72,62,66,75,61,183,73,Crystal Palace,2026.0,,N. Ahamada
Y. Bonny ST,19,65,82,259565,Right,67,ST,17,1900000.0,950.0,4200000.0,295,52,67,60,62,54,289,66,60,45,51,67,344,74,78,64,64,64,325,67,73,58,68,59,247,48,23,62,51,63,57,84,34,27,23,61,13,14,11,14,9,1645,353,1,76,64,55,65,31,189,86,Parma,2026.0,,Y. Bonny
M. John LWB LM,21,71,82,259569,Left,71,LWB,11,4000000.0,13000.0,7600000.0,287,70,54,43,72,48,347,72,69,66,68,72,354,68,79,70,67,70,283,60,52,69,53,49,284,51,70,44,64,55,62,192,65,62,65,47,10,10,6,13,8,1794,387,1,74,53,69,71,63,184,73,TSG Hoffenheim,2025.0,,M. John
K. Zenón LM CM,21,72,79,259789,Left,73,LM,7,4800000.0,10000.0,8199999.999999999,306,69,58,57,71,51,366,72,79,75,69,71,392,82,83,84,62,81,353,78,68,87,53,67,317,59,63,62,74,59,70,193,58,69,66,46,10,10,10,7,9,1973,418,1,83,64,72,73,63,180,70,Boca Juniors,2028.0,,K. Zenón
M. Rogers LM CF LW,20,69,80,260247,Right,70,RM,11,3100000.0,23000.0,6500000.0,306,62,64,56,68,56,308,76,62,47,56,67,350,74,79,68,62,67,347,70,75,64,75,63,293,56,46,65,66,60,68,140,47,51,42,53,7,8,13,11,14,1797,391,1,77,64,63,71,48,188,80,Aston Villa,2029.0,,M. Rogers
Yang Hyun Jun RW LW,21,69,80,260397,Right,71,CAM,11,3100000.0,19000.0,6200000.0,305,65,63,49,68,60,328,74,66,59,57,72,379,71,73,86,70,79,330,70,63,74,61,62,279,59,24,65,69,62,67,113,38,35,40,53,6,9,12,15,11,1787,375,1,72,64,65,74,36,176,69,Celtic,2028.0,,Yang Hyun Jun
A. Jasic RB RM CM,20,69,80,261991,Right,69,RB,11,2900000.0,5000.0,4800000.0,295,64,57,60,64,50,319,65,62,66,61,65,361,77,74,72,64,74,348,67,74,82,63,62,304,70,65,56,66,47,60,192,60,67,65,53,14,13,8,11,7,1872,398,1,75,59,64,66,64,178,69,Wolfsberger AC,2025.0,,A. Jasic
Y. Kechta CM CDM,21,71,79,263468,Left,73,CM,8,4200000.0,9000.0,9200000.0,292,62,58,49,74,49,342,73,62,61,72,74,338,62,57,75,66,78,308,64,54,79,53,58,317,69,66,64,70,48,70,194,62,68,64,48,7,6,15,12,8,1839,387,1,59,59,69,73,64,174,68,Le Havre,2026.0,,Y. Kechta
O. Vargas CM CDM RM,17,64,80,263701,Right,67,CAM,16,1500000.0,500.0,3200000.0,250,54,35,48,69,44,296,70,50,44,63,69,370,76,73,79,64,78,251,48,51,64,40,48,285,60,55,62,65,43,69,163,58,57,48,41,6,9,11,7,8,1656,355,1,74,42,62,71,55,175,68,Seattle Sounders,2025.0,,O. Vargas
A. Paulsen GK,20,67,81,263851,Right,67,GK,14,2100000.0,900.0,3900000.0,121,25,19,20,41,16,168,26,31,23,45,43,286,47,52,59,76,52,222,51,58,45,52,16,133,21,14,18,56,24,60,47,13,18,16,326,64,63,68,60,71,1303,375,1,64,63,68,71,49,183,78,Wellington Phoenix,2027.0,,A. Paulsen
Agirrezabala GK,22,75,83,263880,Left,75,GK,8,11000000.0,15000.0,25300000.0,80,16,7,5,37,15,104,13,7,9,40,35,203,30,36,33,69,35,207,55,56,26,60,10,110,24,12,6,55,13,36,35,10,13,12,373,76,74,73,77,73,1112,405,1,76,74,73,73,32,187,80,Athletic Club,2025.0,,Agirrezabala
M. Viti CB,21,71,80,264044,Left,73,CB,9,3900000.0,16000.0,0.0,235,35,26,74,67,33,233,45,42,29,57,60,315,67,73,55,68,52,303,56,80,62,73,32,249,68,71,31,39,40,63,216,71,74,71,54,13,11,13,6,11,1605,350,1,70,35,50,53,72,190,82,Sassuolo,,,M. Viti
T. Fukui CM CAM RW,18,63,78,264188,Right,67,CAM,15,1100000.0,4000.0,0.0,247,51,50,41,65,40,298,67,55,42,67,67,379,78,75,82,60,84,240,58,44,52,34,52,273,55,48,62,68,40,50,163,51,57,55,50,14,7,8,13,8,1650,352,1,76,52,61,68,52,172,65,Portimonense,,,T. Fukui
B. Kanuric CM LM RM,20,64,78,264253,Right,66,CM,14,1400000.0,2000.0,2900000.0,280,60,49,53,69,49,328,63,61,68,67,69,319,64,55,67,64,69,320,64,70,55,77,54,292,71,57,58,64,42,60,170,56,58,56,42,12,7,9,7,7,1751,369,1,59,53,65,65,57,191,78,Ingolstadt,2026.0,,B. Kanuric
C. Zafeiris CM CDM,20,74,81,264330,Right,76,CAM,7,8500000.0,900.0,20400000.0,330,69,66,59,73,63,361,78,66,68,73,76,399,78,76,84,76,85,376,71,76,84,72,73,349,76,69,69,75,60,76,200,65,68,67,53,14,11,7,9,12,2068,437,1,77,68,72,78,66,173,75,Slavia Praha,2027.0,,C. Zafeiris
E. Jelert RB LB,20,71,81,265195,Right,72,RM,10,3900000.0,10000.0,5900000.0,292,64,57,46,67,58,317,72,61,52,61,71,403,84,85,86,66,82,333,60,69,87,65,52,326,76,63,70,63,54,65,198,64,67,67,48,8,10,6,11,13,1917,415,1,85,57,64,73,63,178,70,København,2027.0,,E. Jelert
L. Querfeld CB,19,71,82,265576,Right,73,CB,11,3800000.0,7000.0,6300000.0,224,30,22,74,67,31,225,43,22,38,66,56,290,63,59,50,63,55,370,68,84,73,85,60,257,72,70,29,55,31,69,210,68,73,69,54,12,6,14,9,13,1630,355,1,61,40,53,51,71,190,83,Rapid Wien,2025.0,,L. Querfeld
Z. Iqbal CM CAM CDM,20,63,77,265788,Right,67,CAM,14,1200000.0,3000.0,2600000.0,272,56,58,45,64,49,303,68,62,44,62,67,364,68,68,82,65,81,286,61,53,60,53,59,286,56,52,63,66,49,70,155,50,56,49,38,6,10,9,8,5,1704,364,1,68,58,61,70,52,181,65,FC Utrecht,2027.0,,Z. Iqbal
J. Njinmah ST,22,72,80,266183,Right,74,ST,8,5500000.0,17000.0,11000000.0,316,53,73,59,66,65,315,73,70,40,60,72,408,90,89,78,73,78,345,75,74,74,58,64,275,35,33,73,68,66,56,70,27,25,18,44,12,9,10,7,6,1773,383,1,89,71,62,73,30,184,75,Werder Bremen,2026.0,,J. Njinmah
A. Greive ST,24,63,67,266545,Right,65,ST,4,0.0,0.0,0.0,282,40,65,63,60,54,250,62,46,39,39,64,349,77,79,65,60,68,319,60,72,69,59,59,223,40,10,60,54,59,57,41,16,14,11,56,12,8,13,14,9,1520,329,1,78,62,50,63,18,178,73,New Zealand,,,A. Greive
Vinícius Tobías RB,19,65,81,268411,Right,65,RB,16,1800000.0,500.0,0.0,234,58,42,58,54,22,271,67,40,48,48,68,356,72,73,69,66,76,292,50,70,68,64,40,256,42,61,62,42,49,60,182,60,62,60,47,7,8,15,10,7,1638,358,1,73,44,51,68,61,175,66,Real Madrid,,,Vinícius Tobías
W. Kambwala CB RB,18,61,78,268414,Right,63,CB,17,775000.0,4000.0,2000000.0,215,45,25,60,57,28,230,57,44,22,53,54,317,73,77,63,56,48,252,46,77,35,73,21,242,62,56,47,47,30,64,175,61,59,55,45,11,5,7,13,9,1476,333,1,75,30,50,57,59,192,77,Manchester United,2025.0,,W. Kambwala
D. Boloca CM CDM,24,74,78,268462,Right,76,CM,4,6000000.0,14000.0,10700000.0,297,57,55,52,80,53,340,74,64,46,77,79,329,64,67,72,72,54,353,67,67,82,74,63,321,68,61,67,73,52,74,187,55,68,64,47,7,14,9,12,5,1874,405,1,66,59,71,74,61,188,80,Sassuolo,2028.0,,D. Boloca
L. Lucca ST,22,73,80,268474,Right,75,ST,7,6000000.0,5000.0,0.0,331,57,72,74,64,64,316,68,56,66,55,71,278,55,72,46,68,37,391,85,83,66,90,67,294,73,25,74,54,68,67,78,29,31,18,50,11,12,10,5,12,1738,373,1,64,73,59,65,32,201,80,Udinese,,,L. Lucca
M. Barsham GK,25,68,73,268783,Right,68,GK,5,0.0,0.0,0.0,52,13,5,12,17,5,64,5,10,13,22,14,287,56,48,56,65,62,174,41,53,28,44,8,83,16,12,6,39,10,48,33,9,13,11,326,69,65,55,68,69,1019,379,1,69,65,55,69,53,180,72,Qatar,,,M. Barsham
Tiago Gouveia RM LM LW,22,74,83,268868,Right,75,CAM,9,9500000.0,11000.0,20900000.0,296,67,71,28,68,62,327,77,65,47,63,75,391,86,84,82,68,71,324,67,56,83,50,68,284,62,24,66,75,57,74,100,35,36,29,62,12,13,14,8,15,1784,389,1,85,68,67,76,32,176,72,Benfica,2028.0,,Tiago Gouveia
Álex Pozo RB RM RWB,24,71,76,235983,Right,72,RB,5,2600000.0,13000.0,5700000.0,334,70,62,67,71,64,325,73,59,54,64,75,384,75,72,86,68,83,295,69,58,73,31,64,291,43,62,65,63,58,55,206,66,72,68,57,10,13,7,12,15,1892,390,1,73,64,67,74,67,173,64,Almería,2027.0,,Álex Pozo
D. Giannoulis LB,27,72,72,236457,Left,72,LB,0,2300000.0,22000.0,4400000.0,267,66,32,60,65,44,305,72,69,40,54,70,383,80,84,76,70,73,294,68,68,73,52,33,300,66,70,64,61,39,65,202,65,69,68,53,14,5,13,9,12,1804,385,1,82,42,62,71,67,175,71,Norwich City,2024.0,,D. Giannoulis
C. Stengs CAM RW,24,77,81,236593,Left,79,CAM,4,15000000.0,16000.0,22100000.0,334,75,63,44,81,71,372,80,74,65,76,77,364,73,72,79,73,67,342,75,61,74,62,70,325,58,58,74,83,52,73,158,42,64,52,47,14,11,7,5,10,1942,412,2,72,67,78,78,53,187,68,Feyenoord,2027.0,,C. Stengs
T. Souček CDM CM CAM,28,79,79,236792,Right,80,CB,0,15500000.0,69000.0,29500000.0,356,68,72,82,75,59,337,71,63,53,75,75,284,51,58,49,78,48,396,73,83,87,83,70,374,79,81,74,70,70,73,238,79,82,77,43,11,13,5,6,8,2028,429,2,55,71,71,69,80,192,86,West Ham United,2027.0,,T. Souček
M. Aebischer CDM CM RM,26,75,76,236898,Right,75,CDM,1,6000000.0,27000.0,10700000.0,330,68,66,62,77,57,354,73,67,65,75,74,358,73,67,75,71,72,375,73,76,85,72,69,331,65,73,68,74,51,70,215,71,73,71,58,10,9,15,9,15,2021,428,1,70,67,73,73,71,183,76,Bologna,2026.0,,M. Aebischer
S. Birindelli RWB RM RB,23,74,80,237003,Right,74,RWB,6,6000000.0,30000.0,11400000.0,287,67,44,58,69,49,323,68,62,53,68,72,399,82,88,81,68,80,330,63,73,79,60,55,308,63,70,60,59,56,68,214,70,72,72,58,10,10,15,15,8,1919,409,1,85,52,65,71,70,176,70,Monza,2026.0,,S. Birindelli
S. Longstaff CM,25,77,80,237161,Right,79,CM,3,14000000.0,83000.0,27700000.0,318,63,64,53,79,59,368,75,70,69,77,77,333,61,66,59,77,70,366,77,64,88,67,70,353,68,78,75,78,54,76,216,75,76,65,53,6,8,13,14,12,2007,425,1,64,68,74,74,73,180,65,Newcastle United,2025.0,,S. Longstaff
K. Denkey ST,22,74,80,237254,Right,76,ST,6,7000000.0,13000.0,11900000.0,313,37,80,70,58,68,314,74,61,66,41,72,345,73,76,60,70,66,397,81,84,78,86,68,294,68,18,74,66,68,75,72,33,22,17,46,5,14,13,7,7,1781,384,1,75,76,53,71,29,181,81,Cercle Brugge,2026.0,,K. Denkey
M. Tavernier LM RM,24,76,79,237477,Left,77,LM,3,10000000.0,38000.0,19800000.0,326,70,72,50,72,62,361,80,80,58,67,76,386,79,77,78,73,79,360,75,68,82,60,75,315,50,59,71,72,63,73,182,59,66,57,49,9,14,6,12,8,1979,423,1,78,72,71,78,60,177,70,AFC Bournemouth,2028.0,,M. Tavernier
V. Castellanos ST,24,79,83,237712,Right,82,ST,4,25500000.0,51000.0,45300000.0,375,58,82,82,78,75,340,76,65,61,61,77,369,76,76,72,79,66,397,79,87,87,71,73,343,84,29,83,74,73,75,119,43,37,39,51,15,6,10,12,8,1994,420,3,76,79,69,76,42,178,70,Lazio,2028.0,,V. Castellanos
F. Coman LW ST,25,73,74,238274,Right,73,LW,1,3600000.0,15000.0,5100000.0,323,65,69,56,69,64,359,75,72,70,65,77,385,85,85,81,69,65,349,74,75,66,65,69,298,64,33,70,67,64,70,88,36,27,25,60,15,13,13,7,12,1862,397,1,85,70,67,75,34,182,72,FCSB,2024.0,,F. Coman
Michael RM LM,27,76,76,238361,Right,76,RM,0,8000000.0,36000.0,12800000.0,317,59,63,65,67,63,318,89,51,43,57,78,443,95,90,92,71,95,334,68,75,75,51,65,277,42,38,68,71,58,58,57,33,13,11,53,6,14,12,14,7,1799,388,1,92,64,63,84,29,166,61,Al Hilal,2024.0,,Michael
I. Chair LW LM CAM,25,73,74,238490,Right,74,CAM,1,3600000.0,16000.0,7100000.0,299,65,64,40,73,57,350,78,67,64,67,74,407,81,77,88,70,91,308,74,51,74,41,68,259,38,27,69,73,52,75,90,34,34,22,55,11,15,10,6,13,1768,374,1,79,66,70,78,32,171,64,Queens Park Rangers,2025.0,,I. Chair
F. Al Birekan ST,23,73,78,238545,Left,75,ST,5,4700000.0,25000.0,8300000.000000001,334,50,79,73,64,68,253,66,40,34,43,70,359,69,82,69,76,63,364,68,80,87,73,56,273,50,22,80,53,68,75,81,28,24,29,36,8,10,7,5,6,1700,370,1,76,71,53,68,30,185,79,Al Ahli Jeddah,2028.0,,F. Al Birekan
Rodrigo Becão CB,27,78,80,238621,Right,80,CB,2,15000000.0,33000.0,29600000.0,252,49,30,80,69,24,252,50,49,27,65,61,282,54,54,51,75,48,309,44,82,67,84,32,269,83,79,35,41,31,72,236,80,80,76,38,5,9,6,6,12,1638,357,1,54,33,56,56,79,191,79,Fenerbahçe,2028.0,,Rodrigo Becão
T. Galdames LB CB LWB,24,72,77,239464,Left,73,LWB,5,3300000.0,7000.0,5200000.0,284,73,44,66,72,29,346,66,76,65,71,68,357,78,80,70,62,67,374,73,82,83,76,60,287,81,61,50,53,42,54,207,70,67,70,46,12,9,6,6,13,1901,411,1,79,52,68,66,67,182,72,Godoy Cruz,2024.0,,T. Galdames
R. Schmid CAM CM,23,74,79,239701,Right,76,CAM,5,6500000.0,19000.0,12200000.0,293,67,56,39,76,55,340,82,70,46,63,79,396,75,74,87,75,85,317,73,54,71,51,68,296,43,63,68,70,52,68,142,57,46,39,38,7,9,7,9,6,1822,392,1,74,62,69,81,51,168,73,Werder Bremen,2026.0,,R. Schmid
G. Giakoumakis ST,28,77,77,239842,Right,77,ST,0,11000000.0,11000.0,16500000.0,349,36,83,81,70,79,286,62,60,45,46,73,351,68,75,66,79,63,384,78,89,69,84,64,301,72,17,78,58,76,70,71,27,25,19,51,9,8,14,7,13,1793,378,1,72,77,55,67,29,185,84,Atlanta United,2026.0,,G. Giakoumakis
S. Kalajdžić ST,25,77,79,239901,Right,79,ST,2,13500000.0,63000.0,0.0,378,59,82,87,77,73,313,74,50,47,64,78,277,54,51,49,78,45,359,74,86,54,83,62,291,44,34,81,75,57,74,132,39,46,47,55,7,6,13,14,15,1805,380,2,52,75,68,71,46,200,90,Eintracht Frankfurt,,,S. Kalajdžić
F. Downes CDM CM,24,71,77,240097,Right,72,CDM,6,2700000.0,28000.0,0.0,278,61,52,58,75,32,310,67,49,55,70,69,350,70,62,77,64,77,328,59,69,76,69,55,315,76,65,56,70,48,73,205,68,70,67,56,13,12,14,11,6,1842,395,1,66,53,68,69,67,173,70,Southampton,,,F. Downes
M. Cooper GK,23,71,79,240987,Right,71,GK,8,3600000.0,7000.0,7400000.0,92,10,8,14,54,6,115,13,12,11,56,23,204,30,36,28,67,43,182,50,49,28,46,9,112,24,12,7,58,11,32,40,14,14,12,347,70,69,67,69,72,1092,379,1,70,69,67,72,32,185,75,Plymouth Argyle,2025.0,,M. Cooper
N. Vlašić CF LM CAM,25,79,81,241095,Right,81,CAM,2,22500000.0,52000.0,39900000.0,361,71,74,65,80,71,382,83,70,72,74,83,398,79,76,78,77,88,384,80,77,77,70,80,360,75,65,76,78,66,77,153,54,62,37,58,6,14,15,9,14,2096,442,2,77,76,76,82,58,179,79,Torino,2027.0,,N. Vlašić
L. Foster ST,22,71,80,241173,Right,73,ST,9,4200000.0,27000.0,9200000.0,330,62,71,66,65,66,293,69,55,47,51,71,359,78,83,65,67,66,368,76,82,69,76,65,289,66,24,71,63,65,67,100,36,33,31,42,5,6,10,9,12,1781,389,1,81,70,61,69,35,185,70,Burnley,2027.0,,L. Foster
C. Dagba RB,24,70,73,241497,Right,71,RWB,3,2000000.0,27000.0,0.0,279,68,48,54,70,39,307,67,63,41,65,71,380,75,72,81,66,86,295,67,59,62,49,58,314,68,68,69,65,44,70,208,68,70,70,44,7,6,9,11,11,1827,388,1,73,54,66,71,67,170,62,Auxerre,,,C. Dagba
B. Johnson RB LB,23,74,79,241842,Right,74,RB,5,6000000.0,40000.0,11900000.0,269,71,34,65,69,30,296,68,60,39,60,69,350,73,76,66,66,69,310,50,75,75,70,40,287,67,72,57,52,39,65,220,74,74,72,56,10,10,15,12,9,1788,390,1,75,40,63,68,73,180,69,West Ham United,2024.0,,B. Johnson
M. Barrow CF ST LM,24,77,82,242374,Right,78,CAM,5,16000000.0,26000.0,27600000.0,339,65,76,63,75,60,331,79,60,56,58,78,376,82,85,78,74,57,368,76,77,72,68,75,266,40,20,76,72,58,70,81,45,20,16,54,8,6,14,14,12,1815,398,1,84,74,68,77,31,183,70,Al Taawon,2026.0,,M. Barrow
T. Băluță CDM CM,24,70,74,243019,Right,71,CDM,4,2100000.0,6000.0,3000000.0,277,55,50,63,73,36,312,52,56,64,73,67,304,64,63,65,67,45,370,74,78,68,83,67,285,62,67,55,71,30,71,196,68,65,63,38,7,5,10,6,10,1782,388,1,63,57,68,59,66,192,80,SSC Farul,2024.0,,T. Băluță
J. Ekkelenkamp CAM CM CDM,23,72,77,243249,Right,74,CAM,5,3500000.0,18000.0,5500000.0,338,66,68,66,74,64,354,74,70,68,70,72,331,70,62,69,73,57,379,73,76,87,75,68,332,70,59,77,71,55,70,190,62,63,65,51,13,6,12,14,6,1975,417,1,66,69,71,72,62,188,74,Antwerp,2026.0,,J. Ekkelenkamp
I. Poveda RM CAM,23,69,74,243390,Left,70,LM,5,2100000.0,17000.0,0.0,262,67,59,27,64,45,281,75,49,36,48,73,392,84,71,82,67,88,274,53,57,60,55,49,241,41,27,62,64,47,65,102,35,36,31,42,7,9,7,8,11,1594,354,1,77,55,60,75,33,167,64,Sheffield Wednesday,,,I. Poveda
R. Matondo LW ST LM,22,71,73,243392,Right,72,RM,2,2500000.0,29000.0,4700000.0,296,64,64,42,66,60,328,71,69,67,53,68,421,94,91,89,66,81,316,73,59,68,47,69,255,41,27,68,63,56,58,118,38,46,34,44,8,5,6,12,13,1778,383,1,92,66,63,72,38,175,66,Rangers,2026.0,,R. Matondo
E. Aiwu CB RB,22,67,75,243442,Right,69,CB,8,2100000.0,1000.0,0.0,252,50,38,66,64,34,230,48,30,31,59,62,335,68,72,69,64,62,323,55,78,73,78,39,259,70,63,44,48,34,58,198,60,70,68,57,9,14,13,14,7,1654,362,1,70,42,54,56,65,185,77,Birmingham City,,,E. Aiwu
J. Anthony LM LW,23,73,78,243669,Right,74,RM,5,4600000.0,31000.0,0.0,323,72,70,52,68,61,344,76,72,61,60,75,362,75,79,71,66,71,329,63,67,71,64,64,281,48,29,67,72,65,73,110,38,48,24,52,8,9,7,13,15,1801,388,1,77,67,68,74,39,183,72,Leeds United,,,J. Anthony
Iñigo Vicente LM CAM,25,75,76,243792,Right,75,LM,1,6500000.0,10000.0,10900000.0,311,76,72,44,75,44,372,78,71,72,74,77,373,76,74,77,70,76,307,66,60,54,57,70,320,53,53,69,75,70,69,135,38,53,44,55,7,7,11,15,15,1873,399,1,75,69,75,77,47,178,69,Racing Santander,2027.0,,Iñigo Vicente
J. Burkardt ST CF,22,74,82,244257,Right,76,ST,8,9500000.0,23000.0,19000000.0,346,62,74,66,74,70,320,80,60,44,60,76,385,83,76,76,74,76,378,76,83,77,75,67,325,70,40,75,71,69,68,116,45,38,33,52,14,9,9,6,14,1922,414,1,79,73,67,77,43,181,79,FSV Mainz 05,2027.0,,J. Burkardt
Fernando ST,24,73,78,244389,Right,77,CAM,5,4700000.0,15000.0,7400000.0,322,57,74,49,73,69,338,78,70,55,59,76,411,87,88,86,74,76,349,76,70,66,62,75,293,66,22,73,69,63,71,116,38,42,36,37,5,9,8,8,7,1866,407,1,88,74,66,78,37,176,75,Salzburg,2027.0,,Fernando
J. David CB,23,68,73,244859,Right,70,CB,5,1600000.0,9000.0,0.0,236,42,29,63,70,32,285,64,49,38,67,67,315,64,77,58,61,55,313,50,77,58,81,47,252,68,65,35,53,31,50,202,66,70,66,64,14,11,12,14,13,1667,368,1,71,37,58,63,67,190,89,Hansa Rostock,,,J. David
M. Salisu CB,24,76,81,244915,Left,78,CB,5,10000000.0,34000.0,19800000.0,235,40,30,72,71,22,249,47,50,32,58,62,297,63,72,50,63,49,322,60,82,67,85,28,257,79,79,35,24,40,56,228,77,77,74,41,7,7,11,10,6,1629,363,1,68,36,50,53,77,191,85,Monaco,2028.0,,M. Salisu
D. Popov CB,24,74,81,245132,Right,76,CB,7,8000000.0,750.0,19200000.0,244,29,38,80,69,28,224,59,22,21,65,57,308,60,66,53,70,59,308,42,83,66,77,40,246,80,70,25,34,37,64,223,73,76,74,51,7,15,7,13,9,1604,358,1,63,38,49,59,74,185,81,Dynamo Kyiv,2025.0,,D. Popov
Iñaki Peña GK,24,73,79,246139,Right,73,GK,6,3900000.0,50000.0,8800000.0,65,10,6,11,33,5,114,12,12,12,57,21,244,33,38,49,73,51,201,58,54,27,54,8,84,17,6,5,39,17,38,30,9,10,11,362,72,68,77,72,73,1100,397,1,72,68,77,73,35,184,78,FC Barcelona,2026.0,,Iñaki Peña
M. Bidstrup CDM CM,22,73,80,246402,Right,74,CDM,7,6000000.0,12000.0,10200000.0,309,63,54,67,73,52,306,67,55,44,68,72,361,66,72,69,67,87,339,57,74,85,72,51,313,68,72,61,70,42,71,210,73,72,65,55,11,14,11,6,13,1893,406,1,69,54,67,70,71,175,74,Salzburg,2028.0,,M. Bidstrup
22 Fidalgo CAM CDM CM,24,73,78,246608,Right,75,CAM,5,4600000.0,30000.0,8199999.999999999,324,65,65,58,77,59,360,76,71,67,69,77,390,77,80,83,68,82,334,65,63,83,58,65,319,59,55,65,71,69,70,149,46,54,49,49,10,9,10,11,9,1925,409,1,79,65,71,77,52,172,70,América,2025.0,22,Fidalgo
S. Abdulhamid RB,23,76,81,246688,Right,77,RWB,5,10500000.0,29000.0,17600000.0,274,73,38,60,68,35,303,72,60,43,64,64,422,91,92,82,71,86,331,52,73,92,69,45,326,74,73,73,58,48,62,213,69,75,69,46,5,9,6,12,14,1915,419,1,92,44,65,71,71,175,70,Al Hilal,2025.0,,S. Abdulhamid
M. Camara CDM CM,23,77,82,246764,Right,78,CDM,5,14500000.0,37000.0,28600000.0,293,53,56,53,78,53,339,75,63,51,73,77,414,81,77,88,77,91,367,70,73,87,69,68,348,82,74,63,72,57,77,225,73,78,74,36,7,5,5,8,11,2022,436,2,79,61,69,78,73,173,65,Monaco,2027.0,,M. Camara
A. Král CDM CM,25,75,80,247028,Right,76,CDM,5,7500000.0,27000.0,13300000.0,345,68,66,72,74,65,338,76,65,51,70,76,361,67,70,76,71,77,392,79,80,84,76,73,351,78,74,69,71,59,71,218,74,75,69,57,11,13,10,11,12,2062,438,2,69,70,70,76,74,186,76,FC Union Berlin,2024.0,,A. Král
Edgar CB CDM,26,77,80,247500,Right,79,CB,3,12000000.0,25000.0,26100000.0,285,50,52,71,75,37,275,60,32,43,73,67,301,63,67,51,76,44,352,58,79,79,77,59,317,82,79,52,72,32,70,234,79,80,75,48,7,14,7,12,8,1812,402,1,65,53,65,62,78,193,78,Almería,2028.0,,Edgar
S. Esposito ST CAM,20,69,78,247888,Right,72,CAM,9,3100000.0,24000.0,0.0,341,70,70,64,71,66,368,73,75,75,70,75,340,71,71,71,59,68,342,72,73,63,65,69,275,45,30,66,65,69,64,99,24,40,35,59,15,12,12,10,10,1824,379,1,71,70,70,72,35,186,76,Sampdoria,,,S. Esposito
I. Gruev CDM CM,23,73,80,248384,Left,74,CDM,7,5500000.0,27000.0,11600000.0,280,61,44,55,77,43,300,70,41,42,73,74,336,62,72,63,73,66,308,57,65,73,65,48,308,65,71,59,70,43,74,217,71,72,74,47,9,13,9,5,11,1796,392,1,68,48,68,71,70,185,77,Leeds United,2027.0,,I. Gruev
R. Piccoli ST,22,70,79,248385,Right,72,ST,9,3600000.0,22000.0,0.0,307,42,71,72,59,63,255,62,41,45,40,67,328,66,75,56,75,56,350,70,79,61,72,68,271,65,25,73,51,57,64,95,23,38,34,61,14,13,13,10,11,1667,355,1,71,69,50,63,34,190,83,Lecce,,,R. Piccoli
D. Köhn LB LWB LM,24,74,79,250941,Left,74,LB,5,6000000.0,26000.0,11900000.0,326,75,64,58,72,57,362,74,74,69,70,75,391,87,86,84,67,67,373,78,79,72,71,73,293,65,65,57,65,41,61,206,63,71,72,52,9,14,7,9,13,2003,434,1,86,67,71,74,66,180,73,Galatasaray,2026.0,,D. Köhn
L. Brassier CB,23,76,82,251380,Left,78,CB,6,11000000.0,15000.0,24200000.0,271,61,32,77,74,27,300,68,55,40,63,74,324,66,72,60,70,56,317,56,84,71,78,28,303,71,73,53,61,45,69,232,76,79,77,36,8,6,7,9,6,1783,392,1,69,37,65,69,77,186,78,Stade Brestois 29,2025.0,,L. Brassier
M. De Cuyper LB LWB RB,22,74,80,251479,Left,77,LM,6,6500000.0,16000.0,11100000.0,352,80,68,62,76,66,368,75,72,72,75,74,378,77,76,78,71,76,370,77,73,85,62,73,356,69,65,70,74,78,72,202,65,69,68,41,11,8,7,7,8,2067,434,1,76,71,76,75,66,183,72,Club Brugge,2026.0,,M. De Cuyper
L. Vázquez ST,22,70,77,251651,Right,72,ST,7,3300000.0,13000.0,5600000.0,312,51,70,75,64,52,298,65,60,47,56,70,330,70,70,68,67,55,369,72,84,68,78,67,295,66,24,72,65,68,68,87,43,24,20,36,12,5,5,6,8,1727,372,1,70,69,59,67,34,190,85,Anderlecht,2028.0,,L. Vázquez
Y. Demir RM CAM RW,20,68,76,251873,Left,70,CAM,8,2600000.0,11000.0,0.0,286,61,60,43,66,56,335,77,66,58,58,76,393,81,77,87,62,86,270,63,51,52,42,62,247,54,19,55,63,56,68,44,15,18,11,50,12,11,6,6,15,1625,345,1,79,60,63,77,19,171,65,Basel,,,Y. Demir
L. Clarkson CM CDM CAM,21,71,81,252134,Right,73,CM,10,4200000.0,5000.0,8199999.999999999,313,66,61,46,74,66,354,67,71,71,72,73,365,71,64,79,69,82,309,72,54,70,48,65,310,57,61,66,76,50,74,186,59,65,62,59,14,15,14,7,9,1896,390,1,67,64,72,71,60,175,66,Aberdeen,2027.0,,L. Clarkson
J. Kamiński LM LB,21,73,82,252495,Right,74,CAM,9,7000000.0,24000.0,13300000.0,317,68,67,68,68,46,330,79,68,48,59,76,388,86,83,85,63,71,331,64,74,74,54,65,281,44,47,70,68,52,63,134,43,49,42,50,5,10,13,8,14,1831,397,1,84,64,66,77,48,179,68,VfL Wolfsburg,2027.0,,J. Kamiński
O. Pineda CAM LM CM,27,76,76,224574,Right,77,RM,0,8000000.0,1000.0,16800000.0,350,73,74,60,73,70,360,81,70,56,73,80,406,82,80,88,78,78,361,76,72,81,57,75,355,70,66,73,71,75,70,195,65,65,65,56,15,14,7,10,10,2083,439,1,81,74,72,81,65,169,63,AEK Athens,2027.0,,O. Pineda
M. Holgate CB RB,26,73,74,225024,Right,74,CB,1,3100000.0,28000.0,0.0,291,65,37,74,75,40,290,60,53,35,76,66,337,66,72,67,68,64,307,55,79,59,72,42,305,80,72,52,61,40,68,220,71,75,74,58,13,12,9,8,16,1808,387,1,69,43,67,64,73,184,75,Sheffield United,,,M. Holgate
C. Bedia ST CF,27,72,72,225533,Left,72,ST,0,2500000.0,25000.0,4300000.0,300,39,76,69,62,54,288,66,55,53,45,69,346,67,78,69,72,60,364,73,80,67,82,62,323,81,32,81,61,68,70,82,19,36,27,49,13,10,9,6,11,1752,376,1,73,71,54,67,33,190,85,FC Union Berlin,2024.0,,C. Bedia
G. Rodríguez CDM,28,83,83,225659,Right,83,CDM,0,32000000.0,37000.0,67200000.0,305,59,43,74,82,47,340,72,55,62,75,76,272,55,47,47,78,45,382,80,77,76,80,69,364,84,86,68,73,53,71,259,86,88,85,59,12,11,14,16,6,1981,416,2,51,58,72,70,85,185,80,Real Betis,2024.0,,G. Rodríguez
A. Diallo CB LB,27,77,78,225711,Left,78,CB,1,10500000.0,61000.0,20200000.0,299,68,38,77,77,39,315,74,58,32,75,76,356,69,67,71,75,74,308,51,84,72,77,24,322,74,77,61,69,41,78,234,77,78,79,41,12,7,7,7,8,1875,406,2,68,39,70,75,78,187,79,Paris Saint Germain,2024.0,,A. Diallo
S. Bergwijn LW,25,78,79,225953,Right,79,CAM,1,17000000.0,19000.0,25100000.0,361,73,74,60,79,75,372,82,79,65,64,82,403,82,79,76,76,90,383,83,74,70,78,78,306,54,33,75,76,68,77,115,47,36,32,64,11,14,12,14,13,2004,423,3,80,76,74,81,41,178,78,Ajax,2027.0,,S. Bergwijn
S. McKenna CB,26,73,76,225974,Left,75,CB,3,3500000.0,41000.0,0.0,221,41,22,74,58,26,219,45,28,31,57,58,269,51,51,42,69,56,322,59,80,65,86,32,239,86,70,16,31,36,60,214,73,73,68,44,11,7,11,6,9,1528,332,1,51,32,46,51,72,189,80,København,,,S. McKenna
E. Buendía RM CAM,26,79,79,226162,Right,80,CAM,0,19000000.0,83000.0,36100000.0,378,78,74,75,83,68,401,83,81,74,79,84,380,74,65,80,74,87,359,77,78,68,63,73,365,83,60,75,85,62,77,196,67,68,61,50,11,10,13,7,9,2129,441,2,69,74,81,82,66,172,72,Aston Villa,2026.0,,E. Buendía
J. Bacuna CDM LM CM,25,70,74,226677,Right,73,CAM,4,2000000.0,9000.0,4000000.0,324,70,62,61,70,61,355,74,69,67,71,74,358,76,71,73,67,71,379,80,79,75,74,71,344,84,63,68,70,59,65,194,67,68,59,49,6,11,8,14,10,2003,426,1,73,68,70,73,65,178,74,Birmingham City,2025.0,,J. Bacuna
Nuno Santos LW LWB LM,28,80,80,227890,Left,80,LW,0,21000000.0,20000.0,42000000.0,377,79,79,59,76,84,385,81,79,72,73,80,398,84,82,81,79,72,395,86,75,88,65,81,378,80,70,81,76,71,75,202,73,67,62,53,14,7,8,9,15,2188,462,1,83,81,76,80,68,177,72,Sporting CP,2027.0,,Nuno Santos
K. Grabara GK,24,75,81,228383,Right,75,GK,6,7000000.0,14000.0,10500000.0,120,18,15,24,48,15,145,20,20,24,46,35,243,42,42,45,66,48,249,54,70,38,71,16,156,36,23,16,57,24,56,62,25,19,18,374,76,75,72,75,76,1349,416,1,76,75,72,76,42,195,85,København,2026.0,,K. Grabara
L. Martínez Quarta CB,27,77,80,228708,Right,79,CB,3,12000000.0,45000.0,21300000.0,321,64,50,80,76,51,320,68,57,49,74,72,335,56,68,73,73,65,357,65,81,73,79,59,347,86,75,52,68,66,79,226,72,79,75,62,10,15,12,10,15,1968,413,2,63,56,69,70,76,183,78,Fiorentina,2025.0,,L. Martínez Quarta
T. Roberts CAM ST RM,24,68,71,228815,Right,70,ST,3,1600000.0,7000.0,3200000.0,315,63,64,65,66,57,305,73,57,42,62,71,359,71,72,79,63,74,353,70,77,71,73,62,300,57,37,70,66,70,68,97,31,39,27,55,12,8,13,9,13,1784,380,1,72,65,63,72,38,180,75,Birmingham City,2027.0,,T. Roberts
D. Calabria RB RWB,26,80,81,228881,Right,80,RB,1,22500000.0,63000.0,39900000.0,322,76,48,64,74,60,340,73,73,48,69,77,399,80,79,81,78,81,361,68,75,82,65,71,323,80,80,51,64,48,78,242,81,81,80,56,8,14,15,12,7,2043,434,2,79,57,70,76,79,177,70,Milan,2025.0,,D. Calabria
G. Edmundson CB,25,68,72,228888,Right,70,CB,4,1500000.0,7000.0,3000000.0,206,29,26,66,60,25,242,48,50,29,57,58,301,67,66,51,62,55,312,50,73,70,87,32,262,66,68,39,50,39,60,201,66,69,66,60,14,9,8,14,15,1584,346,1,66,33,49,53,67,190,80,Ipswich Town,2025.0,,G. Edmundson
J. Rodon CB,25,76,80,229266,Right,78,CB,4,9500000.0,58000.0,0.0,237,34,23,73,73,34,246,53,34,32,63,64,333,67,75,55,77,59,319,61,81,74,79,24,245,71,80,23,31,40,70,229,77,76,76,49,10,13,7,11,8,1658,366,1,71,32,51,59,77,193,88,Leeds United,,,J. Rodon
M. Jensen CM,27,77,77,229723,Right,77,CM,0,11000000.0,52000.0,20900000.0,322,79,64,50,79,50,370,73,72,68,81,76,365,67,68,77,76,77,346,63,65,80,70,68,372,77,75,70,81,69,81,204,73,69,62,48,5,13,10,8,12,2027,429,1,68,64,79,75,69,180,68,Brentford,2026.0,,M. Jensen
R. Krunić CM CAM CDM,29,79,79,229758,Right,79,CM,0,17000000.0,68000.0,0.0,359,71,72,66,84,66,384,80,70,71,80,83,357,71,64,73,79,70,377,77,76,76,72,76,362,69,74,76,77,66,75,224,74,75,75,59,14,9,12,10,14,2122,444,1,67,73,78,79,74,184,74,Fenerbahçe,,,R. Krunić
J. Piotrowski CM CDM,25,68,71,229973,Right,70,CM,3,0.0,0.0,0.0,296,63,60,63,71,39,324,69,54,63,67,71,327,67,73,66,62,59,357,71,74,73,74,65,314,71,65,60,67,51,67,196,64,69,63,34,8,5,6,8,7,1848,406,1,70,62,67,68,66,188,81,Poland,,,J. Piotrowski
Adryan Zonta LWB LB,31,81,81,230256,Left,81,LWB,0,18500000.0,23000.0,35200000.0,351,81,59,66,81,64,356,77,70,66,71,72,426,92,93,81,82,78,394,73,84,91,73,73,341,69,74,69,64,65,74,214,73,72,69,60,12,15,9,10,14,2142,459,1,93,66,75,76,72,172,68,Bragantino,2026.0,,Adryan Zonta
Matheus Reis CB LB LWB,28,78,79,230625,Left,79,CB,1,13500000.0,15000.0,28000000.0,318,77,50,70,76,45,339,79,72,47,64,77,365,76,78,76,76,59,371,65,84,82,83,57,333,82,79,62,60,50,76,236,80,78,78,51,6,14,10,7,14,2013,440,1,77,55,70,77,78,184,80,Sporting CP,2026.0,,Matheus Reis
J. Worrall CB,26,74,76,230708,Right,76,CB,2,4600000.0,45000.0,0.0,233,39,20,76,68,30,213,35,27,29,68,54,257,48,52,43,68,46,283,34,80,65,82,22,237,72,73,27,30,35,63,227,76,75,76,50,11,11,5,9,14,1500,322,1,50,25,51,45,75,190,90,Beşiktaş,,,J. Worrall
N. Nández RM CM RB,27,75,75,230965,Right,75,RM,0,6000000.0,23000.0,10800000.0,326,72,59,58,73,64,347,76,73,54,70,74,417,86,80,87,76,88,362,65,79,88,72,58,365,90,74,72,69,60,69,207,64,71,72,50,8,8,14,5,15,2074,440,2,83,61,71,77,68,172,70,Cagliari,2024.0,,N. Nández
M. Šarkić GK,25,68,72,231028,Right,68,GK,4,1300000.0,8000.0,2600000.0,82,11,13,18,27,13,97,12,18,12,30,25,200,40,33,33,66,28,177,50,48,20,42,17,80,20,6,6,22,26,27,44,11,19,14,337,68,66,67,68,68,1017,374,1,68,66,67,68,37,195,76,Millwall,2027.0,,M. Šarkić
Guruzeta ST,26,79,80,231184,Right,80,ST,1,21000000.0,34000.0,45700000.0,388,69,81,80,78,80,345,78,72,52,62,81,379,75,75,77,79,73,402,82,88,80,80,72,333,72,37,79,74,71,75,113,42,35,36,52,12,14,11,10,5,2012,424,1,75,79,71,78,42,188,80,Athletic Club,2028.0,,Guruzeta
R. Perraud LB,25,74,77,231318,Left,75,CAM,3,5000000.0,32000.0,0.0,344,72,65,62,75,70,362,75,70,71,72,74,367,74,67,73,73,80,370,84,72,74,64,76,366,85,74,76,71,60,69,211,71,72,68,47,6,7,10,11,13,2067,431,1,70,72,73,74,71,173,68,Nice,,,R. Perraud
A. Lafont GK,24,78,81,231691,Right,78,GK,3,15000000.0,16000.0,31100000.0,95,13,6,13,54,9,100,14,13,12,51,10,277,48,45,60,71,53,238,52,67,40,70,9,107,20,11,4,56,16,61,46,20,14,12,380,77,75,69,78,81,1243,427,2,77,75,69,81,47,196,90,Nantes,2027.0,,A. Lafont
F. Aursnes RB LB LM,27,80,80,231913,Right,80,RB,0,20500000.0,17000.0,41000000.0,346,76,65,65,81,59,373,77,72,63,79,82,394,75,76,82,84,77,383,69,79,91,78,66,378,80,76,78,78,66,82,232,78,79,75,61,12,14,14,8,13,2167,458,2,76,66,78,80,76,179,71,Benfica,2027.0,,F. Aursnes
J. Harrison RM LM,26,76,76,232080,Left,76,RM,0,8000000.0,42000.0,0.0,326,77,69,45,73,62,338,79,72,56,54,77,395,82,78,81,74,80,362,78,68,82,64,70,324,65,44,75,76,64,73,147,60,43,44,46,11,8,10,6,11,1938,418,1,80,71,71,78,49,175,70,Everton,,,J. Harrison
Caio Henrique LB,25,78,81,232440,Left,79,LM,3,17000000.0,43000.0,33600000.0,330,84,54,62,78,52,381,78,80,72,70,81,377,77,80,72,74,74,331,64,71,78,58,60,342,69,73,75,77,48,80,220,72,75,73,49,11,15,9,6,8,2030,431,2,79,58,78,78,72,178,70,Monaco,2027.0,,Caio Henrique
W. Endo CDM CM,30,80,80,232487,Right,80,CDM,0,17500000.0,100000.0,32400000.0,320,58,67,79,80,36,330,78,45,49,78,80,368,73,62,74,78,81,384,76,81,87,67,73,367,81,78,69,77,62,81,235,80,80,75,45,9,13,7,11,5,2049,440,2,67,68,71,79,79,178,77,Liverpool,2027.0,,W. Endo
R. Doan RM CAM,25,77,78,232639,Left,77,RM,1,12500000.0,27000.0,22200000.0,316,72,65,45,75,59,376,83,75,68,68,82,417,84,78,89,73,93,330,62,66,77,59,66,291,41,44,72,76,58,74,117,39,36,42,46,8,5,6,13,14,1893,401,2,81,64,73,83,40,172,70,SC Freiburg,2026.0,,R. Doan
Bernardo LB CB,28,73,73,232805,Left,73,LB,0,2800000.0,19000.0,5000000.0,290,63,38,68,68,53,314,67,58,60,59,70,347,67,74,65,72,69,362,72,75,74,73,68,307,70,72,64,58,43,69,220,74,74,72,66,15,12,13,14,12,1906,401,1,71,53,63,68,73,186,76,VfL Bochum 1848,2025.0,,Bernardo
J. Sánchez RB,25,74,76,233493,Right,74,RB,2,4900000.0,12000.0,0.0,278,64,44,64,66,40,306,71,65,40,62,68,404,84,84,82,70,84,353,67,82,84,75,45,321,76,71,60,64,50,66,209,69,71,69,51,10,10,12,12,7,1922,417,1,84,50,63,72,70,175,71,Porto,,,J. Sánchez
T. Chong RM CM CF,23,71,76,233510,Left,72,LM,5,2800000.0,24000.0,5800000.0,314,70,63,53,69,59,339,74,68,62,64,71,358,79,83,74,64,58,325,70,67,69,59,60,293,65,42,67,68,51,69,150,48,57,45,53,13,7,14,8,11,1832,397,1,81,63,68,72,50,185,75,Luton Town,2027.0,,T. Chong
J. Taylor CDM CM,25,69,74,233851,Right,71,CM,5,1900000.0,9000.0,3800000.0,313,56,63,67,71,56,316,68,58,52,69,69,355,72,73,71,68,71,367,76,73,84,64,70,314,74,64,63,67,46,65,193,64,65,64,61,15,8,14,10,14,1919,409,1,73,66,65,69,65,185,70,Ipswich Town,2026.0,,J. Taylor
Gedson Fernandes CM CDM CAM,24,77,82,234568,Right,80,RWB,5,16000000.0,23000.0,31600000.0,343,73,71,61,74,64,386,81,79,73,75,78,401,80,79,83,80,79,399,79,80,88,77,75,362,81,75,74,72,60,79,229,75,79,75,45,9,15,7,9,5,2165,462,1,79,73,74,80,75,183,63,Beşiktaş,2027.0,,Gedson Fernandes
J. Mæhle LB RB LM,26,77,79,234678,Right,78,RWB,2,12000000.0,39000.0,21300000.0,323,76,50,59,75,63,318,71,63,40,68,76,369,78,84,67,76,64,365,65,77,87,74,62,320,73,72,76,66,33,73,213,70,73,70,50,12,8,12,10,8,1958,427,2,81,57,70,72,70,185,79,VfL Wolfsburg,2027.0,,J. Mæhle
J. Brekalo CF LW LM,25,75,78,234711,Right,78,CAM,3,7500000.0,1000.0,17100000.0,335,75,72,45,75,68,389,80,80,77,71,81,395,78,76,86,72,83,332,78,59,70,50,75,280,41,30,73,72,64,77,117,35,42,40,41,9,7,5,6,14,1889,397,2,77,73,74,81,38,175,70,Hajduk Split,2026.0,,J. Brekalo
L. Amani CM CAM,25,73,76,234948,Right,75,CAM,3,4000000.0,13000.0,6300000.0,301,66,62,45,73,55,348,78,66,58,68,78,400,83,72,88,73,84,356,73,67,83,61,72,321,78,65,66,72,40,71,207,66,73,68,43,7,8,8,9,11,1976,427,1,77,65,70,79,66,172,65,Union Saint-Gilloise,2025.0,,L. Amani
V. Janelt CDM CM LB,25,76,80,235167,Left,77,CDM,4,9500000.0,42000.0,18800000.0,337,68,67,55,75,72,324,72,48,54,76,74,347,67,67,68,75,70,373,76,72,80,76,69,347,76,75,71,73,52,75,222,74,76,72,40,6,8,6,6,14,1990,429,1,67,69,71,72,73,184,79,Brentford,2026.0,,V. Janelt
I. Sarr RM LM RW,25,76,77,235353,Right,76,RM,1,9000000.0,34000.0,17800000.0,332,68,75,44,69,76,353,81,78,60,57,77,406,88,93,78,73,74,375,82,71,73,71,78,275,57,17,72,66,63,76,62,25,16,21,49,14,13,7,6,9,1852,403,1,91,76,66,79,22,185,76,Olympique de Marseille,2028.0,,I. Sarr
M. Lazzari RB,29,79,79,235374,Right,80,RM,0,15500000.0,51000.0,26400000.0,331,83,67,44,78,59,364,82,68,58,75,81,441,93,92,89,78,89,318,53,66,86,56,57,342,66,73,74,74,55,76,216,72,75,69,47,14,6,11,5,11,2059,448,2,92,62,76,82,70,174,67,Lazio,2027.0,,M. Lazzari
K. Wilson RWB RB RM,23,67,74,235618,Right,69,RM,7,1900000.0,4000.0,3700000.0,264,64,50,52,57,41,306,70,62,52,55,67,382,86,84,80,58,74,336,52,73,88,65,58,293,58,55,63,66,51,62,171,57,58,56,56,8,14,11,14,9,1808,392,1,85,52,60,69,56,178,71,Derby County,2025.0,,K. Wilson
B. Özcan CM CDM ST,25,72,75,235717,Right,74,CAM,3,3100000.0,17000.0,6400000.0,302,67,64,43,75,53,359,75,73,62,73,76,359,72,68,74,70,75,338,68,62,74,69,65,319,59,60,68,74,58,72,159,54,58,47,60,11,12,11,13,13,1896,404,1,70,64,72,75,55,178,72,İstanbul Başakşehir,2027.0,,B. Özcan
A. Trusty CB LB,24,72,78,235755,Left,74,CB,6,3400000.0,19000.0,7500000.0,271,54,42,71,65,39,264,61,48,29,63,63,339,77,81,57,71,53,353,56,88,78,82,49,294,78,69,47,48,52,68,209,71,71,67,60,13,14,11,10,12,1790,395,1,79,47,56,62,70,191,85,Sheffield United,2027.0,,A. Trusty
Santi Comesaña CM CDM,26,75,76,235781,Right,77,CDM,1,6500000.0,28000.0,14100000.0,314,49,72,66,78,49,331,75,48,55,77,76,309,59,57,61,77,55,364,69,72,76,75,72,330,70,73,68,69,50,78,235,77,80,78,45,8,11,11,6,9,1928,418,1,58,69,68,73,76,184,75,Villarreal,2027.0,,Santi Comesaña
A. Pinamonti ST,24,74,78,235842,Right,76,ST,4,6000000.0,15000.0,10700000.0,337,48,76,75,64,74,306,70,65,54,42,75,364,74,74,69,73,74,392,79,84,81,75,73,270,55,16,76,45,78,62,69,15,30,24,57,14,10,15,7,11,1795,374,1,74,76,53,71,27,188,72,Sassuolo,2027.0,,A. Pinamonti
Y. Valery RB CB,24,71,74,236316,Right,72,CB,3,2400000.0,5000.0,4500000.0,278,67,42,68,67,34,293,68,55,41,63,66,335,68,64,65,71,67,342,67,73,69,70,63,302,73,70,59,59,41,69,209,69,72,68,58,12,14,7,11,14,1817,389,1,66,52,63,67,70,185,85,Angers SCO,2026.0,,Y. Valery
J. Robinson CB,29,71,71,199027,Left,71,CB,0,1600000.0,21000.0,3200000.0,261,58,40,66,65,32,278,55,60,40,59,64,348,70,68,72,68,70,299,43,75,71,72,38,303,81,70,52,57,43,59,218,72,74,72,57,14,14,13,10,6,1764,377,1,69,41,60,61,72,180,67,Sheffield United,2025.0,,J. Robinson
L. Muriel ST,32,79,79,199110,Right,81,ST,0,14000000.0,13000.0,21000000.0,375,70,80,69,78,78,385,87,79,78,58,83,417,84,86,84,78,85,384,80,82,70,72,80,309,50,16,78,76,89,82,72,26,24,22,48,8,10,10,14,6,1990,418,2,85,80,73,85,27,179,79,Orlando City,2026.0,,L. Muriel
L. Unnerstall GK,32,80,80,199833,Right,80,GK,0,10500000.0,13000.0,15800000.0,74,10,13,10,26,15,83,16,13,11,24,19,173,30,34,20,69,20,239,50,60,35,82,12,128,36,21,13,42,16,58,43,11,17,15,389,80,80,66,80,83,1129,421,1,80,80,66,83,32,198,103,FC Twente,2027.0,,L. Unnerstall
F. Acerbi CB,35,83,83,199845,Left,83,CB,0,9500000.0,67000.0,16200000.0,270,34,37,84,76,39,329,65,58,56,79,71,273,61,59,38,82,33,374,75,86,68,85,60,310,80,84,20,65,61,86,258,87,89,82,53,11,9,9,13,11,1867,404,3,60,50,64,64,86,192,88,Inter,2025.0,,F. Acerbi
S. Ortega GK,30,79,79,200159,Right,79,GK,0,11500000.0,86000.0,21300000.0,106,18,15,20,40,13,141,20,16,12,55,38,278,51,53,42,78,54,256,65,73,33,73,12,156,29,27,10,66,24,56,56,29,12,15,398,76,73,86,79,84,1391,450,1,76,73,86,84,52,185,88,Manchester City,2025.0,,S. Ortega
J. Schlupp CM CDM LM,30,73,73,200759,Left,74,LW,0,2900000.0,30000.0,5500000.0,334,66,69,61,73,65,330,76,62,48,70,74,386,79,81,73,78,75,374,78,79,77,73,67,363,75,74,75,72,67,69,223,74,75,74,43,9,7,8,10,9,2053,442,1,80,70,69,75,73,178,72,Crystal Palace,2024.0,,J. Schlupp
Roberto Firmino CF ST CAM,31,80,80,201942,Right,81,CAM,0,18000000.0,48000.0,30600000.0,387,73,73,78,84,79,393,85,81,65,76,86,386,70,67,83,82,84,389,77,82,81,73,76,366,75,58,80,81,72,86,158,52,64,42,44,8,11,9,6,10,2123,441,3,68,75,79,85,58,181,76,Al Ahli Jeddah,2026.0,,Roberto Firmino
S. Armstrong CM,31,73,73,202282,Right,74,CAM,0,2500000.0,34000.0,4800000.0,347,72,73,66,74,62,372,75,78,74,71,74,340,66,65,70,77,62,348,75,67,68,59,79,350,69,69,76,72,64,70,191,63,68,60,59,14,8,13,11,13,2007,415,1,65,74,73,73,66,183,75,Southampton,2024.0,,S. Armstrong
Sergi Darder CM CAM CDM,29,82,82,202648,Right,82,CM,0,29500000.0,40000.0,62000000.0,372,75,78,60,85,74,405,84,83,72,84,82,403,81,83,84,80,75,398,83,79,84,75,77,376,75,76,80,85,60,87,226,75,76,75,46,8,9,9,8,12,2226,476,2,82,78,82,83,74,180,71,Mallorca,2028.0,,Sergi Darder
J. Vestergaard CB,30,75,75,202849,Right,75,CB,0,4600000.0,36000.0,8300000.000000001,262,48,34,81,70,29,274,47,41,52,75,59,194,29,36,29,72,28,347,83,71,58,88,47,316,85,73,41,58,59,71,222,75,75,72,63,16,11,11,15,10,1678,347,1,33,48,62,50,75,199,96,Leicester City,2024.0,,J. Vestergaard
J. Butland GK,30,76,76,203042,Right,76,GK,0,5000000.0,36000.0,9000000.0,101,11,16,12,50,12,136,21,12,14,53,36,270,53,50,49,70,48,243,55,71,29,75,13,167,39,20,13,53,42,60,39,15,13,11,376,77,75,73,75,76,1332,428,2,77,75,73,76,52,196,95,Rangers,2027.0,,J. Butland
T. Hazard LW CF,30,77,77,203486,Right,78,CAM,0,10000000.0,29000.0,15000000.0,345,77,71,42,79,76,398,82,81,79,74,82,393,78,65,85,78,87,354,77,64,75,64,74,351,57,63,75,77,79,78,156,58,45,53,37,6,9,7,7,8,2034,423,2,71,74,78,82,53,175,71,Anderlecht,2026.0,,T. Hazard
Héctor Bellerín RB RWB,28,77,77,203747,Right,77,RB,0,9500000.0,23000.0,20000000.0,300,75,52,58,74,41,324,76,63,50,59,76,390,79,82,75,76,78,293,52,69,72,57,43,340,71,74,67,66,62,70,223,72,75,76,61,8,14,14,13,12,1931,413,3,81,51,69,76,72,178,74,Real Betis,2028.0,,Héctor Bellerín
L. Karius GK,30,72,72,203775,Right,72,GK,0,1600000.0,43000.0,3000000.0,98,14,18,14,38,14,106,16,12,14,41,23,272,55,54,51,69,43,253,54,72,36,75,16,111,21,13,8,50,19,60,33,9,11,13,358,75,66,72,70,75,1231,413,2,75,66,72,75,55,189,87,Newcastle United,2024.0,,L. Karius
K. Zouma CB,28,79,80,204311,Right,80,CB,1,16500000.0,69000.0,32600000.0,293,49,47,83,67,47,298,50,60,59,67,62,280,50,58,47,76,49,352,63,86,62,92,49,330,84,78,49,60,59,73,236,80,79,77,59,14,14,7,9,15,1848,384,2,54,51,61,56,79,190,95,West Ham United,2025.0,,K. Zouma
Iñigo Martínez CB,32,82,82,204525,Left,82,CB,0,20000000.0,145000.0,41000000.0,288,53,42,81,75,37,345,48,72,71,80,74,349,70,72,66,81,60,393,81,87,69,82,74,315,86,83,52,55,39,70,249,82,82,85,63,12,16,11,13,11,2002,417,2,71,56,67,61,82,182,76,FC Barcelona,2025.0,,Iñigo Martínez
B. Samba GK,29,82,83,204883,Left,82,GK,1,23500000.0,40000.0,46400000.0,95,10,9,15,48,13,97,12,14,13,36,22,282,49,60,39,80,54,258,60,73,37,78,10,118,26,18,11,48,15,66,38,12,14,12,407,79,83,80,81,84,1295,460,1,79,83,80,84,53,187,90,Lens,2028.0,,B. Samba
F. Thauvin CF ST,30,74,74,204970,Left,74,CF,0,4099999.9999999995,17000.0,7400000.0,359,72,70,68,74,75,375,77,84,69,67,78,362,74,65,82,69,72,377,82,76,70,69,80,326,56,48,71,73,78,80,121,43,40,38,52,8,11,14,10,9,1972,406,1,69,75,73,77,45,181,77,Udinese,2025.0,,F. Thauvin
C. Walton GK,27,68,71,206561,Left,68,GK,3,1200000.0,6000.0,2400000.0,112,13,17,15,49,18,109,19,11,11,46,22,208,37,33,32,65,41,204,48,56,30,56,14,122,22,12,8,57,23,43,38,13,11,14,336,69,68,64,66,69,1129,371,1,69,68,64,69,35,195,72,Ipswich Town,2024.0,,C. Walton
M. Ginter CB,29,83,83,207862,Right,83,CB,0,30500000.0,43000.0,51900000.0,338,68,55,83,79,53,296,61,44,42,74,75,308,54,65,55,85,49,367,79,83,75,84,46,353,74,85,55,72,67,77,251,87,86,78,46,12,10,6,8,10,1959,421,3,60,59,71,66,85,189,87,SC Freiburg,2026.0,,M. Ginter
S. Kolašinac CB LB,30,79,79,207993,Left,79,CB,0,14500000.0,48000.0,24700000.0,333,73,60,73,72,55,305,67,61,42,63,72,330,65,73,59,79,54,378,75,84,73,88,58,352,87,77,69,65,54,70,234,78,79,77,56,15,9,16,7,9,1988,429,2,69,63,67,68,78,183,85,Atalanta,2025.0,,S. Kolašinac
A. Januzaj RW LW,28,77,77,208330,Left,77,RW,0,10500000.0,30000.0,22100000.0,338,78,69,42,80,69,393,84,80,74,74,81,382,78,75,84,70,75,337,75,63,64,62,73,286,41,36,74,75,60,75,75,30,23,22,55,15,10,11,12,7,1866,394,2,76,71,77,82,30,186,76,Sevilla,2026.0,,A. Januzaj
H. Ziyech RM CAM,30,80,80,208670,Left,80,RM,0,20500000.0,110000.0,0.0,362,82,72,52,82,74,411,80,88,78,84,81,383,74,73,82,76,78,333,81,55,67,51,79,351,73,51,76,84,67,79,142,44,57,41,51,11,7,11,8,14,2033,421,3,73,75,83,80,50,181,65,Galatasaray,,,H. Ziyech
Fabinho CDM CM,29,83,83,209499,Right,83,CDM,0,31000000.0,59000.0,49600000.0,344,75,63,75,84,47,365,78,71,53,82,81,320,53,64,61,80,62,390,81,76,85,78,70,402,84,82,70,76,90,85,247,81,84,82,47,13,12,6,8,8,2115,446,3,59,69,78,77,82,188,78,Al Ittihad,2026.0,,Fabinho
H. Mukhtar CF ST CAM,28,80,80,210021,Right,81,CAM,0,21500000.0,14000.0,32299999.999999996,336,73,78,47,83,55,389,78,75,77,75,84,415,82,82,87,79,85,363,75,67,87,60,74,321,42,43,80,83,73,79,131,43,44,44,55,15,10,9,9,12,2010,425,2,82,75,79,81,44,173,71,Nashville SC,2025.0,,H. Mukhtar
Ricardo Pereira RB,29,79,79,210243,Right,79,RB,0,15500000.0,50000.0,27900000.0,350,79,64,69,79,59,361,76,77,52,77,79,382,76,72,76,80,78,347,72,76,68,67,64,372,79,78,77,77,61,81,241,80,81,80,65,16,12,15,11,11,2118,443,3,74,66,77,77,79,175,70,Leicester City,2026.0,,Ricardo Pereira
Rui Silva GK,29,81,81,210385,Right,81,GK,0,17500000.0,25000.0,36800000.0,96,13,20,14,29,20,111,18,19,20,30,24,192,31,30,34,73,24,227,58,62,27,66,14,151,19,27,20,55,30,49,54,25,10,19,400,82,76,77,81,84,1231,431,1,82,76,77,84,31,191,91,Real Betis,2026.0,,Rui Silva
S. Al Dawsari LM LW,31,79,79,210602,Right,79,LM,0,14500000.0,46000.0,23200000.0,342,67,74,51,74,76,362,84,67,60,71,80,420,84,85,84,79,88,381,74,70,86,77,74,333,81,50,75,72,55,78,154,62,41,51,56,7,12,13,14,10,2048,442,2,85,73,71,82,51,173,71,Al Hilal,2025.0,,S. Al Dawsari
E. Hysaj LB RB,29,76,76,210864,Right,76,LB,0,6500000.0,40000.0,11100000.0,298,73,47,65,73,40,299,72,54,30,68,75,367,73,77,74,74,69,323,68,73,74,65,43,315,79,74,63,59,40,74,223,74,75,74,52,12,6,14,9,11,1877,408,2,75,51,66,73,73,182,75,Lazio,2025.0,,E. Hysaj
C. Mbemba CB,28,79,80,210897,Right,80,CB,1,16500000.0,42000.0,32600000.0,309,64,55,79,74,37,269,65,39,28,68,69,354,71,75,67,77,64,365,76,88,77,82,42,327,81,78,64,63,41,73,241,79,82,80,53,9,14,16,7,7,1918,421,2,73,55,65,67,80,182,81,Olympique de Marseille,2025.0,,C. Mbemba
S. Boufal CF LM ST,29,76,76,211381,Right,78,CAM,0,0.0,0.0,0.0,332,72,71,38,79,72,375,85,76,64,70,80,397,81,77,86,69,84,317,71,61,60,57,68,301,51,23,76,79,72,73,95,18,42,35,56,9,16,10,14,7,1873,394,2,79,71,75,82,30,175,67,Morocco,,,S. Boufal
K. Demirbay CM CDM CAM,29,78,78,211748,Left,78,CM,0,13500000.0,44000.0,25700000.0,335,74,74,48,80,59,407,79,85,80,80,83,346,62,56,76,75,77,363,80,61,77,67,78,369,75,67,77,82,68,78,214,74,69,71,68,14,15,11,14,14,2102,432,2,59,75,79,80,68,183,75,Galatasaray,2026.0,,K. Demirbay
S. Azmoun ST CAM,28,79,79,213955,Right,79,ST,0,18000000.0,62000.0,0.0,381,64,78,82,77,80,346,76,74,50,66,80,395,79,85,75,80,76,377,77,89,68,73,70,318,67,34,82,77,58,79,104,39,33,32,54,6,10,14,9,15,1975,417,2,82,76,71,77,40,186,82,Roma,,,S. Azmoun
B. Bourigeaud CM RM,29,80,80,214097,Right,80,CM,0,20500000.0,57000.0,39000000.0,387,83,77,66,83,78,404,79,80,82,80,83,372,73,73,72,81,73,391,77,76,87,72,79,387,74,73,78,81,81,78,195,67,69,59,62,14,7,15,11,15,2198,456,2,73,78,82,79,68,178,70,Rennes,2026.0,,B. Bourigeaud
B. Drągowski GK,25,75,78,215502,Right,75,GK,3,6000000.0,650.0,13700000.0,91,19,12,13,35,12,102,20,12,20,32,18,248,46,42,33,73,54,222,53,61,34,56,18,138,19,21,15,62,21,65,52,20,16,16,367,77,71,70,72,77,1220,411,1,77,71,70,77,44,191,74,Panathinaikos,2025.0,,B. Drągowski
M. Thiam ST LM,30,73,73,217007,Right,73,ST,0,3000000.0,14000.0,6000000.0,348,65,74,75,66,68,318,73,64,53,56,72,353,72,76,74,67,64,361,73,77,66,77,68,301,64,16,76,72,73,71,68,26,20,22,56,11,9,7,15,14,1805,382,1,74,72,65,72,27,185,79,Pendikspor,2026.0,,M. Thiam
G. Escalante CM CDM,30,77,77,219391,Right,77,CM,0,10000000.0,30000.0,21000000.0,343,68,73,63,80,59,345,75,63,52,78,77,327,61,60,62,76,68,370,79,71,78,71,71,373,82,77,74,76,64,80,229,75,78,76,52,10,12,7,12,11,2039,431,1,60,73,74,74,75,182,76,Cádiz,2026.0,,G. Escalante
M. Harness LM,27,67,67,220019,Right,67,LM,0,1100000.0,7000.0,2100000.0,290,60,63,43,63,61,306,65,62,56,58,65,393,85,85,85,60,78,310,64,60,70,54,62,248,40,31,62,61,54,63,117,41,40,36,47,12,10,8,11,6,1711,369,1,85,62,61,67,38,182,70,Ipswich Town,2025.0,,M. Harness
J. Pohjanpalo ST,28,75,75,220165,Right,75,ST,0,6000000.0,6000.0,9600000.0,352,54,78,76,70,74,314,71,69,47,55,72,343,64,71,67,74,67,381,79,83,69,79,71,312,63,32,78,67,72,73,97,29,40,28,51,9,13,7,16,6,1850,390,1,68,76,63,71,38,186,86,Venezia,2027.0,,J. Pohjanpalo
D. Brooks RW RM,25,75,76,220196,Left,76,CAM,1,6500000.0,44000.0,0.0,347,76,71,61,78,61,365,80,73,66,67,79,355,69,63,74,72,77,324,70,67,55,59,73,322,62,43,75,77,65,78,140,47,49,44,51,8,14,9,13,7,1904,397,1,66,71,75,78,48,180,62,Southampton,,,D. Brooks
Y. Mina CB,28,75,75,220523,Right,75,CB,0,4800000.0,22000.0,8600000.0,274,43,44,80,67,40,253,57,39,32,65,60,211,36,42,34,68,31,322,65,79,45,88,45,306,83,72,45,50,56,74,227,76,77,74,51,10,8,12,9,12,1644,351,2,39,49,55,56,76,195,94,Cagliari,2024.0,,Y. Mina
S. Benrahma LW LM,27,78,78,220621,Right,78,LW,0,15000000.0,71000.0,0.0,334,74,72,47,77,64,375,83,73,69,68,82,391,78,70,85,75,83,345,85,61,70,53,76,321,52,40,76,78,75,76,116,45,35,36,53,16,7,8,11,11,1935,403,2,74,75,75,82,40,172,67,Olympique Lyonnais,,,S. Benrahma
D. Sánchez CB,27,78,79,220793,Right,79,CB,1,14000000.0,39000.0,27700000.0,259,36,44,77,70,32,255,62,31,27,66,69,338,65,79,61,78,55,340,66,83,68,79,44,288,85,77,34,48,44,63,234,75,77,82,47,9,7,10,6,15,1761,394,2,73,47,54,65,77,187,81,Galatasaray,2027.0,,D. Sánchez
M. Oršić LM RM CM,30,74,74,221174,Right,75,LM,0,4099999.9999999995,39000.0,8199999.999999999,361,78,80,57,70,76,375,72,86,80,64,73,393,75,81,83,74,80,359,80,69,65,61,84,334,47,59,78,69,81,74,174,59,59,56,56,8,13,6,15,14,2052,424,2,78,81,72,74,59,179,69,Trabzonspor,2025.0,,M. Oršić
L. Acosta CAM,29,79,79,221634,Right,79,CAM,0,17000000.0,12000.0,25500000.0,332,64,67,53,79,69,374,85,72,62,71,84,417,87,73,88,77,92,319,71,61,77,40,70,324,69,45,81,75,54,78,128,47,49,32,50,13,9,6,12,10,1944,408,1,79,69,73,85,46,161,59,Cincinnati,2026.0,,L. Acosta
Lee Jae Sung CAM CF CM,30,76,76,221671,Left,76,CAM,0,7000000.0,27000.0,12600000.0,362,68,71,74,77,72,355,80,71,54,71,79,376,74,58,85,77,82,347,71,70,85,48,73,330,62,65,77,76,50,78,164,53,59,52,50,14,7,15,6,8,1984,409,2,65,71,73,80,59,181,74,FSV Mainz 05,2026.0,,Lee Jae Sung
P. Roberts RM,26,71,71,221982,Left,72,LW,0,2000000.0,22000.0,3800000.0,292,64,65,43,68,52,337,77,66,58,61,75,402,85,79,91,59,88,271,64,50,55,33,69,258,38,21,66,71,62,74,78,37,22,19,46,12,7,8,7,12,1684,358,1,82,65,66,77,28,167,66,Sunderland,2026.0,,P. Roberts
H. Lozano RW LW,27,80,80,221992,Right,80,RW,0,22500000.0,26000.0,31500000.0,359,73,76,62,74,74,365,83,72,65,65,80,435,92,93,87,81,82,352,76,73,76,52,75,336,64,45,81,73,73,74,106,42,35,29,59,11,10,14,14,10,2012,425,3,93,76,72,82,41,175,70,PSV,2028.0,,H. Lozano
L. Boyé ST,27,76,76,222041,Right,76,ST,0,8000000.0,22000.0,17600000.0,349,60,77,77,70,65,338,81,65,55,57,80,352,68,70,71,75,68,393,75,88,69,88,73,342,77,52,76,67,70,67,131,45,45,41,54,14,7,11,15,7,1959,416,1,69,75,64,78,49,183,79,Granada,2027.0,,L. Boyé
Unai López CDM CM CAM,27,74,75,222390,Right,76,CAM,1,4300000.0,16000.0,9400000.0,332,73,71,51,82,55,380,72,75,79,76,78,387,71,69,84,75,88,350,76,65,78,61,70,339,72,71,68,74,54,73,198,69,70,59,62,9,13,12,13,15,2048,428,1,70,70,77,76,67,170,68,Rayo Vallecano,2024.0,,Unai López
J. Rose GK,28,60,61,222864,Right,60,GK,1,200000.0,1000.0,365000.0,88,15,14,15,29,15,107,18,11,19,39,20,208,41,43,32,57,35,184,44,48,29,45,18,121,25,15,10,42,29,49,48,11,18,19,297,60,58,59,60,60,1053,339,1,60,58,59,60,42,191,84,Sutton United,2024.0,,J. Rose
E. Ünal ST,26,81,83,223197,Right,83,ST,2,32500000.0,41000.0,0.0,388,60,87,81,78,82,379,83,74,78,62,82,375,72,71,80,80,72,413,83,89,77,82,82,338,75,29,80,70,84,76,111,34,43,34,56,8,14,8,13,13,2060,426,2,71,84,70,81,40,187,78,AFC Bournemouth,,,E. Ünal
K. Ajer CB RB,25,76,81,224258,Right,78,CB,5,10000000.0,42000.0,19800000.0,307,64,58,73,71,41,313,75,58,42,64,74,313,56,78,58,67,54,344,64,75,68,90,47,312,79,72,58,54,49,76,226,73,76,77,49,9,9,14,7,10,1864,415,1,68,56,63,72,74,196,84,Brentford,2028.0,,K. Ajer
L. Cook CDM CM,26,74,75,224294,Right,75,CM,1,4400000.0,36000.0,8700000.0,315,70,61,50,77,57,368,77,71,65,77,78,352,66,54,75,74,83,323,66,62,69,61,65,347,77,70,65,74,61,73,207,66,73,68,61,6,15,12,15,13,1973,407,1,59,63,74,77,68,175,71,AFC Bournemouth,2025.0,,L. Cook
R. Kent LW CF RW,26,76,76,224520,Right,76,LW,0,8000000.0,34000.0,15200000.0,325,71,65,51,73,65,365,83,75,61,69,77,427,90,88,91,71,87,367,79,73,81,62,72,309,70,43,70,74,52,70,115,41,41,33,43,9,8,6,13,7,1951,422,1,89,69,72,81,42,172,65,Fenerbahçe,2027.0,,R. Kent
21 A. Robben RM CAM,36,79,79,9014,Left,80,CAM,0,5500000.0,11000.0,8300000.000000001,363,75,78,48,79,83,411,86,88,79,72,86,382,74,73,78,73,84,330,80,51,50,65,84,318,44,35,84,77,78,85,78,30,24,24,65,17,14,14,8,12,1947,400,3,73,80,77,84,30,180,80,FC Groningen,2021.0,21,A. Robben
15 Xavi CM,34,86,86,10535,Right,85,CAM,0,15500000.0,160000.0,0.0,369,85,74,51,93,66,435,80,85,87,90,93,391,67,65,79,90,90,312,67,53,60,60,72,376,53,71,83,94,75,0,175,55,61,59,46,5,15,12,5,9,2104,431,4,66,72,90,85,60,170,67,FC Barcelona,2020.0,15,Xavi
Y. Eduardo ST LW RW,17,62,84,70038,Left,64,ST,22,1300000.0,2000.0,3500000.0,300,55,64,70,53,58,238,59,40,38,42,59,285,68,68,52,52,45,335,64,77,62,74,58,262,60,25,61,51,65,55,82,30,30,22,54,8,12,10,13,11,1556,337,1,68,62,50,57,32,193,84,RB Leipzig,2027.0,,Y. Eduardo
C. Sherpa ST LM RM,16,47,61,70659,Right,49,CAM,14,110000.0,500.0,217000.0,197,30,45,37,40,45,203,52,48,27,32,44,298,65,55,55,51,72,218,47,31,55,39,46,196,29,15,50,49,53,49,43,10,18,15,54,11,14,8,10,11,1209,253,1,60,46,38,51,17,167,65,Hyderabad,2026.0,,C. Sherpa
14 Alex CAM CF,35,80,80,135460,Left,80,CAM,0,3600000.0,45000.0,0.0,385,79,77,69,85,75,421,83,84,86,82,86,305,50,43,62,78,72,339,80,57,53,65,84,343,57,33,78,85,90,0,70,25,22,23,46,11,13,6,10,6,1909,380,2,46,80,83,81,30,175,73,Coritiba,2014.0,14,Alex
18 Kaká CAM CF,35,80,80,138449,Right,78,CAM,0,0.0,0.0,0.0,365,74,74,52,81,84,389,79,84,70,73,83,332,63,61,68,76,64,319,76,53,44,70,76,332,45,42,77,84,84,85,76,14,31,31,19,3,5,5,3,3,1832,383,3,62,76,79,78,30,186,83,Brazil,,18,Kaká
Nani LM LW ST,36,73,73,139068,Right,73,LM,0,1000000.0,9000.0,2000000.0,363,75,70,68,73,77,387,79,83,78,72,75,348,68,64,77,60,79,364,79,76,60,74,75,316,69,31,69,77,70,79,83,41,22,20,40,5,10,13,6,6,1901,395,3,66,73,75,77,34,177,72,Adana Demirspor,2024.0,,Nani
S. Carson GK,37,65,65,157804,Right,65,GK,0,80000.0,11000.0,148000.0,89,14,19,18,25,13,88,17,18,16,17,20,211,33,37,38,61,42,216,47,61,18,70,20,117,23,19,11,44,20,38,45,10,15,20,322,63,65,62,69,63,1088,357,1,63,65,62,63,35,188,86,Manchester City,2024.0,,S. Carson
João Moutinho CM CAM CDM,36,76,76,162347,Right,76,CM,0,2400000.0,11000.0,4800000.0,358,75,62,62,85,74,395,73,80,80,83,79,287,50,33,60,69,75,333,75,60,75,55,68,357,70,70,73,74,70,88,201,70,66,65,69,13,15,15,13,13,2000,393,3,41,67,80,74,68,170,61,Sporting Braga,2025.0,,João Moutinho
23 T. Walcott RM,33,71,71,164859,Right,72,RM,0,1200000.0,31000.0,2300000.0,340,72,67,58,72,71,350,73,70,69,63,75,367,76,69,73,74,75,282,72,59,34,55,62,311,65,35,75,67,69,74,112,37,39,36,45,11,8,9,9,8,1807,374,3,72,68,69,74,39,176,68,Southampton,2023.0,23,T. Walcott
I. Rakitić CM CDM,35,81,81,168651,Right,81,CM,0,10500000.0,35000.0,17900000.0,383,83,76,59,85,80,415,80,86,82,84,83,303,53,47,67,78,58,372,85,65,72,70,80,388,67,76,78,85,82,80,227,76,77,74,51,14,11,12,5,9,2139,435,3,50,79,84,78,74,184,78,Al Shabab,2025.0,,I. Rakitić
Sokratis CB,35,74,74,172879,Right,74,CB,0,1100000.0,13000.0,2300000.0,282,47,47,73,65,50,241,58,29,35,59,60,308,60,64,52,73,59,347,77,80,62,80,48,289,83,74,49,45,38,74,223,75,75,73,36,6,8,5,12,5,1726,378,3,62,53,53,60,74,186,82,Real Betis,2024.0,,Sokratis
Á. Di María RM CF,35,84,84,183898,Left,85,CAM,0,17500000.0,19000.0,35000000.0,379,84,77,53,87,78,442,90,92,88,81,91,392,78,74,88,77,75,368,82,69,70,61,86,366,72,42,80,89,83,89,148,41,55,52,51,10,7,11,12,11,2146,445,4,76,80,86,89,48,180,69,Benfica,2024.0,,Á. Di María
C. Benteke ST,32,74,74,184111,Right,74,ST,0,3400000.0,9000.0,4900000.0,358,58,76,85,66,73,316,65,62,64,51,74,269,49,44,59,74,43,373,80,86,52,87,68,319,71,29,79,69,71,72,71,28,25,18,44,14,5,12,8,5,1750,357,2,46,75,62,67,32,190,83,DC United,2024.0,,C. Benteke
M. Arnautović ST,34,80,80,184200,Right,80,ST,0,10500000.0,44000.0,0.0,393,77,79,79,81,77,385,77,78,72,74,84,371,73,74,70,77,77,406,80,88,75,83,80,350,77,38,79,79,77,79,121,40,42,39,64,14,15,10,10,15,2090,434,3,74,79,78,79,44,192,83,Inter,,,M. Arnautović
M. Darmian CB RWB RM,33,80,80,184392,Right,80,CB,0,10000000.0,74000.0,17000000.0,346,72,55,76,84,59,328,72,70,35,71,80,385,70,75,77,83,80,347,69,78,79,65,56,351,80,83,78,65,45,79,249,83,84,82,39,6,7,7,12,7,2045,436,2,73,59,73,76,83,183,70,Inter,2024.0,,M. Darmian
G. Sigurðsson CAM,33,72,72,184484,Right,72,CAM,0,0.0,0.0,0.0,352,78,69,60,74,71,374,72,79,77,71,75,296,50,50,65,70,61,333,74,63,58,64,74,338,57,58,73,75,75,74,171,57,59,55,58,13,8,10,15,12,1922,388,3,50,72,75,72,58,186,77,Iceland,,,G. Sigurðsson
22 Paulinho CM CAM CDM,32,83,83,187961,Right,83,CM,0,28500000.0,61000.0,48500000.0,392,67,83,85,82,75,382,82,66,75,76,83,383,73,71,72,82,85,428,83,92,91,82,80,397,81,80,83,82,71,81,234,80,79,75,57,16,16,11,6,8,2273,476,3,72,81,77,81,80,183,80,Al Ahli Jeddah,2024.0,22,Paulinho
23 S. Kagawa CAM CF CM,33,71,71,189358,Right,71,CAM,0,1200000.0,10000.0,1700000.0,327,68,67,48,77,67,363,72,74,68,73,76,324,60,50,75,65,74,262,59,55,52,34,62,305,29,57,75,73,71,79,148,52,51,45,50,11,9,8,9,13,1779,358,3,55,65,73,74,52,175,68,Sint-Truiden,2023.0,23,S. Kagawa
21 Hulk RW ST,33,80,80,189362,Left,81,LW,0,13000000.0,20000.0,20800000.0,376,75,79,71,78,73,395,85,78,81,74,77,402,83,78,70,80,91,424,94,74,85,89,82,368,83,48,81,78,78,76,123,46,41,36,46,6,10,7,11,12,2134,452,4,80,82,77,81,46,180,85,Shanghai Port,2023.0,21,Hulk
Alex Sandro CB LB,32,77,77,191043,Left,77,CB,0,7000000.0,77000.0,11900000.0,351,80,55,72,76,68,358,78,78,56,66,80,364,71,74,69,74,76,386,78,83,76,77,72,356,79,76,69,72,60,78,230,75,79,76,40,7,7,9,12,5,2085,442,3,73,65,74,77,76,180,80,Juventus,2024.0,,Alex Sandro
C. Wood ST,31,75,75,192123,Right,75,ST,0,4800000.0,58000.0,9100000.0,349,46,76,84,69,74,327,69,69,64,48,77,278,49,58,49,75,47,382,80,84,63,85,70,338,77,40,76,64,81,75,98,39,30,29,69,14,16,16,7,16,1841,377,1,54,76,60,69,40,191,92,Nottingham Forest,2025.0,,C. Wood
A. Lacazette ST,32,81,81,193301,Right,81,ST,0,21000000.0,51000.0,39900000.0,389,70,84,76,80,79,384,82,74,74,72,82,392,71,73,82,83,83,395,85,85,68,79,78,362,74,42,83,80,83,83,116,39,45,32,37,11,6,9,5,6,2075,433,3,72,83,76,82,44,175,73,Olympique Lyonnais,2025.0,,A. Lacazette
J. Guilavogui CB CDM,32,74,74,198118,Right,74,CB,0,2700000.0,22000.0,4900000.0,299,52,49,76,73,49,297,63,42,53,70,69,304,61,66,55,70,52,374,77,83,69,79,66,327,74,77,61,65,50,73,219,76,73,70,61,14,8,14,10,15,1881,402,2,64,59,64,64,75,188,77,FSV Mainz 05,2024.0,,J. Guilavogui
Jonathan Viera CAM CM LM,33,80,80,198164,Right,80,CAM,0,13000000.0,33000.0,27300000.0,358,73,75,65,80,65,387,80,77,73,78,79,395,82,76,87,74,76,371,70,78,81,68,74,369,63,66,80,85,75,77,181,63,63,55,64,16,16,9,14,9,2125,446,2,79,74,79,80,63,171,67,Almería,2025.0,,Jonathan Viera
L. Insigne LW CF LM,32,80,80,198219,Right,80,LW,0,16500000.0,13000.0,23900000.0,366,75,77,59,79,76,425,84,89,84,83,85,406,83,76,84,73,90,321,79,61,67,34,80,299,34,30,79,79,77,81,94,52,20,22,45,8,4,14,9,10,1956,401,4,79,78,80,84,36,163,59,Toronto,2026.0,,L. Insigne
A. Lescano CM CAM,21,72,82,272350,Left,74,CAM,10,5000000.0,8000.0,8500000.0,336,66,68,59,74,69,366,71,73,74,70,78,342,66,65,72,70,69,352,73,68,72,67,72,339,68,62,70,75,64,67,187,57,67,63,47,11,6,8,11,11,1969,411,1,65,70,72,73,62,182,67,Argentinos Juniors,2027.0,,A. Lescano
V. Carboni CAM ST,18,64,84,272602,Left,66,CAM,20,1600000.0,5000.0,0.0,272,56,45,56,70,45,321,65,65,55,69,67,330,65,68,64,64,69,275,66,56,60,49,44,267,51,26,64,67,59,63,152,41,54,57,52,13,8,11,13,7,1669,347,1,67,51,65,66,45,185,78,Monza,,,V. Carboni
B. Humphreys CB,20,67,80,272777,Left,69,CB,13,2300000.0,18000.0,0.0,227,43,23,64,65,32,227,51,39,36,48,53,330,67,63,63,65,72,277,45,73,56,71,32,251,68,64,32,44,43,53,205,67,71,67,59,13,7,12,13,14,1576,336,1,65,31,51,55,67,187,79,Swansea City,,,B. Humphreys
Ângelo RM RW LM,18,71,83,272829,Left,72,LM,12,4400000.0,18000.0,0.0,290,69,59,41,67,54,337,78,74,45,64,76,394,85,83,89,59,78,266,59,55,64,45,43,240,26,23,60,68,63,73,93,28,35,30,45,8,9,5,13,10,1665,360,1,84,56,66,77,31,180,66,Strasbourg,,,Ângelo
M. Ilenič RB RM,18,62,80,272943,Right,63,RWB,18,975000.0,500.0,2000000.0,233,61,41,43,57,31,250,65,44,30,47,64,360,78,81,71,58,72,251,39,58,64,55,35,252,51,55,51,50,45,48,163,49,58,56,58,9,15,12,15,7,1567,347,1,80,40,53,64,53,180,71,New York City,2024.0,,M. Ilenič
R. Esse CAM RM,18,60,82,273616,Left,62,CAM,22,775000.0,2000.0,2200000.0,243,50,51,40,57,45,302,67,56,57,55,67,352,77,71,69,56,79,249,52,54,49,53,41,266,55,54,49,63,45,58,136,45,47,44,51,10,14,5,13,9,1599,345,1,74,49,56,67,47,178,65,Millwall,2026.0,,R. Esse
S. Boselli CB RB,20,72,82,273850,Right,74,CB,10,4800000.0,9000.0,7700000.0,288,64,48,72,71,33,300,62,40,57,70,71,350,70,79,68,66,67,354,59,82,75,78,60,329,75,71,67,67,49,65,209,68,70,71,39,8,6,8,9,8,1869,407,1,75,53,66,66,70,183,82,River Plate,2026.0,,S. Boselli
Álex Valle LB LM,19,68,78,273875,Left,68,LB,10,2500000.0,19000.0,0.0,285,62,38,59,68,58,310,67,63,43,64,73,340,72,72,72,65,59,312,55,70,75,65,47,302,59,62,62,64,55,58,186,62,62,62,52,6,14,10,12,10,1787,379,1,72,46,64,68,62,183,57,Levante,,,Álex Valle
N. Butler-Oyedeji ST,20,59,68,273926,Right,61,ST,9,500000.0,11000.0,1000000.0,275,55,60,56,55,49,263,62,55,42,45,59,352,77,76,73,53,73,278,57,66,48,54,53,236,48,15,57,54,62,55,48,14,14,20,48,6,10,13,14,5,1500,319,1,76,57,53,62,19,177,74,Arsenal,2024.0,,N. Butler-Oyedeji
Alarcón ST LW RW,19,67,81,274357,Right,69,ST,14,2400000.0,22000.0,6400000.0,328,67,71,64,62,64,295,68,58,52,44,73,329,67,69,54,69,70,310,66,67,59,58,60,236,38,14,68,55,61,63,46,12,16,18,53,14,7,13,11,8,1597,335,1,68,67,58,68,19,175,70,FC Barcelona,2025.0,,Alarcón
A. Saldivia CB,21,71,82,275371,Right,73,CB,11,3900000.0,6000.0,6200000.0,194,26,18,64,60,26,216,48,27,26,55,60,345,66,75,64,69,71,289,34,76,78,79,22,269,79,68,45,43,34,63,215,70,74,71,45,10,7,12,7,9,1573,347,1,71,25,46,56,70,180,80,Colo-Colo,2026.0,,A. Saldivia
T. Land CM,17,62,84,275411,Right,66,CAM,22,1200000.0,500.0,2900000.0,282,57,48,50,67,60,342,70,72,62,65,73,349,72,75,78,62,62,240,58,59,42,39,42,266,50,56,55,62,43,64,155,50,50,55,57,11,6,15,11,14,1691,354,1,74,50,64,71,52,175,65,PSV,2025.0,,T. Land
H. Blank CB LB,18,63,79,276052,Left,65,CB,16,1100000.0,1000.0,2300000.0,228,52,30,63,54,29,222,51,46,25,47,53,322,67,69,64,59,63,264,40,70,54,67,33,213,59,67,29,28,30,56,190,61,65,64,46,7,6,9,14,10,1485,327,1,68,33,46,54,64,190,77,Salzburg,2028.0,,H. Blank
E. Banzuzi CM CAM,18,66,80,276216,Right,68,CM,14,2000000.0,2000.0,4200000.0,285,48,57,69,74,37,288,64,47,42,69,66,309,65,70,55,67,52,347,71,75,72,72,57,292,65,62,62,57,46,58,168,50,64,54,51,14,5,14,6,12,1740,382,1,68,59,62,63,59,191,74,OH Leuven,2026.0,,E. Banzuzi
J. Manzambi CM,17,56,77,276694,Right,60,RM,21,450000.0,500.0,1100000.0,251,50,46,53,60,42,257,59,44,37,58,59,338,67,70,71,60,70,274,54,63,60,64,33,249,55,49,49,54,42,55,161,58,53,50,48,8,10,8,13,9,1578,344,1,69,45,55,61,53,185,72,Freiburg II,2025.0,,J. Manzambi
T. Rubio CB RB,18,68,80,276819,Right,70,CB,12,2600000.0,2000.0,4400000.0,252,57,33,59,70,33,276,69,41,37,59,70,365,78,75,75,64,73,318,56,78,68,74,42,286,75,65,64,45,37,60,200,65,68,67,53,14,13,10,8,8,1750,383,1,76,41,58,69,66,177,71,Racing Club,2026.0,,T. Rubio
A. Khusanov CB,19,70,80,277031,Right,72,CB,10,3200000.0,9000.0,6700000.0,244,47,34,67,59,37,243,47,48,40,51,57,319,62,79,59,68,51,292,49,77,50,80,36,283,74,68,44,51,46,64,208,67,71,70,41,12,7,9,8,5,1630,355,1,71,39,52,53,69,186,84,Lens,2027.0,,A. Khusanov
Jefté LB LWB LM,19,64,78,277065,Left,64,LB,14,1300000.0,500.0,3700000.0,255,65,43,58,62,27,268,65,62,34,51,56,359,84,81,67,54,73,300,57,75,68,62,38,254,62,52,54,48,38,49,174,51,63,60,49,15,11,7,8,8,1659,365,1,82,44,57,62,56,183,76,APOEL,2024.0,,Jefté
O. Diakité ST,19,71,81,277178,Right,73,ST,10,4099999.9999999995,10000.0,9000000.0,324,58,71,68,63,64,286,71,55,46,44,70,361,77,81,68,67,68,352,75,80,59,72,66,271,61,15,71,58,66,66,44,13,19,12,57,12,11,8,12,14,1695,364,1,79,70,57,70,21,182,75,Stade de Reims ,2028.0,,O. Diakité
N. O'Reilly CAM CM,18,61,80,277427,Left,63,CAM,19,825000.0,6000.0,2000000.0,270,54,55,48,60,53,305,65,55,56,62,67,316,64,73,73,55,51,288,59,60,48,67,54,266,52,41,57,58,58,60,133,46,46,41,47,7,13,8,7,12,1625,352,1,69,56,58,65,45,193,82,Manchester City,2024.0,,N. O'Reilly
L. Sauer LW CAM,17,65,83,277482,Right,65,LW,18,1800000.0,900.0,3600000.0,277,65,58,39,62,53,303,70,58,49,58,68,376,84,78,82,55,77,274,64,58,43,54,55,231,38,34,50,55,54,59,117,36,46,35,49,8,6,9,14,12,1627,356,1,81,58,60,70,39,184,78,Feyenoord,2028.0,,L. Sauer
João Muniz CB LB,18,66,82,277500,Left,68,CB,16,2000000.0,1000.0,5300000.0,218,48,23,65,49,33,203,35,48,30,42,48,306,71,68,47,60,60,277,54,73,58,66,26,255,70,68,32,40,45,61,208,68,72,68,57,7,15,14,11,10,1524,324,1,69,32,45,44,69,187,73,Sporting CP,2028.0,,João Muniz
S. Amo-Ameyaw LW RW,16,60,80,277561,Left,62,LM,20,675000.0,1000.0,2000000.0,251,55,54,44,55,43,278,64,59,46,48,61,374,78,76,81,55,84,251,58,45,59,37,52,219,36,26,54,52,51,59,77,23,28,26,43,9,8,9,11,6,1493,320,1,77,54,53,65,28,166,61,Southampton,2026.0,,S. Amo-Ameyaw
M. Finkgräfe LB LM CM,19,66,79,277887,Left,66,LB,13,1900000.0,4000.0,4600000.0,241,62,31,53,63,32,300,69,55,59,49,68,336,73,67,66,65,65,264,45,67,55,63,34,255,59,58,53,47,38,52,198,61,67,70,47,14,11,10,6,6,1641,352,1,70,36,57,67,62,183,71,FC Köln,2025.0,,M. Finkgräfe
A. Gilchrist CB RB,19,63,80,278286,Right,65,CB,17,1200000.0,8000.0,3000000.0,240,45,31,65,57,42,226,45,40,36,52,53,286,58,63,55,58,52,258,45,60,60,68,25,258,68,62,39,47,42,61,192,62,65,65,37,6,9,7,7,8,1497,325,1,61,34,50,50,64,184,78,Chelsea,2026.0,,A. Gilchrist
Yarek CB LB,18,67,83,278661,Left,69,CB,16,2400000.0,3000.0,6500000.0,275,48,50,75,61,41,240,42,45,34,59,60,327,66,68,69,59,65,311,56,75,70,63,47,285,65,69,40,58,53,52,204,70,68,66,44,9,8,10,6,11,1686,360,1,67,50,55,53,69,190,75,Valencia,2025.0,,Yarek
M. Diawara CM,18,67,81,278789,Left,69,CM,14,2400000.0,4000.0,6100000.0,278,50,51,58,74,45,306,68,54,43,70,71,316,66,72,58,64,56,331,66,71,65,74,55,298,61,59,60,68,50,60,186,61,64,61,37,10,6,5,8,8,1752,386,1,69,55,65,67,61,187,78,Olympique Lyonnais,2027.0,,M. Diawara
K. Arroyo LW,17,60,83,279485,Left,61,ST,23,775000.0,500.0,2500000.0,256,58,59,36,55,48,250,60,42,38,49,61,330,72,69,65,58,66,291,70,53,55,56,57,229,30,20,61,54,64,51,63,16,21,26,59,15,7,11,13,13,1478,316,1,70,61,53,61,21,176,68,Independiente del Valle,2027.0,,K. Arroyo
E. Muçi CAM LW,22,68,77,261195,Right,70,CAM,9,2700000.0,9000.0,5700000.0,291,58,66,48,64,55,318,72,60,57,58,71,376,80,78,76,64,78,335,72,67,64,62,70,239,33,14,66,65,61,67,51,17,17,17,57,14,10,10,9,14,1667,357,1,79,67,62,72,20,180,75,Beşiktaş,2025.0,,E. Muçi
M. Uzuni ST LM RM,28,77,77,261204,Right,78,RW,0,11000000.0,24000.0,24200000.0,358,74,81,74,72,57,358,82,66,67,63,80,393,80,82,82,75,74,363,77,80,67,63,76,347,71,49,76,72,79,80,63,22,22,19,52,7,8,9,15,13,1934,409,1,81,78,71,81,32,178,64,Granada,2025.0,,M. Uzuni
M. Aydın RB,21,69,76,261446,Right,70,RM,7,2700000.0,4000.0,0.0,294,64,56,50,68,56,322,74,66,52,60,70,379,79,75,79,68,78,304,65,63,68,54,54,317,71,67,64,62,53,68,198,65,68,65,56,11,14,10,11,10,1870,398,1,77,58,64,73,65,179,76,Trabzonspor,,,M. Aydın
L. Günther LWB LB,20,64,77,261745,Left,66,LM,13,1300000.0,4000.0,0.0,303,66,57,51,65,64,292,67,60,43,54,68,352,72,82,71,61,66,314,67,66,62,63,56,268,48,52,55,57,56,59,163,53,56,54,60,13,13,14,9,11,1752,379,1,78,59,61,67,54,181,83,Wehen Wiesbaden,,,L. Günther
D. Wolfe LB,21,70,78,262135,Left,70,LB,8,3400000.0,4000.0,5800000.0,278,64,52,52,63,47,292,67,53,43,57,72,352,75,82,67,63,65,323,56,68,83,66,50,282,60,65,56,53,48,57,196,64,67,65,52,8,9,14,10,11,1775,391,1,79,52,59,68,64,185,79,AZ Alkmaar,2028.0,,D. Wolfe
M. Lotka GK,22,68,78,262298,Right,68,GK,10,2300000.0,9000.0,4400000.0,62,12,11,11,20,8,63,9,12,7,23,12,166,24,21,26,66,29,201,42,56,29,66,8,72,22,10,7,23,10,30,27,8,10,9,328,68,65,56,69,70,919,351,1,68,65,56,70,23,191,85,Borussia Dortmund,2024.0,,M. Lotka
Turrientes CM CDM,21,68,79,262510,Right,70,CM,11,2700000.0,9000.0,6200000.0,276,60,43,56,74,43,341,64,62,71,74,70,348,68,64,68,66,82,278,62,51,76,35,54,313,69,59,62,67,56,68,184,57,62,65,45,7,11,7,12,8,1785,366,1,66,51,69,67,60,181,70,Real Sociedad,2027.0,,Turrientes
N. Weißhaupt LM RM,21,72,77,262672,Right,73,RM,5,3600000.0,14000.0,6400000.0,292,69,62,39,70,52,325,75,60,59,58,73,377,81,76,77,68,75,288,60,58,62,54,54,300,55,51,71,70,53,60,138,45,46,47,47,10,15,9,8,5,1767,381,1,78,60,67,74,46,181,76,SC Freiburg,2027.0,,N. Weißhaupt
M. Ugalde ST,21,74,84,262858,Right,76,ST,10,9500000.0,10000.0,16200000.0,350,53,79,77,74,67,320,70,69,49,55,77,390,82,74,80,69,85,344,72,79,75,51,67,304,54,35,76,74,65,77,116,44,37,35,43,6,12,6,12,7,1867,393,1,78,74,65,74,43,173,68,FC Twente,2027.0,,M. Ugalde
A. Zorgane CM CDM,23,75,80,262925,Right,77,CM,5,8500000.0,13000.0,13400000.0,337,70,69,62,78,58,358,75,68,63,75,77,312,59,55,64,73,61,399,79,74,91,81,74,349,74,68,66,75,66,72,205,65,72,68,53,14,11,7,9,12,2013,426,1,57,71,74,74,68,184,77,Sporting Charleroi,2027.0,,A. Zorgane
O. Pohlmann CM LM CF,22,68,74,263279,Right,71,CAM,6,1900000.0,13000.0,3600000.0,289,59,63,41,69,57,345,73,67,67,66,72,360,76,67,75,69,73,336,61,66,77,73,59,298,52,57,66,68,55,65,147,45,54,48,58,11,15,8,15,9,1833,389,1,71,61,66,72,50,183,80,Borussia Dortmund,2025.0,,O. Pohlmann
C. Rushworth GK,21,70,81,263339,Left,70,GK,11,3100000.0,18000.0,0.0,80,13,6,14,40,7,128,24,13,22,39,30,280,56,54,55,63,52,213,53,64,29,58,9,101,20,15,7,49,10,45,42,16,14,12,351,71,69,70,69,72,1195,406,1,71,69,70,72,55,188,86,Swansea City,,,C. Rushworth
L. Abada RW,21,74,82,263377,Right,74,RW,8,9500000.0,7000.0,15700000.0,344,68,72,69,69,66,323,68,64,62,57,72,431,89,85,92,74,91,339,74,73,72,49,71,293,64,22,75,72,60,68,127,40,46,41,50,7,12,10,8,13,1907,398,1,87,71,67,73,41,168,67,Charlotte,2026.0,,L. Abada
Beñat Prados CM CDM CB,22,74,82,263617,Right,77,CDM,8,9500000.0,19000.0,21900000.0,320,65,61,65,77,52,329,71,60,49,73,76,375,71,66,77,79,82,349,70,73,79,65,62,336,77,74,64,74,47,78,219,75,76,68,53,15,8,13,9,8,1981,419,1,68,62,71,74,73,180,72,Athletic Club,2025.0,,Beñat Prados
V. Taborda CAM CM ST,22,70,81,263693,Right,72,CAM,11,3600000.0,9000.0,6100000.0,328,62,72,62,72,60,317,70,62,50,66,69,345,70,72,70,66,67,341,69,70,71,65,66,300,50,54,71,70,55,66,138,53,55,30,46,11,11,6,11,7,1815,392,1,71,69,67,69,52,175,71,Boca Juniors,2026.0,,V. Taborda
Pedro Malheiro RB RWB,22,73,82,263810,Right,74,RWB,9,6500000.0,10000.0,15000000.0,309,75,62,53,69,50,320,74,72,39,58,77,365,75,78,70,71,71,325,68,65,75,57,60,290,50,69,60,56,55,53,206,69,69,68,57,14,8,15,13,7,1872,405,1,77,62,65,73,67,179,72,Boavista,2025.0,,Pedro Malheiro
J. Mendes RB LB RWB,20,70,79,263854,Right,71,RWB,9,3300000.0,5000.0,7300000.0,247,64,35,47,62,39,290,73,56,26,64,71,389,83,86,78,70,72,280,43,63,76,53,45,283,62,63,59,59,40,63,198,68,66,64,52,10,10,13,10,9,1739,382,1,85,40,60,72,64,177,69,Sporting Braga,2028.0,,J. Mendes
F. Back RWB RB,20,62,70,263951,Right,62,RWB,8,825000.0,7000.0,0.0,231,57,29,53,61,31,244,57,39,36,52,60,315,64,70,67,54,60,267,46,61,70,61,29,239,58,54,41,43,43,60,174,56,59,59,55,13,15,5,13,9,1525,333,1,67,34,53,59,57,188,79,Carlisle United,,,F. Back
J. Rak-Sakyi RM RW,20,71,79,264035,Left,72,LM,8,4099999.9999999995,18000.0,8600000.0,300,64,69,42,63,62,329,74,69,58,53,75,398,82,85,82,65,84,305,65,56,71,49,64,251,35,21,68,66,61,74,65,22,22,21,53,13,9,5,12,14,1701,363,1,84,66,62,75,24,178,73,Crystal Palace,2027.0,,J. Rak-Sakyi
L. Dobbin LM ST,20,64,75,264039,Right,65,ST,11,1300000.0,6000.0,2700000.0,285,53,63,53,60,56,273,68,58,38,44,65,369,77,82,76,60,74,297,64,63,61,53,56,252,36,30,64,59,63,60,124,40,44,40,38,7,13,6,6,6,1638,357,1,80,62,55,67,41,181,71,Everton,2025.0,,L. Dobbin
Iturbe GK,19,66,78,264116,Right,66,GK,12,1800000.0,4000.0,4099999.9999999995,77,14,11,12,32,8,90,13,14,13,30,20,260,52,46,51,61,50,207,50,60,32,56,9,99,23,10,6,40,20,36,32,8,11,13,330,66,64,66,65,69,1095,380,1,66,64,66,69,50,186,75,Atlético Madrid,2027.0,,Iturbe
E. Poku RW LW,19,67,84,264219,Right,67,RW,17,2600000.0,2000.0,5500000.0,272,58,55,45,58,56,302,72,65,48,48,69,412,91,93,85,62,81,306,75,61,64,48,58,239,52,21,55,55,56,65,86,24,35,27,49,8,10,11,12,8,1666,362,1,92,60,56,72,29,173,63,AZ Alkmaar,2026.0,,E. Poku
Diego López LM RM CAM,21,76,84,264238,Right,77,LM,8,17000000.0,23000.0,39100000.0,345,70,75,59,76,65,339,76,65,52,69,77,375,79,79,74,72,71,329,68,70,69,59,63,298,47,35,78,73,65,63,101,41,30,30,68,14,15,13,14,12,1855,392,1,79,70,71,75,37,172,63,Valencia,2027.0,,Diego López
F. Alidou LM RM,21,69,78,264409,Right,70,RM,9,3100000.0,12000.0,0.0,276,64,62,37,63,50,302,77,55,42,55,73,368,86,85,70,55,72,300,63,64,56,64,53,250,49,25,65,61,50,56,78,28,28,22,36,8,7,7,9,5,1610,364,1,85,59,60,73,28,186,84,FC Köln,,,F. Alidou
Noel ST RW,20,62,76,264490,Right,64,ST,14,975000.0,16000.0,2600000.0,292,50,64,59,61,58,281,62,59,51,42,67,309,63,68,56,64,58,272,65,55,47,46,59,242,40,24,63,59,56,57,69,35,18,16,59,13,13,11,14,8,1524,320,1,66,62,55,63,28,182,68,Real Madrid,2026.0,,Noel
C. Slicker GK,20,58,71,264645,Right,58,GK,13,425000.0,2000.0,1100000.0,81,12,10,10,40,9,117,20,10,12,35,40,148,30,22,21,53,22,174,43,46,24,51,10,130,35,19,5,52,19,46,57,27,15,15,286,56,60,57,53,60,993,313,1,56,60,57,60,27,191,82,Ipswich Town,2026.0,,C. Slicker
Saúl Coco CB,24,75,82,265650,Right,77,CB,7,10500000.0,15000.0,24200000.0,242,34,40,70,69,29,299,59,38,72,67,63,343,80,89,61,60,53,398,85,86,65,84,78,293,77,77,30,58,51,60,228,79,76,73,42,5,8,7,13,9,1845,413,1,85,56,58,60,76,188,76,Las Palmas,2025.0,,Saúl Coco
S. Perkins RM ST CAM,19,60,78,266074,Left,64,ST,18,625000.0,4000.0,1600000.0,274,43,61,55,58,57,270,61,54,42,50,63,325,66,71,65,59,64,320,67,66,61,67,59,248,49,20,61,60,58,60,61,21,20,20,56,13,14,6,12,11,1554,331,1,69,61,53,62,24,178,73,Leeds United,2025.0,,S. Perkins
A. Ibrahimović LW LM CAM,17,62,81,266236,Right,64,CAM,19,1000000.0,2000.0,0.0,296,55,60,57,59,65,301,68,64,55,46,68,331,68,63,72,52,76,277,65,56,47,48,61,252,48,24,61,59,60,57,70,19,23,28,52,12,12,10,10,8,1579,324,1,65,62,56,67,26,176,69,Frosinone,,,A. Ibrahimović
M. Mampassi CB,20,67,78,266581,Right,69,CB,11,2100000.0,3000.0,3500000.0,242,41,32,68,62,39,258,57,41,31,69,60,318,67,68,57,65,61,309,57,75,64,73,40,270,69,65,43,53,40,58,197,66,67,64,54,11,10,7,13,13,1648,357,1,68,40,54,59,66,185,76,Kortrijk,2026.0,,M. Mampassi
S. Ngoma RM ST,17,58,79,267796,Right,59,RM,21,650000.0,500.0,1600000.0,221,49,47,37,48,40,244,63,42,38,43,58,376,90,90,87,39,70,275,52,62,61,59,41,231,44,38,51,50,48,46,110,38,38,34,52,13,12,10,7,10,1509,341,1,90,47,47,62,38,178,75,New York RB,2025.0,,S. Ngoma
C. McNeill ST,19,61,74,268435,Right,63,ST,13,775000.0,10000.0,2000000.0,288,60,62,50,58,58,260,57,61,33,47,62,351,74,72,72,58,75,311,65,66,63,63,54,243,48,23,61,57,54,62,52,15,20,17,56,10,12,13,7,14,1561,331,1,73,60,55,61,22,182,70,Manchester United,2024.0,,C. McNeill
D. Gore CM CAM,18,61,81,268443,Right,65,CAM,20,900000.0,600.0,2500000.0,238,52,48,27,65,46,296,65,60,45,62,64,371,75,69,80,63,84,256,56,44,62,45,49,281,70,49,58,62,42,64,155,47,53,55,51,8,9,12,12,10,1648,351,1,72,50,60,67,48,173,65,Port Vale,2024.0,,D. Gore
F. Baschirotto CB,26,75,77,268573,Right,77,CB,2,6000000.0,15000.0,11300000.0,288,60,52,69,63,44,264,49,56,48,57,54,340,71,77,70,70,52,362,53,85,76,92,56,330,88,73,57,63,49,69,224,80,73,71,53,14,11,10,6,12,1861,404,1,74,53,60,55,75,184,77,Lecce,2026.0,,F. Baschirotto
A. Ali ST RM,26,71,72,268772,Right,72,ST,1,0.0,0.0,0.0,326,45,74,76,58,73,283,68,53,49,49,64,316,67,82,60,65,42,374,77,84,69,76,68,277,55,19,70,59,74,62,51,21,12,18,59,12,14,15,6,12,1686,359,1,75,73,54,64,23,180,69,Qatar,,,A. Ali
M. van Brederode LW,19,69,81,269159,Right,71,CAM,12,3300000.0,4000.0,5600000.0,274,58,63,42,64,47,322,82,65,43,54,78,363,84,55,84,65,75,281,60,56,68,47,50,259,54,30,66,64,45,62,90,24,40,26,53,7,8,15,9,14,1642,351,1,68,58,60,79,32,174,60,AZ Alkmaar,2027.0,,M. van Brederode
D. Coppola CB,19,71,80,269181,Right,73,CB,9,3800000.0,8000.0,7600000.0,240,40,36,69,66,29,249,50,47,36,62,54,270,61,60,37,69,43,293,59,74,55,74,31,272,71,70,35,52,44,58,217,75,73,69,44,10,8,7,14,5,1585,347,1,60,40,55,51,72,192,78,Hellas Verona,2027.0,,D. Coppola
E. Sarıkaya CB,17,61,78,269187,Left,63,CB,17,775000.0,500.0,1800000.0,209,44,28,58,52,27,244,52,56,32,48,56,304,65,78,53,53,55,297,38,74,74,78,33,232,64,52,34,37,45,57,177,54,65,58,53,10,11,10,8,14,1516,336,1,72,32,46,54,58,185,74,Grenoble Foot 38,2027.0,,E. Sarıkaya
L. Zeefuik ST CAM,18,64,78,269259,Right,66,ST,14,1400000.0,1000.0,3000000.0,268,45,62,60,53,48,246,65,43,31,45,62,352,78,82,69,60,63,358,71,91,66,79,51,244,62,21,59,52,50,56,66,22,24,20,46,6,11,10,6,13,1580,351,1,80,60,48,64,26,192,80,AZ Alkmaar,2029.0,,L. Zeefuik
G. Oristanio CF CAM RM,20,71,84,269276,Left,74,CAM,13,4500000.0,32000.0,0.0,315,67,65,50,70,63,358,77,73,66,67,75,400,85,88,88,66,73,315,66,63,69,49,68,326,74,53,68,68,63,71,141,45,49,47,41,6,8,9,8,10,1896,407,1,87,66,69,76,49,174,62,Cagliari,,,G. Oristanio
M. El Arouch CAM,19,66,81,269852,Right,68,CAM,15,2000000.0,5000.0,5100000.0,269,58,56,32,67,56,336,73,65,62,64,72,382,77,71,88,58,88,285,63,55,53,56,58,285,49,48,58,64,66,70,161,52,57,52,59,11,12,11,14,11,1777,375,1,74,58,64,74,51,166,64,Olympique Lyonnais,2025.0,,M. El Arouch
23 Y. Lagha ST,18,64,82,269853,Right,66,ST,18,1500000.0,5000.0,3800000.0,283,36,67,63,58,59,264,63,54,45,40,62,332,67,73,68,59,65,312,65,64,55,69,59,240,43,19,62,52,64,55,56,17,12,27,49,11,5,5,13,15,1536,328,1,70,64,49,63,22,173,70,Olympique Lyonnais,2025.0,23,Y. Lagha
B. Miovski ST,24,74,80,269953,Left,76,ST,6,6500000.0,8000.0,12700000.0,315,38,81,77,63,56,283,72,62,33,43,73,347,67,73,65,70,72,363,78,82,72,73,58,282,57,24,77,44,80,77,68,21,26,21,55,10,12,7,13,13,1713,365,1,70,74,50,72,29,189,82,Aberdeen,2026.0,,B. Miovski
E. Omić CDM CM CB,20,64,75,270032,Right,65,CDM,11,1200000.0,2000.0,2000000.0,268,53,40,61,65,49,320,62,66,64,63,65,306,61,66,62,60,57,335,65,68,72,69,61,284,66,57,58,61,42,64,181,60,63,58,52,8,13,12,7,12,1746,369,1,64,51,62,63,60,185,75,Wolfsberger AC,2025.0,,E. Omić
M. Joseph ST,19,66,78,270206,Right,68,ST,12,2000000.0,8000.0,4200000.0,284,39,65,68,57,55,260,65,52,36,42,65,375,80,84,74,62,75,339,68,78,65,67,61,236,37,15,65,50,69,62,70,24,23,23,39,6,14,6,8,5,1603,348,1,82,65,48,66,26,185,75,Leeds United,2028.0,,M. Joseph
R. Andrews RB RWB,18,66,78,270371,Right,66,RB,12,1900000.0,3000.0,4000000.0,230,57,33,43,62,35,265,67,52,29,54,63,387,83,86,74,60,84,259,58,55,68,48,30,260,58,62,55,50,35,61,182,59,62,61,64,10,14,11,14,15,1647,360,1,85,39,55,67,59,175,65,Watford,2028.0,,R. Andrews
Marquinhos RM,20,70,79,270390,Left,71,LM,9,3500000.0,33000.0,7200000.0,300,71,58,50,66,55,313,73,67,45,55,73,383,82,77,77,66,81,304,61,65,65,54,59,269,45,33,69,66,56,66,92,30,32,30,42,6,6,12,6,12,1703,364,1,79,59,64,73,33,174,77,Arsenal,2027.0,,Marquinhos
B. Bouanani RW,18,69,79,270465,Left,71,CAM,10,2900000.0,8000.0,0.0,310,69,66,45,72,58,328,72,65,55,65,71,350,72,71,72,58,77,290,65,56,60,50,59,259,38,26,68,68,59,67,92,28,34,30,55,10,7,9,14,15,1684,355,1,71,64,68,71,31,177,68,Lorient,,,B. Bouanani
K. Muneer LM,25,64,65,270643,Right,64,LM,1,0.0,0.0,0.0,294,54,63,61,53,63,287,67,57,45,51,67,394,87,80,89,54,84,297,60,69,70,48,50,225,40,26,55,54,50,61,79,24,31,24,43,5,12,6,5,15,1619,347,1,83,59,53,69,30,174,67,Qatar,,,K. Muneer
M. Penders GK,17,64,82,270821,Left,64,GK,18,1300000.0,500.0,2800000.0,65,12,8,12,24,9,78,11,13,12,25,17,155,17,25,36,50,27,210,45,57,26,73,9,96,27,9,7,38,15,31,33,9,10,14,321,67,64,60,62,68,958,341,1,67,64,60,68,20,200,95,Genk,2028.0,,M. Penders
S. Borza LB LM,17,68,81,270863,Left,69,LM,13,2600000.0,500.0,5100000.0,300,66,58,50,69,57,312,65,64,53,62,68,370,75,79,75,64,77,336,68,67,71,64,66,289,59,63,59,64,44,64,193,64,65,64,42,9,7,8,7,11,1842,398,1,77,61,65,67,63,183,72,Rapid Bucuresti,2027.0,,S. Borza
B. Nelson CB,19,62,76,270944,Right,64,CB,14,875000.0,4000.0,2100000.0,207,35,29,62,53,28,222,46,39,30,49,58,323,66,70,61,59,67,287,49,74,62,75,27,237,63,62,31,42,39,53,177,60,59,58,59,11,12,15,7,14,1512,328,1,68,33,45,53,60,187,74,Leicester City,2027.0,,B. Nelson
S. Baidoo CB,19,67,81,270997,Right,69,CB,14,2300000.0,3000.0,4900000.0,205,27,22,61,67,28,245,57,34,25,62,67,302,69,67,53,57,56,261,39,74,56,74,18,221,68,60,23,35,35,55,206,66,70,70,48,10,8,11,8,11,1488,335,1,68,26,48,59,66,187,86,Salzburg,2027.0,,S. Baidoo
M. Jurásek RW LW,19,73,81,271296,Left,74,LM,8,6500000.0,700.0,15600000.0,327,70,70,55,67,65,342,77,64,65,61,75,376,78,82,76,68,72,362,74,73,73,70,72,315,67,51,69,67,61,73,160,57,53,50,48,9,13,7,7,12,1930,415,1,80,70,66,75,54,181,73,Slavia Praha,2027.0,,M. Jurásek
C. Richards CB CDM,23,75,79,250954,Right,77,CB,4,7000000.0,28000.0,13800000.0,247,49,23,78,71,26,242,54,35,24,65,64,333,62,78,61,74,58,281,36,82,65,76,22,270,70,74,38,51,37,64,230,75,78,77,44,13,5,13,7,6,1647,363,1,71,27,58,59,76,188,87,Crystal Palace,2027.0,,C. Richards
T. Coulibaly LM RM CF,22,70,77,251401,Left,71,LM,7,3200000.0,11000.0,7000000.0,296,66,68,38,65,59,311,79,68,41,47,76,377,81,77,85,50,84,282,61,62,63,60,36,295,63,38,66,66,62,56,127,48,42,37,45,8,12,5,6,14,1733,379,1,79,59,62,76,42,179,78,Montpellier,2026.0,,T. Coulibaly
K. Struski CAM CM,22,65,73,251411,Right,67,CAM,8,0.0,0.0,0.0,264,54,57,33,68,52,301,67,55,51,60,68,350,71,72,72,62,73,276,57,45,70,45,59,260,48,38,65,63,46,54,124,39,44,41,55,14,12,10,11,8,1630,350,1,72,57,62,67,40,172,66,Poland,,,K. Struski
D. Churlinov RM ST CAM,22,69,76,251545,Right,71,CAM,7,2800000.0,18000.0,0.0,311,60,66,57,66,62,333,73,73,60,57,70,389,82,76,83,69,79,302,66,65,59,47,65,308,65,48,67,64,64,67,151,45,56,50,52,13,7,7,14,11,1846,387,1,79,66,63,73,51,180,73,Schalke 04,,,D. Churlinov
J. Rudoni CM CAM CDM,22,67,77,251690,Left,69,CAM,10,2300000.0,3000.0,4700000.0,298,59,55,60,69,55,322,68,62,57,64,71,351,70,73,74,63,71,350,71,69,86,62,62,313,64,64,68,64,53,57,183,60,66,57,50,8,8,13,11,10,1867,396,1,72,60,64,69,62,185,77,Huddersfield Town,2026.0,,J. Rudoni
Luquinha CAM CM RM,22,72,79,251990,Right,74,CAM,7,4800000.0,6000.0,11000000.0,300,77,60,30,73,60,347,74,64,65,70,74,399,79,73,91,66,90,271,67,46,63,39,56,269,42,24,66,77,60,71,108,39,37,32,41,6,8,15,6,6,1735,366,1,76,61,73,76,34,167,65,Portimonense,2024.0,,Luquinha
K. Piątkowski CB,23,73,78,252018,Right,75,CB,5,4200000.0,12000.0,0.0,272,65,41,70,71,25,299,67,58,34,70,70,375,81,80,74,68,72,369,68,88,82,84,47,296,70,73,59,58,36,68,212,70,72,70,62,13,15,10,12,12,1885,413,1,80,47,65,69,71,191,87,Granada,,,K. Piątkowski
Daniel Bragança CM CDM CAM,24,76,83,252143,Left,79,CAM,7,15000000.0,12000.0,33000000.0,325,65,71,49,77,63,379,80,76,64,78,81,412,77,81,92,71,91,323,66,64,67,58,68,343,59,65,71,82,66,75,201,64,68,69,54,6,12,14,11,11,2037,429,1,79,69,75,81,64,178,71,Sporting CP,2027.0,,Daniel Bragança
I. Jakobs LWB LM LB,23,74,79,252293,Left,74,LWB,5,6000000.0,30000.0,11900000.0,303,70,64,59,69,41,290,74,59,30,54,73,377,83,84,72,70,68,335,65,75,78,65,52,316,66,68,64,63,55,68,201,65,67,69,51,15,8,10,7,11,1873,415,1,84,60,63,73,66,184,75,Monaco,2026.0,,I. Jakobs
Y. Larouci LWB,22,69,75,252302,Left,69,LWB,6,2100000.0,3000.0,0.0,277,66,45,59,65,42,280,71,50,38,52,69,344,74,72,64,65,69,301,52,70,69,62,48,281,61,64,56,54,46,59,196,66,65,65,42,11,10,8,6,7,1721,377,1,73,47,59,69,65,176,68,Sheffield United,,,Y. Larouci
R. Zerrouki CDM CM,25,75,78,252383,Right,77,CM,3,6500000.0,14000.0,9600000.0,307,59,58,52,80,58,359,74,64,67,79,75,350,70,66,73,69,72,386,76,72,85,79,74,350,82,71,68,72,57,74,206,70,68,68,49,6,11,14,12,6,2007,429,1,68,65,73,74,68,183,72,Feyenoord,2027.0,,R. Zerrouki
L. Ivanušec LW CAM,24,76,79,252931,Right,78,CAM,3,10000000.0,16000.0,14800000.0,333,66,70,53,72,72,375,85,70,70,71,79,414,90,75,81,77,91,368,75,76,74,70,73,348,72,59,71,72,74,76,169,60,60,49,54,6,11,13,10,14,2061,436,1,82,72,70,82,58,175,76,Feyenoord,2028.0,,L. Ivanušec
J. O'Brien CB,22,74,81,253510,Right,76,CB,7,8000000.0,23000.0,16800000.0,248,26,38,78,67,39,246,44,38,50,54,60,305,66,85,44,69,41,327,56,87,65,85,34,265,68,72,41,48,36,58,217,70,76,71,55,12,11,11,9,12,1663,369,1,76,41,51,51,73,197,84,Olympique Lyonnais,2027.0,,J. O'Brien
Talles Magno CF ST LM,21,73,82,253755,Right,74,CAM,9,7000000.0,6000.0,11600000.0,301,57,64,54,69,57,320,79,64,44,47,86,388,85,81,81,69,72,335,65,74,71,69,56,259,38,24,70,66,61,72,118,45,48,25,48,8,10,12,6,12,1769,391,1,83,62,61,80,41,186,70,New York City,2026.0,,Talles Magno
S. Turati GK,21,73,82,254502,Right,73,GK,9,6000000.0,7000.0,0.0,65,11,10,13,24,7,71,7,11,13,20,20,213,37,31,46,64,35,199,53,55,30,54,7,110,28,12,8,45,17,24,38,10,14,14,364,74,70,70,73,77,1060,399,1,74,70,70,77,35,188,85,Frosinone,,,S. Turati
L. Da Cunha CAM RM,22,72,77,254579,Left,74,CAM,5,3600000.0,3000.0,6000000.0,314,62,64,56,72,60,347,76,68,57,69,77,369,78,75,80,63,73,323,71,66,60,54,72,282,50,33,70,67,62,65,117,31,44,42,60,8,9,14,15,14,1812,380,1,76,67,68,75,39,176,69,Como,2026.0,,L. Da Cunha
M. Arezo ST,20,71,81,254653,Right,73,ST,10,4099999.9999999995,11000.0,9800000.0,332,59,73,66,65,69,308,68,58,60,49,73,368,75,63,79,74,77,352,78,75,60,67,72,321,59,49,73,67,73,63,115,28,44,43,45,8,6,12,10,9,1841,380,1,68,74,61,71,42,175,76,Granada,2026.0,,M. Arezo
O. Dorley CDM CM,24,77,81,254909,Left,79,LWB,4,14000000.0,1000.0,31900000.0,324,74,52,64,80,54,373,76,75,67,76,79,402,80,76,86,77,83,319,43,75,86,64,51,348,72,76,64,74,62,79,224,76,74,74,43,11,6,8,13,5,2033,429,1,78,51,76,78,74,174,66,Slavia Praha,2027.0,,O. Dorley
J. Marshall-Rutty RB CM LM,19,60,75,255335,Right,64,RM,15,550000.0,650.0,1100000.0,229,54,49,30,59,37,277,68,50,39,54,66,382,84,78,82,57,81,238,55,42,60,32,49,243,39,50,51,52,51,63,166,54,56,56,55,13,13,11,8,10,1590,347,1,81,50,54,69,52,170,69,Toronto,2024.0,,J. Marshall-Rutty
R. Sosa LM RM,23,75,81,255718,Right,76,RM,6,9000000.0,13000.0,15300000.0,293,67,69,41,72,44,324,79,63,40,68,74,378,81,82,77,70,68,322,70,61,74,55,62,302,62,51,73,72,44,64,141,42,59,40,43,6,8,9,14,6,1803,402,1,82,66,68,76,49,178,76,Talleres Córdoba,2026.0,,R. Sosa
Z. Suzuki GK,20,68,77,255981,Right,68,GK,9,2300000.0,3000.0,3800000.0,58,12,6,12,21,7,72,14,13,11,23,11,269,55,58,59,64,33,235,53,73,23,78,8,89,26,7,7,31,18,29,31,8,12,11,341,68,65,71,65,72,1095,397,1,68,65,71,72,56,190,91,Sint-Truiden,2027.0,,Z. Suzuki
N. Collins CB,19,63,80,256500,Right,65,CB,17,1200000.0,3000.0,2800000.0,210,44,22,62,58,24,187,44,23,20,47,53,347,83,86,63,58,57,270,33,85,53,78,21,207,59,59,30,34,25,46,181,58,64,59,46,12,8,8,10,8,1448,334,1,85,25,45,50,61,191,84,Eintracht Frankfurt,2028.0,,N. Collins
B. Chrisene LWB LB,19,65,77,256556,Left,65,LWB,12,1600000.0,8000.0,0.0,267,65,54,44,64,40,286,65,61,37,59,64,336,71,73,67,60,65,281,57,59,63,62,40,267,56,58,48,57,48,54,178,56,62,60,42,5,6,10,9,12,1657,366,1,72,51,61,64,57,183,80,Blackburn Rovers,,,B. Chrisene
Y. Mosquera CB RB,22,70,79,256666,Right,72,CB,9,3300000.0,24000.0,0.0,216,35,20,69,61,31,223,41,40,29,54,59,348,76,80,69,68,55,304,45,81,68,75,35,257,70,70,35,45,37,65,207,70,69,68,41,8,7,8,10,8,1596,351,1,78,30,49,52,69,188,84,Villarreal,,,Y. Mosquera
A. Şimşir LW ST,21,68,80,256933,Right,70,CAM,12,3000000.0,9000.0,4500000.0,280,54,65,38,67,56,313,72,61,57,55,68,384,80,74,83,64,83,312,63,61,70,61,57,271,47,35,68,68,53,66,106,35,37,34,54,11,11,11,13,8,1720,369,1,77,62,62,72,36,177,71,Midtjylland,2028.0,,A. Şimşir
A. Grønbæk CAM CM,22,74,82,256949,Right,76,CAM,8,9500000.0,6000.0,14300000.0,327,68,70,55,73,61,351,75,69,62,70,75,392,78,76,85,69,84,355,67,72,86,65,65,336,68,64,72,76,56,76,188,62,64,62,48,8,12,13,6,9,1997,424,1,77,67,71,76,62,176,65,Bodø / Glimt,2028.0,,A. Grønbæk
A. Karabec RW,19,71,79,256970,Left,73,CAM,8,4000000.0,500.0,9600000.0,316,65,64,49,73,65,335,75,63,59,66,72,366,74,73,80,68,71,325,66,65,67,64,63,297,51,29,69,73,75,74,103,33,32,38,56,14,14,8,7,13,1798,377,1,73,65,69,74,34,185,74,Sparta Praha,2025.0,,A. Karabec
O. Traoré RB,25,73,75,257136,Right,73,RB,2,3500000.0,21000.0,6600000.0,259,67,44,55,64,29,289,70,61,35,54,69,376,85,88,69,60,74,341,62,74,85,62,58,320,75,66,68,60,51,68,211,66,74,71,52,10,14,6,15,7,1848,407,1,87,51,61,69,68,187,78,Heidenheim,2026.0,,O. Traoré
M. Kvistgaarden ST LW RW,21,68,78,257167,Right,70,ST,10,2700000.0,5000.0,4099999.9999999995,305,51,69,59,63,63,277,63,55,41,48,70,396,82,81,81,67,85,333,70,75,68,64,56,295,87,34,69,52,53,59,121,32,44,45,60,14,9,12,11,14,1787,380,1,81,66,55,68,40,175,68,Brøndby,2027.0,,M. Kvistgaarden
M. Okoye GK,23,71,77,257288,Right,71,GK,6,2400000.0,7000.0,4800000.0,77,15,6,11,39,6,101,14,13,11,45,18,186,23,26,32,64,41,224,49,60,34,75,6,102,26,18,8,36,14,37,48,16,16,16,349,71,69,65,70,74,1087,373,1,71,69,65,74,24,198,94,Udinese,2027.0,,M. Okoye
A. Virginius RM ST,20,68,80,257319,Right,69,RW,12,2900000.0,9000.0,0.0,284,59,66,55,65,39,284,70,58,33,52,71,400,90,90,87,60,73,257,61,61,52,35,48,232,30,22,65,61,54,58,70,25,25,20,59,13,10,14,14,8,1586,346,1,90,59,59,71,27,175,65,Clermont,,,A. Virginius
I. Davies ST,21,67,74,257438,Right,69,ST,7,2100000.0,5000.0,0.0,299,53,72,58,60,56,247,66,48,30,36,67,381,82,83,78,67,71,302,63,69,61,54,55,261,52,28,69,48,64,60,58,13,23,22,48,14,7,7,7,13,1596,347,1,83,65,51,68,24,175,65,Kortrijk,,,I. Davies
F. Ioannidis ST,23,75,80,258015,Right,77,ST,5,8500000.0,850.0,19300000.0,326,43,77,74,68,64,319,74,67,50,53,75,354,72,75,69,72,66,380,74,85,72,79,70,295,59,19,78,59,80,75,60,13,23,24,39,6,13,10,5,5,1773,378,1,74,75,58,73,24,186,80,Panathinaikos,2027.0,,F. Ioannidis
M. Johnston RWB RB,19,65,75,258036,Right,65,RWB,10,1500000.0,2000.0,2600000.0,243,64,32,48,62,37,272,57,60,38,57,60,359,80,81,69,56,73,277,39,67,70,64,37,251,56,57,52,54,32,53,185,58,64,63,57,13,9,11,10,14,1644,359,1,81,36,59,60,59,185,76,Sturm Graz,2027.0,,M. Johnston
I. Grbić GK,27,75,78,258390,Right,75,GK,3,5500000.0,24000.0,11400000.0,77,14,9,11,35,8,101,15,20,13,32,21,187,34,28,30,71,24,227,56,64,27,73,7,112,27,15,9,42,19,33,38,13,13,12,370,76,71,74,73,76,1112,402,1,76,71,74,76,32,195,93,Sheffield United,2027.0,,I. Grbić
F. Jörgensen GK,21,73,80,258485,Right,73,GK,7,5500000.0,12000.0,12700000.0,90,16,5,11,38,20,80,8,14,6,36,16,234,41,41,53,60,39,230,57,61,35,62,15,80,20,9,7,36,8,27,24,7,8,9,370,71,75,76,73,75,1108,411,1,71,75,76,75,41,189,77,Villarreal,2025.0,,F. Jörgensen
M. Braunöder CM CDM,21,68,77,258505,Right,71,RWB,9,2700000.0,5000.0,0.0,260,67,35,46,72,40,329,68,69,56,67,69,399,82,74,84,73,86,311,60,58,83,47,63,314,71,67,59,69,48,66,186,66,62,58,53,9,14,13,7,10,1852,389,1,78,48,69,71,62,174,67,Como,,,M. Braunöder
Obrador LB,19,65,80,258507,Left,65,LB,15,1600000.0,13000.0,4300000.0,227,58,30,54,57,28,215,57,34,34,35,55,349,78,79,65,58,69,259,26,69,69,62,33,237,54,59,42,39,43,46,188,57,66,65,43,5,9,8,12,9,1518,339,1,79,31,48,57,61,182,69,Real Madrid,2024.0,,Obrador
K. Aktürkoğlu LM CAM,24,76,79,258580,Right,77,CAM,3,10000000.0,33000.0,19800000.0,320,70,74,52,69,55,368,79,77,75,66,71,414,87,82,88,77,80,341,72,62,86,44,77,285,46,24,76,75,64,68,109,25,43,41,47,11,7,12,9,8,1884,396,1,84,73,71,77,35,173,71,Galatasaray,2026.0,,K. Aktürkoğlu
S. Tovide ST,19,61,72,258749,Left,63,ST,11,725000.0,1000.0,1400000.0,264,49,59,52,52,52,253,61,47,45,43,57,374,84,81,76,57,76,351,59,80,75,79,58,294,83,39,60,58,54,58,112,39,41,32,47,9,12,10,10,6,1695,372,1,82,58,51,62,40,188,78,Colchester United,2026.0,,S. Tovide
K. Çalhanoğlu LWB LB LM,20,67,74,259022,Left,67,LWB,7,1900000.0,3000.0,3400000.0,282,72,45,52,65,48,311,67,70,54,55,65,363,77,77,76,62,71,316,62,69,68,64,53,289,67,58,59,60,45,52,181,56,64,61,60,11,12,14,11,12,1802,384,1,77,51,64,67,59,183,80,SpVgg Greuther Fürth,2025.0,,K. Çalhanoğlu
J. Chávez LWB LM,21,72,81,259027,Left,72,LWB,9,5000000.0,15000.0,10500000.0,290,69,58,56,70,37,290,69,58,38,53,72,372,85,85,73,69,60,333,71,75,75,64,48,315,63,63,68,58,63,66,196,62,70,64,59,15,13,9,14,8,1855,407,1,85,58,63,70,64,182,72,Lens,2027.0,,J. Chávez
M. Hilgers CB,22,74,83,259163,Right,76,CB,9,9000000.0,9000.0,15300000.0,239,33,42,69,69,26,239,57,30,27,67,58,334,74,69,62,68,61,318,62,79,76,75,26,295,76,75,35,49,60,69,228,75,78,75,55,9,10,14,12,10,1708,377,1,71,43,53,59,75,186,78,FC Twente,2026.0,,M. Hilgers
F. Rieder CAM CM,21,74,82,259306,Left,76,CAM,8,9500000.0,27000.0,20000000.0,279,54,70,38,75,42,372,74,75,74,74,75,386,75,74,82,67,88,343,73,58,80,59,73,319,53,54,69,79,64,74,157,45,59,53,58,13,9,12,13,11,1914,403,1,74,69,71,75,51,179,74,Rennes,2027.0,,F. Rieder
Cañizares GK,21,66,80,259317,Right,66,GK,14,1800000.0,15000.0,4800000.0,99,12,9,11,60,7,108,8,10,13,49,28,206,27,39,45,58,37,192,50,49,30,54,9,79,26,7,6,22,18,44,32,6,14,12,328,66,68,67,65,62,1044,360,1,66,68,67,62,32,186,81,Real Madrid,2024.0,,Cañizares
M. Ruggeri LWB LM CB,20,72,82,259584,Left,72,LWB,10,4900000.0,20000.0,9300000.0,306,74,43,65,71,53,321,68,69,50,63,71,316,64,69,54,72,57,321,69,71,71,70,40,304,70,69,71,59,35,57,210,70,71,69,56,11,12,11,14,8,1834,390,1,67,49,67,67,70,187,79,Atalanta,2026.0,,M. Ruggeri
J. Castillo CDM CM,22,67,72,259612,Right,68,CDM,5,1400000.0,3000.0,3000000.0,254,45,55,43,75,36,296,62,40,58,71,65,295,61,52,60,60,62,323,67,59,66,73,58,298,67,62,50,64,55,65,189,61,66,62,47,13,5,11,12,6,1702,370,1,56,57,64,63,61,184,80,Gil Vicente,2027.0,,J. Castillo
J. Hettwer RM ST,20,67,77,259627,Right,68,RM,10,2200000.0,1000.0,3600000.0,279,53,68,49,62,47,272,67,49,40,49,67,397,92,88,77,61,79,321,64,68,70,55,64,279,69,33,65,55,57,60,90,33,29,28,59,12,14,12,14,7,1697,373,1,90,65,55,68,33,184,72,Borussia Dortmund II,2027.0,,J. Hettwer
J. Zemura LWB LB LM,23,70,77,259634,Left,70,LWB,7,3000000.0,8000.0,6000000.0,242,64,41,44,67,26,270,66,56,29,52,67,363,81,72,70,68,72,264,42,61,75,55,31,276,58,66,55,55,42,60,197,65,67,65,50,11,10,13,8,8,1662,366,1,76,39,59,67,64,173,75,Udinese,2027.0,,J. Zemura
M. Röhl CAM CM CF,20,73,79,259714,Right,75,CAM,6,4700000.0,16000.0,8900000.0,307,59,61,57,76,54,304,74,49,39,67,75,359,72,81,68,72,66,338,63,71,78,70,56,317,56,64,76,75,46,66,181,58,64,59,50,11,14,10,7,8,1856,408,1,77,60,68,73,61,192,79,SC Freiburg,2027.0,,M. Röhl
A. Hackford ST,19,60,75,260192,Right,62,ST,15,600000.0,4000.0,0.0,228,24,62,39,50,53,205,58,32,29,27,59,372,88,84,70,57,73,289,60,64,53,62,50,222,29,19,64,44,66,45,40,12,17,11,48,7,6,9,15,11,1404,314,1,86,59,38,60,18,177,68,Burton Albion,,,A. Hackford
M. Bulat CM CDM,21,69,79,261143,Right,73,RM,10,3100000.0,500.0,7400000.0,342,79,58,61,75,69,373,66,73,81,77,76,370,78,84,77,59,72,363,86,72,76,58,71,312,67,55,54,68,68,74,181,57,67,57,55,13,9,14,10,9,1996,418,1,81,67,75,70,60,179,68,Dinamo Zagreb,2028.0,,M. Bulat
M. Richter RM CAM CF,25,74,75,238068,Right,75,CAM,1,5000000.0,23000.0,9400000.0,352,69,74,68,71,70,360,80,70,69,65,76,385,85,64,79,75,82,369,77,79,69,65,79,279,41,40,73,69,56,76,145,38,56,51,47,12,13,7,5,10,1937,404,2,73,74,69,78,48,176,74,FSV Mainz 05,2027.0,,M. Richter
N. Bustos ST LM,24,73,78,238194,Right,75,ST,5,4700000.0,13000.0,7400000.0,336,65,74,63,71,63,349,75,73,68,60,73,403,80,82,82,73,86,369,76,77,76,68,72,298,62,27,75,63,71,75,93,33,29,31,61,11,14,10,14,12,1909,399,1,81,73,67,76,33,176,64,Talleres Córdoba,2025.0,,N. Bustos
A. Sigurðsson LM,24,70,75,238196,Right,71,CAM,5,2400000.0,20000.0,4700000.0,310,67,70,39,68,66,322,71,62,56,62,71,370,76,76,80,64,74,322,70,58,69,57,68,287,48,42,69,68,60,66,116,45,39,32,43,8,7,10,7,11,1770,381,1,76,69,66,71,41,177,75,Blackburn Rovers,2025.0,,A. Sigurðsson
M. Pongračić CB,25,76,80,238370,Right,78,CB,4,9500000.0,15000.0,17800000.0,218,27,21,78,67,25,245,59,34,25,63,64,320,62,70,63,72,53,293,40,86,60,85,22,262,78,72,28,54,30,69,226,74,78,74,39,6,6,14,8,5,1603,358,1,66,26,52,62,75,193,85,Lecce,2026.0,,M. Pongračić
É. Youan LM ST RM,24,72,75,238509,Right,73,LM,3,3200000.0,6000.0,5800000.0,316,62,70,57,64,63,310,76,68,40,55,71,411,88,85,87,70,81,342,70,76,69,63,64,274,49,30,66,71,58,64,123,28,50,45,59,15,10,14,14,6,1835,394,1,86,68,63,75,40,183,70,Hibernian,2026.0,,É. Youan
E. Pinnock CB,30,79,79,238717,Left,79,CB,0,14500000.0,56000.0,27600000.0,249,42,33,77,64,33,271,63,40,37,65,66,327,65,74,51,77,60,333,53,86,77,86,31,301,81,79,39,58,44,71,244,83,82,79,41,5,9,13,6,8,1766,391,1,70,37,56,64,81,194,79,Brentford,2027.0,,E. Pinnock
Óscar CM LM RM,25,74,78,239335,Right,77,CAM,4,6000000.0,21000.0,0.0,329,66,76,45,77,65,390,75,78,85,76,76,324,58,56,64,76,70,318,72,54,55,56,81,325,47,70,73,78,57,74,157,47,62,48,46,12,7,9,11,7,1889,391,1,57,75,75,74,56,174,67,Getafe,,,Óscar
P. Struijk CB LB,23,74,79,239360,Left,76,CB,5,6000000.0,29000.0,11900000.0,264,42,42,73,73,34,275,62,42,32,69,70,295,57,58,53,73,54,329,66,78,74,79,32,313,74,75,44,56,64,75,221,74,74,73,54,14,8,8,10,14,1751,378,1,58,46,59,64,74,190,79,Leeds United,2027.0,,P. Struijk
P. Köhn GK,25,75,79,239364,Right,75,GK,4,6000000.0,29000.0,11900000.0,72,11,8,12,35,6,105,23,10,14,30,28,245,48,43,56,72,26,213,51,64,28,63,7,117,28,12,7,54,16,32,39,12,13,14,367,76,73,68,74,76,1158,413,1,76,73,68,76,46,190,80,Monaco,2028.0,,P. Köhn
M. Bakker LWB LM LB,23,73,78,239368,Left,74,LWB,5,4300000.0,27000.0,7600000.0,296,65,50,70,73,38,310,71,59,46,65,69,361,80,83,65,69,64,357,75,84,75,76,47,317,79,69,63,58,48,63,213,71,73,69,49,14,7,11,8,9,1903,418,1,82,54,65,69,71,185,87,Atalanta,2027.0,,M. Bakker
Z. Flemming CAM,24,74,76,239373,Right,76,CAM,2,5500000.0,22000.0,10900000.0,355,65,74,73,75,68,368,73,75,75,70,75,352,67,75,67,73,70,394,78,81,82,77,76,342,77,49,75,73,68,73,168,58,59,51,44,13,7,7,8,9,2023,426,1,71,75,72,73,57,185,84,Millwall,2025.0,,Z. Flemming
B. Manu ST RM LM,26,70,71,239397,Right,74,RW,1,1900000.0,15000.0,3600000.0,310,62,71,48,68,61,296,76,47,37,61,75,429,92,89,88,70,90,340,70,73,72,69,56,297,69,35,73,66,54,69,106,31,42,33,50,8,10,14,8,10,1828,404,1,90,67,63,77,37,170,70,Darmstadt 98,2024.0,,B. Manu
K. Wagner LB LWB LM,26,76,77,239704,Left,76,LB,1,8000000.0,9000.0,12600000.0,296,78,36,66,74,42,338,70,62,68,68,70,361,77,78,72,65,69,374,74,81,90,76,53,294,76,67,65,56,30,69,227,76,77,74,67,14,13,13,13,14,1957,418,1,78,48,69,70,73,182,78,Philadelphia Union,2026.0,,K. Wagner
A. Madibo CDM CM,26,65,68,239878,Right,68,CB,3,0.0,0.0,0.0,223,45,35,51,61,31,250,57,42,34,57,60,376,84,80,71,58,83,304,45,76,75,72,36,285,80,67,46,51,41,56,200,65,67,68,60,12,11,15,7,15,1698,374,1,82,38,53,61,65,168,72,Qatar,,,A. Madibo
D. Man RM LM RW,24,75,78,239978,Left,76,LM,3,7500000.0,5000.0,12600000.0,347,69,72,68,73,65,355,78,71,69,62,75,393,85,86,90,67,65,382,76,83,76,74,73,308,61,40,67,68,72,69,131,38,48,45,46,5,13,7,8,13,1962,421,1,86,72,69,77,45,183,82,Parma,2025.0,,D. Man
M. Nzola ST,26,78,79,240452,Left,79,ST,1,17000000.0,57000.0,30200000.0,333,52,80,72,69,60,323,75,64,44,62,78,383,87,90,66,78,62,400,78,93,78,89,62,302,68,29,78,53,74,76,72,20,24,28,60,12,14,6,13,15,1873,410,1,89,75,60,75,29,185,82,Fiorentina,2027.0,,M. Nzola
Ander Guevara CM CDM,25,75,78,240458,Right,77,CM,3,7500000.0,21000.0,17100000.0,305,60,69,54,78,44,340,68,61,59,76,76,304,51,41,67,76,69,325,52,60,79,66,68,333,68,73,66,75,51,76,222,72,79,71,65,14,12,11,14,14,1894,393,1,46,63,72,71,72,180,73,Deportivo Alavés,2027.0,,Ander Guevara
Carles Pérez RM CF,25,76,77,240654,Left,77,CAM,1,9000000.0,22000.0,19600000.0,343,68,73,62,76,64,355,80,62,65,65,83,402,81,79,81,76,85,363,85,76,64,64,74,277,55,23,74,68,57,57,109,38,37,34,48,11,5,13,7,12,1897,404,1,80,74,70,80,37,173,75,Celta de Vigo,2027.0,,Carles Pérez
M. Merentiel ST,27,76,76,240663,Right,76,ST,0,8000000.0,21000.0,12000000.0,316,26,79,71,73,67,302,73,46,59,51,73,380,77,77,72,77,77,381,75,78,81,78,69,295,68,20,79,64,64,75,100,44,34,22,47,8,14,11,9,5,1821,395,1,77,75,56,73,37,175,70,Boca Juniors,2026.0,,M. Merentiel
R. Norrington-Davies LWB CB LB,24,69,73,240773,Left,69,LWB,4,1900000.0,13000.0,3900000.0,266,68,41,52,65,40,285,64,55,46,58,62,349,74,73,66,59,77,299,48,67,78,63,43,269,65,63,51,47,43,57,199,68,68,63,60,14,14,12,9,11,1727,372,1,73,43,60,64,65,181,70,Sheffield United,2024.0,,R. Norrington-Davies
T. Campbell ST LM,23,68,72,240783,Left,70,ST,4,1800000.0,11000.0,3600000.0,314,59,66,64,63,62,296,71,56,54,46,69,368,83,80,69,69,67,342,67,82,57,72,64,287,58,28,67,61,73,65,86,31,31,24,58,6,13,13,12,14,1751,374,1,81,66,58,70,33,183,75,Stoke City,2024.0,,T. Campbell
Gorosabel RB,26,76,77,241049,Right,76,RB,1,8000000.0,21000.0,18200000.0,297,75,38,70,75,39,316,71,63,39,70,73,369,72,76,70,76,75,321,52,75,70,66,58,312,65,75,67,67,38,68,223,73,76,74,49,8,6,10,10,15,1887,403,1,74,46,70,72,74,174,70,Deportivo Alavés,2024.0,,Gorosabel
Junior Firpo LB,26,73,74,241184,Left,73,LB,1,3300000.0,31000.0,6500000.0,328,73,60,69,71,55,312,72,63,43,64,70,335,72,73,62,66,62,339,66,76,70,70,57,330,76,74,73,65,42,68,208,65,73,70,49,7,7,7,14,14,1901,411,2,73,60,67,69,70,184,78,Leeds United,2025.0,,Junior Firpo
P. Pfeiffer CB,23,72,76,241590,Right,74,CB,4,3000000.0,15000.0,5600000.0,233,34,30,71,64,34,237,57,29,28,61,62,292,63,80,42,69,38,320,51,85,66,90,28,251,75,70,39,28,39,68,209,72,70,67,56,13,11,10,11,11,1598,362,1,72,35,47,57,70,196,91,FC Augsburg,2027.0,,P. Pfeiffer
V. Johansson GK,24,71,74,241643,Right,71,GK,3,2000000.0,7000.0,3900000.0,70,11,6,11,34,8,90,13,13,13,40,11,187,35,28,30,59,35,167,51,45,27,39,5,89,19,6,5,45,14,32,31,9,12,10,353,72,69,68,71,73,987,385,1,72,69,68,73,32,186,74,Rotherham United,2025.0,,V. Johansson
J. Sands CDM CM CB,22,71,76,242214,Right,72,CDM,5,2600000.0,5000.0,4000000.0,278,46,55,67,72,38,283,65,38,40,69,71,298,48,54,58,72,66,311,53,74,74,70,40,295,74,71,49,64,37,60,205,68,69,68,41,10,7,7,12,5,1711,369,1,51,50,61,66,69,186,73,New York City,2027.0,,J. Sands
I. Ivušić GK,28,73,75,242288,Right,73,GK,2,0.0,0.0,0.0,56,12,9,10,18,7,80,12,13,12,25,18,259,42,40,56,73,48,232,54,65,36,71,6,105,33,8,7,45,12,51,44,20,13,11,359,73,71,72,70,73,1135,400,1,73,71,72,73,41,195,88,Croatia,,,I. Ivušić
L. Ashby-Hammond GK,22,58,68,242382,Right,58,GK,10,400000.0,6000.0,0.0,66,13,8,11,28,6,69,13,10,10,15,21,139,23,26,25,45,20,146,42,37,15,43,9,101,14,8,4,32,43,38,33,9,14,10,289,59,58,56,54,62,843,313,1,59,58,56,62,24,185,76,Notts County,,,L. Ashby-Hammond
C. Klarer CB,23,72,78,242386,Right,74,CB,6,3400000.0,14000.0,6800000.0,242,32,37,68,70,35,235,48,29,33,60,65,283,59,66,49,69,40,288,44,75,62,78,29,256,71,71,32,35,47,59,220,75,75,70,46,8,8,14,6,10,1570,349,1,63,37,50,54,73,191,82,Darmstadt 98,2027.0,,C. Klarer
F. Dahmen GK,25,75,79,242818,Right,75,GK,4,6000000.0,18000.0,11300000.0,81,14,8,12,42,5,117,25,13,12,37,30,271,47,43,52,73,56,206,59,58,31,52,6,107,20,13,9,54,11,33,42,19,12,11,372,74,70,78,72,78,1196,417,1,74,70,78,78,45,188,80,FC Augsburg,2026.0,,F. Dahmen
K. Sessa RM CM,22,70,75,242974,Right,71,RM,5,2400000.0,14000.0,4500000.0,311,67,57,58,69,60,324,71,60,55,67,71,394,85,79,85,65,80,310,63,65,78,45,59,290,64,55,58,66,47,66,189,56,68,65,55,6,13,12,13,11,1873,398,1,82,58,67,72,61,175,70,Heidenheim,2024.0,,K. Sessa
J. Scally RWB CB,20,74,80,243133,Right,74,RWB,6,6000000.0,16000.0,11400000.0,277,71,49,61,67,29,286,71,60,28,58,69,383,79,83,77,69,75,323,51,78,73,71,50,294,70,69,57,59,39,68,218,69,75,74,49,12,7,10,10,10,1830,407,1,81,49,63,71,71,184,80,Borussia Mönchengladbach,2027.0,,J. Scally
A. Benedyczak LM ST RM,22,72,79,243154,Right,73,ST,7,4800000.0,4000.0,8600000.0,338,67,73,70,69,59,307,72,62,44,60,69,351,83,84,64,64,56,381,73,86,76,79,67,295,63,29,68,65,70,53,81,33,24,24,59,12,15,13,7,12,1812,395,1,84,71,65,68,32,191,78,Parma,2025.0,,A. Benedyczak
O. Pikhalyonok CM CAM,26,68,71,243256,Left,70,CAM,3,0.0,0.0,0.0,273,50,63,49,72,39,294,68,42,47,71,66,331,69,64,59,63,76,302,68,52,72,47,63,323,67,54,64,73,65,68,165,53,59,53,49,10,10,12,6,11,1737,374,1,66,63,65,67,55,179,72,Ukraine,,,O. Pikhalyonok
Josep Martínez GK,25,74,78,243311,Right,74,GK,4,4600000.0,15000.0,8600000.0,62,12,6,11,27,6,66,8,11,12,24,11,181,24,30,32,73,22,211,50,54,42,58,7,116,24,11,11,52,18,42,43,15,13,15,359,75,71,66,73,74,1038,385,1,75,71,66,74,26,191,78,Genoa,2025.0,,Josep Martínez
D. Sanderson CB,23,68,74,243612,Right,70,CB,6,1700000.0,6000.0,3600000.0,254,56,39,64,60,35,244,56,38,32,61,57,331,75,73,66,64,53,309,45,81,67,78,38,274,76,67,51,48,32,56,202,68,68,66,39,7,9,6,10,7,1653,368,1,74,40,54,58,67,188,78,Birmingham City,2027.0,,D. Sanderson
D. Kyereh CAM ST,27,74,74,244112,Right,75,CF,0,4500000.0,24000.0,7700000.0,333,58,75,59,72,69,339,81,60,60,60,78,400,78,73,90,73,86,331,71,70,65,58,67,271,44,30,74,71,52,65,81,29,25,27,39,5,8,5,10,11,1794,381,1,75,71,66,80,31,179,73,SC Freiburg,2026.0,,D. Kyereh
L. Majer CM CAM,25,78,81,244261,Left,81,CAM,3,18500000.0,44000.0,32799999.999999996,354,79,71,55,82,67,409,83,86,77,79,84,371,75,59,84,78,75,362,76,70,79,65,72,360,63,63,76,78,80,78,183,58,59,66,44,9,12,12,5,6,2083,430,2,66,73,80,83,60,178,76,VfL Wolfsburg,2028.0,,L. Majer
N. Moro CDM CM,25,74,79,244270,Right,77,CM,5,5500000.0,24000.0,9800000.0,344,65,71,69,75,64,361,73,60,70,81,77,342,69,72,69,72,60,394,83,78,83,76,74,342,70,68,60,76,68,77,208,69,69,70,52,9,9,10,13,11,2043,436,1,71,73,73,73,69,185,77,Bologna,2027.0,,N. Moro
T. Teuma CM CAM,29,79,79,244309,Left,79,CM,0,17000000.0,31000.0,34000000.0,356,77,73,51,79,76,393,78,78,76,80,81,363,69,68,72,78,76,393,87,69,82,74,81,397,80,76,77,82,82,80,225,75,76,74,45,8,10,12,6,9,2172,453,1,68,78,79,78,73,176,73,Stade de Reims ,2027.0,,T. Teuma
Luís Maximiano GK,24,77,81,244316,Right,77,GK,4,12000000.0,27000.0,0.0,75,10,5,8,44,8,93,16,9,9,38,21,279,55,55,58,78,33,216,53,68,23,68,4,97,12,9,6,57,13,56,49,21,15,13,375,78,75,71,71,80,1184,430,1,78,75,71,80,55,190,82,Almería,,,Luís Maximiano
B. Mykhailichenko LB,26,71,72,244428,Left,71,LB,1,0.0,0.0,0.0,301,72,51,58,69,51,336,72,67,65,65,67,373,74,75,78,68,78,347,72,71,73,67,64,315,78,68,64,63,42,68,206,67,68,71,44,7,9,10,7,11,1922,410,1,75,58,68,71,67,179,74,Ukraine,,,B. Mykhailichenko
Javi Hernández LB CB,25,72,77,244523,Left,73,LWB,5,3200000.0,8000.0,0.0,290,73,45,63,68,41,339,65,70,71,64,69,345,72,70,69,70,64,373,72,84,77,72,68,299,65,71,62,59,42,67,210,71,71,68,47,14,6,9,6,12,1903,403,1,71,56,67,67,70,182,75,Cádiz,,,Javi Hernández
Bruno Costa CM CAM,26,72,73,244960,Right,73,CAM,1,2700000.0,5000.0,5900000.0,316,71,70,46,75,54,345,72,66,59,74,74,361,72,63,77,68,81,334,74,60,67,57,76,342,66,68,70,70,68,65,189,55,70,64,50,12,9,12,12,5,1937,406,1,67,71,72,73,62,174,68,Vizela,2024.0,,Bruno Costa
M. Bauer CB,23,72,79,245347,Right,74,CB,7,4400000.0,15000.0,8800000.0,220,31,22,71,65,31,216,46,32,24,57,57,289,53,54,50,74,58,280,39,77,64,79,21,238,69,72,22,38,37,53,221,77,74,70,58,12,15,12,14,5,1522,327,1,54,26,48,52,74,189,84,FC Augsburg,2027.0,,M. Bauer
D. Chambost CM RM CAM,25,69,72,245855,Left,71,CAM,3,1800000.0,5000.0,3400000.0,320,65,65,58,73,59,336,66,61,67,71,71,332,67,59,72,66,68,344,68,68,74,68,66,310,58,56,65,71,60,70,157,48,58,51,51,11,11,8,11,10,1850,388,1,63,65,70,68,54,177,70,Saint-Étienne,2024.0,,D. Chambost
D. Maeda LW RW ST,25,74,75,246321,Right,75,ST,1,5000000.0,45000.0,9400000.0,351,63,71,73,72,72,317,74,63,57,53,70,436,92,93,89,77,85,382,76,85,92,62,67,333,76,55,76,66,60,67,176,62,59,55,40,5,9,5,9,12,2035,437,1,93,71,65,75,60,173,68,Celtic,2027.0,,D. Maeda
A. Patterson GK,23,72,82,246417,Right,72,GK,10,4500000.0,15000.0,9500000.0,80,13,3,8,48,8,95,6,10,13,57,9,196,19,32,40,68,37,188,54,51,21,58,4,114,28,8,4,62,12,36,32,5,14,13,355,71,69,72,68,75,1060,379,1,71,69,72,75,24,189,87,Sunderland,2028.0,,A. Patterson
A. Okonkwo GK,21,66,75,246671,Right,66,GK,9,1700000.0,11000.0,0.0,68,10,6,12,33,7,78,9,12,20,20,17,222,44,44,40,63,31,187,47,54,29,50,7,91,20,11,6,35,19,30,38,13,13,12,325,64,65,63,67,66,1009,369,1,64,65,63,66,44,196,84,Wrexham,,,A. Okonkwo
L. Agoumé CDM CM,21,71,80,246683,Right,73,CM,9,4000000.0,25000.0,0.0,287,58,51,59,76,43,316,73,57,42,69,75,317,67,56,65,69,60,329,59,69,73,70,58,323,64,71,66,71,51,74,198,67,69,62,57,7,12,11,12,15,1827,392,1,61,54,68,72,67,188,72,Sevilla,,,L. Agoumé
E. Barrenechea CDM CM,22,68,79,246871,Right,70,CM,11,2600000.0,24000.0,0.0,284,49,58,45,73,59,320,71,57,49,72,71,318,65,60,64,64,65,333,71,60,69,66,67,319,66,66,59,66,62,66,187,59,65,63,45,7,9,14,9,6,1806,386,1,62,63,65,69,61,186,81,Frosinone,,,E. Barrenechea
Um Won Sang RM RW ST,24,74,77,246937,Right,75,RM,3,6000000.0,10000.0,8300000.000000001,307,64,72,41,63,67,325,79,64,61,53,68,437,93,93,92,74,85,333,68,69,74,66,56,314,61,44,80,60,69,61,100,34,35,31,52,15,10,11,10,6,1868,402,1,93,68,61,76,37,173,63,Ulsan,2025.0,,Um Won Sang
Ibañez CB,24,80,84,247257,Right,82,CB,4,27000000.0,34000.0,47900000.0,232,34,27,79,63,29,227,45,32,35,40,75,377,85,85,69,76,62,324,45,91,85,78,25,280,83,85,32,34,46,74,245,78,81,86,47,12,7,10,6,12,1732,384,2,85,32,45,60,81,185,73,Al Ahli Jeddah,2027.0,,Ibañez
Cho Gue Sung ST,25,71,74,247686,Right,73,ST,3,2500000.0,18000.0,3400000.0,314,42,74,72,60,66,278,65,58,44,42,69,369,75,80,80,72,62,385,71,88,79,83,64,285,69,23,70,53,70,58,73,30,23,20,48,13,9,10,11,5,1752,377,1,78,71,51,68,30,188,82,Midtjylland,2028.0,,Cho Gue Sung
K. Palmer CAM LM,26,70,71,225441,Right,71,CAM,1,1900000.0,23000.0,3800000.0,319,66,63,57,72,61,354,74,71,70,69,70,351,68,64,77,65,77,338,68,73,54,77,66,316,76,44,67,72,57,71,174,48,63,63,59,7,16,9,11,16,1911,398,1,66,64,70,73,54,181,68,Coventry City,2025.0,,K. Palmer
O. Burke RM ST,26,68,68,225632,Right,68,RM,0,1300000.0,10000.0,0.0,302,63,65,54,66,54,309,68,63,62,57,59,372,81,88,68,66,69,358,73,79,68,79,59,271,58,36,66,60,51,63,99,34,38,27,53,13,11,7,7,15,1764,386,1,85,64,63,65,37,188,82,Birmingham City,,,O. Burke
B. Godfrey CB RB LB,25,74,76,225793,Right,76,CB,2,4700000.0,29000.0,9300000.0,273,56,35,72,70,40,266,60,43,33,65,65,361,72,90,65,70,64,334,53,84,63,79,55,297,81,70,46,56,44,66,224,72,75,77,50,7,6,12,14,11,1805,398,2,82,44,60,63,73,183,79,Everton,2025.0,,B. Godfrey
M. Niakhaté CB,27,77,79,225859,Left,79,CB,2,11000000.0,55000.0,21700000.0,287,63,37,78,70,39,271,65,41,36,65,64,336,62,86,60,77,51,318,49,85,63,83,38,335,76,78,49,58,74,73,230,77,78,75,44,9,14,6,8,7,1821,398,2,75,42,62,65,77,190,85,Nottingham Forest,2025.0,,M. Niakhaté
R. Oxford CB CDM,24,74,79,225908,Right,76,CB,5,6000000.0,19000.0,11300000.0,233,34,23,74,66,36,260,59,44,36,58,63,322,66,65,62,76,53,316,49,83,65,82,37,283,72,74,34,55,48,67,224,75,77,72,51,10,11,7,9,14,1689,364,1,65,33,54,61,75,193,86,FC Augsburg,2025.0,,R. Oxford
N. Mukiele RB RWB CB,25,79,81,226166,Right,81,CB,2,20000000.0,68000.0,38500000.0,294,71,40,72,72,39,315,71,68,33,69,74,356,76,78,65,72,65,362,67,85,79,79,52,333,83,81,60,64,45,71,243,79,83,81,57,10,7,14,11,15,1960,425,2,77,49,68,71,80,187,84,Paris Saint Germain,2027.0,,N. Mukiele
G. Martínez RM CAM,30,75,75,226377,Left,75,RM,0,5500000.0,18000.0,7700000.0,319,75,70,32,68,74,388,82,81,75,71,79,390,82,69,82,71,86,321,79,60,49,59,74,305,51,27,71,76,80,77,107,47,29,31,55,6,9,13,12,15,1885,391,2,75,73,72,81,35,172,75,River Plate,2024.0,,G. Martínez
B. Pavard CB RB,27,83,84,226851,Right,84,CB,1,36500000.0,95000.0,64800000.0,369,76,49,84,79,81,341,68,66,51,79,77,364,71,75,66,84,68,399,80,88,81,80,70,338,75,86,60,66,51,78,254,85,86,83,53,9,7,15,7,15,2118,446,3,73,62,74,72,85,186,81,Inter,2028.0,,B. Pavard
Álex Remiro GK,28,84,86,227127,Right,84,GK,2,36000000.0,43000.0,78300000.0,89,12,13,13,36,15,105,19,14,17,29,26,275,40,46,70,79,40,254,60,68,42,73,11,124,34,20,11,35,24,55,49,14,17,18,415,84,79,80,86,86,1311,457,2,84,79,80,86,42,192,79,Real Sociedad,2027.0,,Álex Remiro
B. Osayi-Samuel RB RM,25,75,77,227884,Right,76,RWB,2,6500000.0,26000.0,12800000.0,301,65,58,55,68,55,311,81,59,40,56,75,418,92,94,82,73,77,363,65,78,86,84,50,328,73,66,66,60,63,63,208,66,73,69,64,15,13,9,14,13,1993,440,1,93,58,62,78,67,175,72,Fenerbahçe,2025.0,,B. Osayi-Samuel
D. Burnić CDM CM RM,25,69,72,228082,Left,70,CDM,3,1700000.0,7000.0,2800000.0,273,62,45,49,70,47,289,68,46,39,66,70,366,75,71,78,68,74,302,58,65,76,63,40,306,64,67,53,67,55,63,200,66,68,66,51,10,11,10,9,11,1787,387,1,73,48,64,70,65,181,73,Karlsruher SC,2028.0,,D. Burnić
C. Carter-Vickers CB,25,77,82,228174,Right,79,CB,5,14000000.0,45000.0,26300000.0,237,37,24,74,76,26,270,65,36,30,68,71,380,71,79,74,78,78,328,59,88,70,90,21,274,80,72,27,57,38,77,221,76,76,69,53,13,6,8,16,10,1763,392,1,75,31,59,70,74,183,92,Celtic,2029.0,,C. Carter-Vickers
O. Abildgaard CDM CM,27,73,74,229082,Left,74,CB,1,3100000.0,4000.0,5200000.0,325,55,58,76,75,61,333,69,62,61,69,72,323,52,66,62,73,70,384,74,81,79,82,68,323,73,68,68,69,45,70,211,68,72,71,51,11,9,10,11,10,1950,410,1,60,63,68,70,70,192,86,Como,2024.0,,O. Abildgaard
L. de la Torre CM LM,25,73,76,229379,Right,75,CM,3,4000000.0,18000.0,8700000.0,309,72,66,42,77,52,352,74,66,60,76,76,354,72,57,76,68,81,307,58,54,89,52,54,321,54,64,71,71,61,67,191,63,66,62,54,11,14,12,7,10,1888,397,1,64,61,73,75,62,177,63,Celta de Vigo,2026.0,,L. de la Torre
H. Souttar CB,24,72,73,229901,Right,73,CB,1,2600000.0,23000.0,4900000.0,213,24,25,73,68,23,241,54,26,31,66,64,242,41,52,52,67,30,289,33,77,66,87,26,258,71,72,26,49,40,64,213,70,72,71,64,12,12,12,15,13,1520,332,1,47,28,51,57,71,198,79,Leicester City,2028.0,,H. Souttar
Nailton Suzuki CAM CF ST,27,81,81,230384,Right,81,CAM,0,27500000.0,47000.0,49500000.0,351,67,72,64,85,63,389,84,70,67,83,85,386,85,79,75,80,67,384,75,81,75,74,79,319,54,53,82,75,55,78,144,50,52,42,45,8,9,12,8,8,2018,437,1,82,73,77,82,52,180,75,Atlético Mineiro,2026.0,,Nailton Suzuki
Z. Elbouzedi RM RWB,25,61,62,230847,Right,61,RM,1,400000.0,1000.0,0.0,256,56,53,41,56,50,284,58,52,59,55,60,363,85,89,74,53,62,284,57,61,57,57,52,237,41,33,55,54,54,57,107,31,35,41,47,6,11,13,10,7,1578,345,1,87,54,55,60,35,184,77,Swindon Town,,,Z. Elbouzedi
J. Aribo CM CAM,26,73,74,231044,Left,74,CAM,1,3600000.0,34000.0,7100000.0,331,66,62,65,76,62,346,74,66,59,72,75,376,76,76,77,72,75,363,70,79,80,74,60,352,69,69,72,76,66,75,191,64,65,62,50,14,13,11,5,7,2009,427,1,76,64,72,75,65,183,76,Southampton,2026.0,,J. Aribo
J. Lucumí CB,25,74,81,231207,Left,76,CB,7,7500000.0,24000.0,14300000.0,252,61,23,73,72,23,267,58,39,31,71,68,329,67,69,63,70,60,305,38,84,71,84,28,252,73,74,33,36,36,71,221,70,76,75,42,6,11,10,8,7,1668,370,1,68,28,59,63,73,187,82,Bologna,2025.0,,J. Lucumí
A. Ounas RM ST,26,74,74,231242,Left,74,RM,0,4600000.0,27000.0,8700000.0,320,68,64,51,72,65,364,80,72,69,65,78,404,86,80,90,66,82,327,68,67,71,53,68,324,77,47,68,72,60,65,129,28,54,47,41,8,6,8,7,12,1909,405,2,83,66,70,79,44,172,65,LOSC Lille,2024.0,,A. Ounas
C. Borthwick-Jackson LB LWB,26,62,63,231535,Left,62,LB,1,425000.0,2000.0,0.0,254,59,42,56,57,40,273,56,59,46,54,58,303,66,65,56,58,58,303,53,70,65,72,43,284,66,58,56,58,46,58,175,58,59,58,45,6,11,8,11,9,1637,351,1,65,45,57,57,58,189,73,Ross County,,,C. Borthwick-Jackson
Rafa Mir ST,26,77,80,231628,Right,79,ST,3,14000000.0,29000.0,30500000.0,377,69,76,81,73,78,322,72,64,60,52,74,360,73,82,67,74,64,407,82,92,74,85,74,326,69,39,79,64,75,75,120,42,43,35,54,12,11,15,10,6,1966,417,2,78,77,66,72,45,191,86,Sevilla,2027.0,,Rafa Mir
M. Wöber CB,25,77,79,231838,Left,79,CB,2,11500000.0,39000.0,0.0,288,63,41,78,72,34,333,63,65,69,69,67,323,62,68,62,76,55,360,67,77,72,82,62,332,83,75,56,60,58,67,234,78,79,77,62,13,13,14,14,8,1932,406,1,65,52,67,65,78,188,85,Borussia Mönchengladbach,,,M. Wöber
Y. Yazıcı CAM RM ST,26,75,76,231887,Left,76,CAM,1,6500000.0,29000.0,12800000.0,361,72,73,68,77,71,388,78,81,75,75,79,345,63,66,75,72,69,367,76,73,72,72,74,325,66,38,75,77,69,73,134,40,52,42,47,10,12,5,13,7,1967,409,1,65,74,76,77,46,183,74,LOSC Lille,2024.0,,Y. Yazıcı
M. Grujić CM CDM,27,76,76,232099,Right,76,CM,0,8000000.0,14000.0,16000000.0,351,62,72,78,77,62,348,78,65,51,75,79,318,56,64,67,75,56,389,76,83,80,83,67,361,78,74,75,77,57,80,217,71,76,70,56,9,14,8,12,13,2040,434,1,60,71,72,76,74,191,88,Porto,2026.0,,M. Grujić
Ç. Söyüncü CB,27,77,78,232119,Right,78,CB,1,10500000.0,43000.0,0.0,281,46,39,74,74,48,270,62,39,39,64,66,328,61,75,61,76,55,335,65,81,63,82,44,308,86,76,42,52,52,76,227,75,77,75,34,6,7,7,7,7,1783,392,1,69,46,59,64,76,185,82,Fenerbahçe,,,Ç. Söyüncü
J. Bijlow GK,25,78,81,232229,Right,78,GK,3,14500000.0,13000.0,21400000.0,74,10,10,11,33,10,96,11,10,10,44,21,261,48,48,56,77,32,236,59,67,30,70,10,116,22,10,10,58,16,54,42,16,12,14,385,80,75,78,74,78,1210,433,2,80,75,78,78,48,188,76,Feyenoord,2026.0,,J. Bijlow
S. Colombatto CDM CM,26,75,78,232770,Left,76,CM,3,6500000.0,10000.0,10900000.0,336,81,67,60,77,51,383,69,80,82,76,76,353,70,68,72,70,73,379,77,73,81,73,75,367,77,72,69,74,75,68,214,67,75,72,54,7,12,13,12,10,2086,434,1,69,70,77,72,70,179,74,Real Oviedo,2027.0,,S. Colombatto
K. Machida CB,25,73,77,232873,Left,75,CB,4,3800000.0,12000.0,6000000.0,243,46,34,72,70,21,227,41,29,25,66,66,314,72,83,54,68,37,353,73,87,73,85,35,278,72,74,37,60,35,60,208,72,69,67,46,7,7,11,14,7,1669,381,1,78,42,58,52,71,190,80,Union Saint-Gilloise,2026.0,,K. Machida
L. Bolton RWB RM RW,23,64,68,233051,Right,66,RM,4,775000.0,4000.0,1400000.0,277,63,57,50,60,47,290,65,62,50,53,60,390,84,82,83,58,83,323,56,71,82,62,52,295,65,55,56,63,56,56,158,52,54,52,44,12,6,9,11,6,1777,384,1,83,55,60,65,53,174,72,Wrexham,2026.0,,L. Bolton
J. Pereyra LM RM,24,74,77,233092,Left,76,CM,3,6000000.0,10000.0,9200000.0,315,76,62,46,75,56,357,73,71,65,74,74,346,66,67,68,74,71,346,75,61,74,65,71,337,58,70,75,77,57,75,186,61,67,58,47,8,12,10,10,7,1934,411,1,67,67,75,73,63,181,71,Atlético Tucumán,2025.0,,J. Pereyra
C. Itten ST,26,73,74,233139,Right,74,ST,1,3600000.0,20000.0,5700000.0,346,62,73,77,66,68,291,66,50,48,59,68,339,68,70,64,74,63,394,78,88,72,85,71,307,73,29,74,63,68,70,99,28,35,36,41,9,9,9,7,7,1817,387,1,69,73,62,67,36,190,84,Young Boys,2027.0,,C. Itten
D. Henderson GK,26,79,82,233306,Right,79,GK,3,17500000.0,35000.0,34600000.0,86,14,9,13,45,5,119,13,13,10,48,35,303,55,56,61,75,56,228,58,68,32,64,6,125,35,11,8,55,16,60,43,15,14,14,391,80,78,77,75,81,1295,446,2,80,78,77,81,55,188,85,Crystal Palace,2028.0,,D. Henderson
J. Lotomba RB LB,24,75,78,234686,Right,75,RB,3,7000000.0,28000.0,13800000.0,290,69,44,59,72,46,303,71,61,39,59,73,375,78,78,73,73,73,321,58,73,78,66,46,300,61,72,58,59,50,65,216,72,71,73,58,12,15,9,9,13,1863,402,1,78,48,65,72,71,177,67,Nice,2025.0,,J. Lotomba
23 C. Acevedo GK,26,77,78,235183,Right,77,GK,1,0.0,0.0,0.0,87,10,14,11,35,17,110,20,14,13,35,28,327,63,63,70,72,59,243,51,85,44,48,15,119,16,14,12,60,17,64,49,26,11,12,378,81,72,68,77,80,1313,441,1,81,72,68,80,63,184,74,Mexico,,23,C. Acevedo
D. O'Shea CB,24,73,79,235405,Right,75,CB,6,4400000.0,28000.0,9700000.0,257,57,30,73,67,30,237,52,37,28,58,62,323,65,68,57,70,63,300,48,81,72,77,22,268,74,73,34,42,45,63,221,73,75,73,45,13,8,7,7,10,1651,362,1,67,33,55,58,74,188,74,Burnley,2027.0,,D. O'Shea
Domingos Quina LM CM CAM,23,67,72,235450,Right,70,CAM,5,1500000.0,5000.0,0.0,280,56,65,34,71,54,324,71,63,50,68,72,356,69,67,76,62,82,273,73,38,58,34,70,292,69,46,63,66,48,62,136,44,47,45,49,12,11,8,12,6,1710,361,1,68,66,65,71,44,173,66,Vizela,,,Domingos Quina
G. Maggiore CM CDM,25,75,78,236368,Right,77,CM,3,7500000.0,28000.0,14100000.0,296,58,58,57,76,47,322,73,59,42,75,73,357,70,74,67,79,67,350,71,69,81,68,61,357,73,76,79,76,53,76,219,68,76,75,37,6,8,9,8,6,1938,420,1,72,61,70,73,72,184,69,Salernitana,2026.0,,G. Maggiore
K. Csoboth LW RW,23,68,75,236449,Right,69,RM,7,0.0,0.0,0.0,281,60,65,50,63,43,321,71,70,59,53,68,395,88,90,72,61,84,279,56,59,72,40,52,237,32,28,59,62,56,58,62,20,25,17,55,11,9,14,12,9,1630,352,1,89,59,61,70,26,174,68,Hungary,,,K. Csoboth
J. Mateta ST,26,75,77,236461,Right,77,ST,2,7000000.0,39000.0,13800000.0,339,41,75,78,71,74,291,75,55,39,46,76,321,64,76,61,72,48,380,79,87,66,86,62,311,80,22,74,63,72,69,88,35,31,22,47,8,8,7,13,11,1777,387,1,71,73,57,72,34,192,88,Crystal Palace,2026.0,,J. Mateta
Pedro Díaz CM CDM CAM,25,71,76,236492,Right,73,CAM,5,2700000.0,6000.0,5100000.0,320,71,69,42,73,65,374,70,80,82,70,72,354,71,66,81,67,69,369,80,63,76,71,79,335,64,66,66,71,68,69,204,65,70,69,49,7,14,8,13,7,2005,420,1,68,73,73,71,65,180,78,Bordeaux,2027.0,,Pedro Díaz
Álvaro GK,25,74,78,236515,Left,74,GK,4,4600000.0,7000.0,7700000.0,61,9,8,9,29,6,95,14,14,13,26,28,285,44,51,68,74,48,211,51,59,37,59,5,96,22,14,5,41,14,52,32,10,11,11,363,75,71,68,73,76,1143,410,1,75,71,68,76,47,186,75,Huesca,2024.0,,Álvaro
R. Glatzel ST,29,74,74,236533,Right,74,ST,0,4200000.0,29000.0,6700000.0,330,39,77,81,58,75,266,65,50,40,38,73,297,64,64,53,75,41,395,77,89,80,85,64,276,59,24,77,48,68,69,73,20,28,25,57,10,11,14,13,9,1694,361,1,64,74,48,66,30,193,85,Hamburger SV,2027.0,,R. Glatzel
J. Tanganga RB CB RWB,24,72,77,236600,Right,76,CB,5,3300000.0,37000.0,0.0,269,65,28,70,70,36,287,72,54,37,56,68,348,66,76,68,72,66,290,52,80,58,81,19,308,85,72,47,59,45,71,221,74,74,73,53,11,9,12,7,14,1776,386,1,72,33,62,70,73,180,73,Millwall,,,J. Tanganga
F. Ballo-Touré LB LM,26,72,73,236723,Left,72,LB,1,2500000.0,34000.0,0.0,288,70,49,58,72,39,326,73,68,49,64,72,371,86,81,70,65,69,327,56,78,71,70,52,320,74,65,64,64,53,63,203,66,71,66,54,14,14,7,11,8,1889,410,1,83,51,67,71,67,182,70,Fulham,,,F. Ballo-Touré
A. Barák CM CAM CF,28,78,78,236791,Left,79,CAM,0,14000000.0,55000.0,23800000.0,374,77,76,68,81,72,391,80,77,72,79,83,365,73,73,73,77,69,395,82,78,82,75,78,355,64,64,79,78,70,80,193,61,67,65,62,14,15,10,12,11,2135,449,1,73,77,79,80,65,190,86,Fiorentina,2027.0,,A. Barák
R. Cannon RB CB RWB,25,72,75,237000,Right,73,CB,3,2900000.0,12000.0,5700000.0,243,55,30,62,63,33,271,66,55,21,61,68,397,86,89,82,67,73,332,48,87,84,82,31,295,79,70,59,54,33,59,204,66,69,69,47,6,14,10,6,11,1789,399,1,88,36,57,68,68,180,74,Queens Park Rangers,2027.0,,R. Cannon
K. Bare CDM CM,25,72,74,237184,Right,73,CDM,2,2600000.0,7000.0,4400000.0,278,62,50,55,69,42,315,71,63,42,69,70,367,73,72,74,71,77,350,73,73,83,73,48,341,76,71,60,70,64,70,212,70,71,71,60,13,12,11,11,13,1923,409,1,72,55,66,71,69,174,66,Espanyol,2024.0,,K. Bare
E. Latte Lath ST,24,69,74,237295,Right,71,ST,5,2100000.0,13000.0,4099999.9999999995,313,61,70,65,60,57,300,70,53,49,57,71,417,92,91,91,62,81,339,68,81,71,64,55,261,46,25,70,55,65,62,112,26,41,45,34,7,9,5,8,5,1776,386,1,91,66,58,72,36,176,72,Middlesbrough,2027.0,,E. Latte Lath
M. Berisha ST CF,25,78,81,237321,Right,80,ST,3,19000000.0,38000.0,33700000.0,373,69,80,72,75,77,375,75,80,77,65,78,360,74,73,69,78,66,392,83,83,75,76,75,329,67,32,81,73,76,75,96,38,32,26,38,10,5,10,7,6,1963,410,2,73,79,72,75,37,188,84,TSG Hoffenheim,2027.0,,M. Berisha
B. Lasme ST RM,24,68,73,237509,Right,70,ST,5,1800000.0,5000.0,3000000.0,284,48,63,59,61,53,276,68,58,38,52,60,340,81,93,66,65,35,383,80,86,65,89,63,240,47,14,64,49,66,48,63,34,12,17,52,12,14,6,6,14,1638,368,1,88,66,53,63,24,194,95,Schalke 04,2027.0,,B. Lasme
A. Maier CM RM CDM,24,75,78,237629,Right,77,CM,3,7500000.0,22000.0,14100000.0,301,71,59,49,79,43,337,75,56,53,76,77,353,66,70,68,77,72,364,75,68,78,77,66,319,61,70,73,77,38,74,213,71,72,70,49,14,10,10,8,7,1936,422,1,68,62,74,75,69,187,84,FC Augsburg,2025.0,,A. Maier
A. Murillo RB,27,73,73,237841,Right,73,RB,0,2900000.0,26000.0,5500000.0,301,70,56,69,68,38,329,71,63,58,66,71,371,80,83,72,68,68,348,68,81,76,72,51,339,72,70,67,68,62,71,207,66,71,70,57,5,15,12,11,14,1952,419,1,82,57,67,71,69,184,84,Olympique de Marseille,2026.0,,A. Murillo
W. Smallbone CM,23,71,78,237916,Right,73,CM,7,3700000.0,23000.0,7800000.0,299,52,65,50,73,59,346,72,65,67,70,72,354,68,61,74,70,81,323,65,61,74,59,64,318,52,66,66,71,63,69,203,65,70,68,44,13,6,9,8,8,1887,394,1,64,64,67,72,66,183,75,Southampton,2026.0,,W. Smallbone
S. Mané LM RM CF,31,85,85,208722,Right,85,LM,0,44500000.0,74000.0,71200000.0,397,78,83,78,83,75,383,85,77,64,71,86,426,82,83,86,87,88,395,85,84,79,70,77,350,75,35,84,81,75,84,122,42,42,38,56,10,10,15,7,14,2129,447,4,83,81,79,86,44,174,69,Al Nassr,2027.0,,S. Mané
R. Gauld CF ST LW,27,77,77,208919,Left,79,LM,0,11500000.0,11000.0,17300000.0,355,78,70,62,77,68,384,82,79,73,71,79,428,84,84,90,78,92,314,69,64,87,38,56,332,51,55,75,81,70,78,140,45,55,40,61,6,14,13,13,15,2014,415,1,84,67,77,82,51,169,62,Vancouver Whitecaps,2027.0,,R. Gauld
A. Romagnoli CB,28,83,83,210413,Left,83,CB,0,31500000.0,68000.0,53600000.0,250,36,30,81,75,28,271,68,35,24,69,75,329,69,69,55,82,54,348,63,87,68,84,46,277,82,85,31,45,34,77,258,86,86,86,52,9,14,12,8,9,1785,399,2,69,40,56,69,85,185,75,Lazio,2027.0,,A. Romagnoli
D. Machís LM RM,30,77,77,210463,Right,78,RW,0,10000000.0,13000.0,0.0,330,74,75,51,73,57,381,83,72,78,69,79,424,89,84,91,70,90,365,82,74,65,66,78,327,71,38,73,70,75,75,99,40,35,24,49,8,8,10,13,10,1975,421,2,86,76,72,82,38,174,74,Cádiz,,,D. Machís
Emerson LB,28,78,78,210736,Left,78,LB,0,12500000.0,63000.0,23800000.0,317,78,51,60,77,51,393,79,81,80,73,80,381,79,80,72,75,75,361,80,71,76,59,75,334,66,76,70,67,55,77,224,74,75,75,52,8,15,8,7,14,2062,434,2,80,63,75,78,73,176,79,West Ham United,2026.0,,Emerson
C. McGregor CDM CM,30,79,79,211093,Left,80,CM,0,14500000.0,56000.0,26100000.0,347,67,72,52,84,72,372,75,74,62,78,83,416,82,77,84,86,87,389,79,73,93,70,74,368,80,70,74,79,65,86,219,75,73,71,54,15,10,8,8,13,2165,459,1,79,74,77,80,71,178,74,Celtic,2028.0,,C. McGregor
N. Tagliafico LB,30,78,78,211256,Left,78,LB,0,12000000.0,34000.0,22800000.0,327,75,57,77,74,44,327,73,66,40,72,76,387,78,74,78,74,83,356,65,87,83,75,46,340,81,77,69,67,46,76,229,76,76,77,63,13,9,10,15,16,2029,432,3,76,56,70,75,76,172,65,Olympique Lyonnais,2025.0,,N. Tagliafico
D. Rugani CB,28,75,76,211320,Right,76,CB,1,5500000.0,72000.0,9800000.0,256,40,33,79,69,35,258,58,45,25,65,65,287,51,54,55,72,55,307,61,79,51,77,39,263,71,78,28,50,36,72,230,78,78,74,30,5,10,5,5,5,1631,356,2,53,40,55,61,78,193,86,Juventus,2024.0,,D. Rugani
Bruma LM CAM RW,28,77,77,211368,Right,77,LM,0,10500000.0,17000.0,21000000.0,331,70,74,53,70,64,373,83,77,70,61,82,422,91,88,90,66,87,344,75,71,70,56,72,305,56,38,73,70,68,68,81,26,27,28,52,11,13,8,12,8,1908,405,2,89,73,69,82,32,173,70,Sporting Braga,2027.0,,Bruma
M. Elneny CDM CM,30,75,75,211454,Right,75,CDM,0,4700000.0,71000.0,8700000.0,298,64,57,61,77,39,342,68,69,56,75,74,305,52,52,65,74,62,351,78,65,71,68,69,341,73,74,63,69,62,75,218,73,73,72,55,7,15,15,12,6,1910,398,1,52,63,71,70,72,179,72,Arsenal,2024.0,,M. Elneny
M. Dembélé ST,26,76,77,211591,Right,77,ST,1,9000000.0,32000.0,16000000.0,352,50,77,81,70,74,324,73,69,58,50,74,348,68,74,65,76,65,392,80,90,71,86,65,324,75,22,79,69,79,75,69,39,14,16,49,7,13,11,10,8,1858,390,2,71,75,62,72,30,187,79,Al Ettifaq,2025.0,,M. Dembélé
N. Maupay ST,26,74,75,211784,Right,75,ST,1,5000000.0,36000.0,0.0,358,61,76,73,74,74,318,66,63,55,59,75,374,76,63,76,78,81,372,79,81,74,67,71,330,80,26,77,69,78,70,118,30,55,33,52,11,12,7,8,14,1922,396,1,69,76,67,71,41,173,69,Brentford,,,N. Maupay
S. Tronstad CDM CM,27,71,71,212099,Right,71,CDM,0,1800000.0,24000.0,3400000.0,306,64,59,55,71,57,326,67,65,54,70,70,342,65,54,74,69,80,350,70,67,74,69,70,340,75,71,64,68,62,72,209,69,70,70,63,15,14,11,15,8,1936,400,1,59,64,68,70,68,174,70,Blackburn Rovers,2026.0,,S. Tronstad
M. Lowe LWB,26,72,75,212100,Left,72,LWB,3,2800000.0,22000.0,5800000.0,279,64,41,66,67,41,293,74,42,38,66,73,371,78,81,74,69,69,309,62,76,69,66,36,309,63,68,66,62,50,63,209,66,74,69,53,12,11,8,13,9,1823,398,1,80,46,63,73,69,175,74,Sheffield United,2024.0,,M. Lowe
L. Marković LM RM RW,29,71,71,212125,Right,71,LM,0,1800000.0,10000.0,3600000.0,321,65,63,58,67,68,349,74,79,62,62,72,401,83,85,86,69,78,308,65,66,64,49,64,297,41,49,69,68,70,72,108,32,39,37,45,8,9,15,6,7,1829,382,2,84,65,66,74,41,175,65,Gaziantep F.K.,2024.0,,L. Marković
P. Max LWB LM,29,75,75,212187,Left,75,LWB,0,4900000.0,31000.0,8300000.000000001,320,78,63,60,74,45,368,72,77,73,73,73,374,77,74,75,72,76,359,75,75,76,70,63,342,70,71,69,72,60,72,212,69,72,71,57,15,12,11,8,11,2032,429,2,75,65,74,73,70,177,77,Eintracht Frankfurt,2026.0,,P. Max
Y. Gerhardt CM,29,77,77,212245,Left,77,CM,0,10500000.0,45000.0,17900000.0,329,69,69,57,77,57,355,75,69,55,76,80,346,66,67,67,78,68,376,78,72,78,76,72,357,75,75,77,78,52,72,211,75,71,65,50,13,13,7,11,6,2024,433,2,67,70,74,75,71,184,81,VfL Wolfsburg,2026.0,,Y. Gerhardt
José Sá GK,30,79,79,212442,Right,79,GK,0,11500000.0,52000.0,21900000.0,112,18,15,14,48,17,111,17,12,21,42,19,284,52,53,62,77,40,252,53,72,34,75,18,131,35,18,17,50,11,45,48,14,19,15,384,80,75,70,78,81,1322,436,2,80,75,70,81,52,192,84,Wolverhampton Wanderers,2026.0,,José Sá
Alex Telles LB LM,30,79,79,212462,Left,79,LB,0,15000000.0,42000.0,24000000.0,357,83,63,66,79,66,399,77,87,79,78,78,376,77,78,74,77,70,386,87,74,81,61,83,386,76,78,75,75,82,75,225,74,76,75,58,13,8,12,11,14,2187,453,3,78,74,79,77,75,181,69,Al Nassr,2025.0,,Alex Telles
R. De Paul CM,29,84,84,212616,Right,84,CM,0,41000000.0,85000.0,86100000.0,368,78,76,58,85,71,412,82,84,76,85,85,393,80,76,78,81,78,408,80,79,92,79,78,392,82,80,78,86,66,81,231,75,81,75,56,13,12,10,7,14,2260,479,3,78,77,83,82,76,180,70,Atlético Madrid,2026.0,,R. De Paul
João Mário LM RM,30,81,81,212814,Right,81,LM,0,25000000.0,19000.0,50000000.0,369,79,81,55,85,69,389,83,77,67,77,85,377,71,70,77,81,78,363,78,69,78,65,73,377,63,67,81,82,84,86,191,64,65,62,45,6,15,8,8,8,2111,444,3,70,78,81,83,64,179,73,Benfica,2026.0,,João Mário
A. Tameze CB CM CDM,29,76,76,213242,Right,76,CB,0,6500000.0,38000.0,11100000.0,318,54,63,73,78,50,341,78,60,52,75,76,385,77,79,78,75,76,385,73,83,85,72,72,347,77,75,69,66,60,80,229,72,80,77,72,13,16,14,15,14,2077,442,1,78,66,68,77,76,182,80,Torino,2026.0,,A. Tameze
L. Vigouroux GK,29,65,65,213413,Left,65,GK,0,500000.0,9000.0,1000000.0,102,20,17,12,34,19,107,19,17,17,38,16,247,48,42,56,61,40,219,47,62,36,63,11,116,24,14,6,50,22,43,44,15,18,11,320,65,64,63,63,65,1155,366,1,65,64,63,65,46,194,77,Burnley,2026.0,,L. Vigouroux
G. Kamara CDM CM,27,74,74,213654,Right,74,CDM,0,4000000.0,34000.0,7600000.0,312,58,59,59,78,58,333,75,64,47,69,78,388,72,77,80,74,85,356,68,73,86,71,58,328,69,73,64,69,53,78,207,70,71,66,52,8,14,12,11,7,1976,425,1,75,61,69,77,69,181,73,Leeds United,2027.0,,G. Kamara
J. Gbamin CDM CM CB,27,69,69,214947,Right,70,CB,0,1300000.0,3000.0,2300000.0,297,68,40,68,68,53,323,64,62,60,69,68,332,65,73,64,67,63,347,76,77,48,78,68,317,78,67,65,67,40,69,202,68,69,65,56,11,13,8,14,10,1874,395,1,69,55,67,66,68,186,83,Dunkerque,2024.0,,J. Gbamin
Y. Sabaly RB LB,30,77,77,215699,Right,77,RB,0,9000000.0,22000.0,18900000.0,292,76,47,55,74,40,309,73,60,38,64,74,382,76,79,72,73,82,346,68,73,76,70,59,304,69,75,72,45,43,70,227,75,77,75,54,9,11,8,15,11,1914,416,2,78,54,65,74,74,173,67,Real Betis,2026.0,,Y. Sabaly
M. Cornet LM CF,26,76,76,215798,Left,76,LM,0,8000000.0,57000.0,15200000.0,361,73,74,69,73,72,356,78,71,69,62,76,391,83,86,75,69,78,380,80,80,73,70,77,351,72,66,79,70,64,67,200,64,70,66,58,16,13,8,12,9,2097,445,2,85,75,70,76,67,179,69,West Ham United,2027.0,,M. Cornet
K. Tete RB,27,77,77,216266,Right,77,RB,0,10000000.0,65000.0,19000000.0,300,77,42,73,72,36,308,68,61,41,68,70,363,75,75,73,72,68,341,64,84,76,76,41,317,78,74,61,58,46,66,234,78,77,79,51,9,15,11,6,10,1914,413,1,75,47,68,69,77,180,71,Fulham,2024.0,,K. Tete
A. Robertson LB,29,86,86,216267,Left,86,LB,0,59500000.0,170000.0,110100000.0,324,87,55,67,83,32,390,78,82,71,76,83,394,82,78,75,85,74,378,76,77,93,67,65,383,85,81,80,82,55,83,247,83,83,81,50,11,8,10,7,14,2166,462,3,80,61,82,80,81,178,64,Liverpool,2026.0,,A. Robertson
M. Brozović CDM CM,30,83,83,216352,Right,83,CDM,0,30500000.0,56000.0,48800000.0,361,73,69,70,84,65,397,78,79,74,83,83,373,68,65,79,77,84,398,80,73,93,68,84,385,86,83,65,82,69,82,244,78,84,82,50,8,8,15,11,8,2208,459,3,66,74,81,80,80,181,72,Al Nassr,2026.0,,M. Brozović
Morales ST LM RM,35,78,78,216475,Right,79,RW,0,6000000.0,28000.0,12600000.0,381,75,83,64,77,82,373,79,79,68,69,78,394,79,78,78,80,79,376,83,77,68,69,79,348,58,58,82,74,76,79,143,44,54,45,64,14,13,13,16,8,2079,432,2,78,82,74,79,52,180,70,Villarreal,2024.0,,Morales
Akapo RB LB RM,30,73,73,216605,Right,73,RB,0,2600000.0,7000.0,3900000.0,277,68,47,62,60,40,315,70,68,41,65,71,362,79,86,73,64,60,357,74,86,72,72,53,331,77,73,67,55,59,72,218,73,75,70,51,7,8,13,13,10,1911,415,1,83,55,61,70,72,179,70,San Jose Earthquakes,2024.0,,Akapo
Álex Moreno LB,30,80,80,217036,Left,80,LB,0,18000000.0,81000.0,34200000.0,350,78,67,63,77,65,349,78,69,57,68,77,410,85,88,83,75,79,347,63,76,84,60,64,361,69,76,74,72,70,60,230,77,78,75,54,15,7,12,11,9,2101,448,1,87,66,73,77,76,179,68,Aston Villa,2026.0,,Álex Moreno
Sandro ST LM,27,75,75,217731,Right,75,ST,0,6000000.0,21000.0,12600000.0,358,65,72,72,76,73,366,75,80,76,59,76,380,79,80,78,71,72,361,85,81,50,67,78,294,62,33,74,56,69,65,74,25,25,24,52,12,16,10,6,8,1885,391,1,80,76,67,75,31,175,71,Las Palmas,2026.0,,Sandro
Diego Carlos CB,30,81,81,219693,Right,81,CB,0,21000000.0,86000.0,39900000.0,256,35,32,79,76,34,328,65,47,71,74,71,327,63,74,62,81,47,353,73,86,50,87,57,323,85,82,52,63,41,75,242,81,80,81,49,7,10,14,7,11,1878,404,2,69,47,63,67,81,186,79,Aston Villa,2026.0,,Diego Carlos
R. Martínez ST,29,73,73,219797,Right,73,ST,0,3000000.0,17000.0,4500000.0,334,62,73,65,70,64,344,76,68,57,68,75,382,80,73,77,72,80,387,77,83,75,79,73,309,73,31,75,62,68,74,118,40,40,38,65,14,16,15,7,13,1939,409,1,76,73,66,76,41,180,89,Racing Club,2024.0,,R. Martínez
Diego Rico LB,30,78,78,220414,Left,78,LB,0,12000000.0,31000.0,0.0,326,82,40,71,80,53,369,74,74,76,70,75,358,72,74,63,75,74,379,76,83,72,80,68,346,74,80,71,78,43,70,231,79,78,74,55,10,9,15,11,10,2064,434,1,73,55,78,73,78,180,78,Getafe,,,Diego Rico
M. Zaccagni LW,28,82,82,220502,Right,82,LW,0,30500000.0,73000.0,51900000.0,369,72,79,66,78,74,368,89,67,51,75,86,434,89,85,92,81,87,373,78,79,77,63,76,336,61,58,79,77,61,83,165,55,58,52,58,13,16,14,8,7,2103,450,1,87,77,74,88,57,177,63,Lazio,2025.0,,M. Zaccagni
P. Billing CM CAM,27,77,78,220714,Left,79,ST,1,12000000.0,47000.0,23700000.0,368,62,78,77,78,73,377,78,74,71,75,79,300,53,63,54,81,49,407,85,81,81,82,78,364,76,74,82,74,58,81,209,69,71,69,55,11,7,10,14,13,2080,437,1,59,78,73,75,71,197,80,AFC Bournemouth,2027.0,,P. Billing
F. Honorat RM RWB,26,78,78,220876,Right,78,RM,0,15500000.0,31000.0,26400000.0,366,85,74,59,74,74,355,79,69,60,69,78,382,80,78,78,72,74,365,85,68,80,54,78,332,57,59,76,72,68,74,150,53,46,51,61,10,15,7,14,15,2011,423,2,79,77,74,78,53,180,70,Borussia Mönchengladbach,2028.0,,F. Honorat
J. Riedewald CDM CM LB,26,73,74,221269,Left,73,CDM,1,3200000.0,28000.0,6300000.0,309,68,51,69,76,45,363,66,78,69,75,75,306,54,62,60,67,63,326,69,71,50,74,62,313,73,73,53,72,42,69,218,73,73,72,61,15,7,15,9,15,1896,396,1,58,56,73,68,73,182,79,Crystal Palace,2024.0,,J. Riedewald
J. Rossiter CDM CM,26,62,62,221358,Right,62,CDM,0,375000.0,2000.0,656000.0,242,46,44,55,61,36,264,57,46,41,59,61,293,52,50,59,55,77,308,57,62,63,70,56,293,70,60,56,57,50,63,182,60,62,60,46,6,7,11,13,9,1628,344,1,51,50,55,60,60,178,64,Bristol Rovers,2024.0,,J. Rossiter
23 A. Morelos ST,26,75,76,221714,Right,76,ST,1,6500000.0,50000.0,12200000.0,346,56,74,75,72,69,329,71,65,52,67,74,358,70,75,58,68,87,384,82,83,70,83,66,325,85,33,78,68,61,74,114,42,43,29,55,13,13,9,12,8,1911,406,1,73,73,66,71,43,177,79,Rangers,2023.0,23,A. Morelos
J. Weigl CDM,27,80,81,222028,Right,80,CDM,1,21500000.0,33000.0,38200000.0,334,59,65,65,88,57,357,75,73,46,85,78,333,65,49,75,80,64,351,68,71,83,68,61,355,78,77,67,76,57,80,222,78,80,64,54,6,14,16,11,7,2006,423,2,56,64,77,76,76,186,77,Borussia Mönchengladbach,2028.0,,J. Weigl
F. Escobar RB LB,28,68,68,222587,Right,68,RB,0,1100000.0,4000.0,1600000.0,271,58,51,65,63,34,263,68,42,28,60,65,344,69,72,69,65,69,293,51,71,68,66,37,287,68,63,54,53,49,57,203,65,70,68,56,15,9,12,13,7,1717,375,1,71,47,57,67,66,175,72,Houston Dynamo,2028.0,,F. Escobar
Walace CDM CM,28,75,75,222844,Right,75,CDM,0,4900000.0,16000.0,8800000.0,313,50,58,63,76,66,327,69,60,52,73,73,328,64,68,60,70,66,384,78,75,79,77,75,339,80,78,59,64,58,72,217,72,76,69,55,10,13,7,14,11,1963,418,1,66,66,66,69,73,188,75,Udinese,2026.0,,Walace
Z. Kalmár CAM CM,28,74,74,223208,Right,74,CAM,0,0.0,0.0,0.0,324,65,68,55,77,59,370,73,73,78,72,74,340,62,68,73,73,64,352,81,64,62,63,82,309,54,48,73,75,59,74,147,57,46,44,54,14,7,12,15,6,1896,395,1,65,73,73,73,50,185,81,Hungary,,,Z. Kalmár
D. Armstrong RM RWB RW,25,71,72,223871,Left,71,RM,1,2200000.0,5000.0,4000000.0,301,78,66,44,58,55,351,71,79,75,60,66,394,84,77,79,68,86,327,72,63,73,57,62,341,77,58,65,75,66,67,156,50,55,51,52,11,12,13,6,10,1922,403,1,80,66,68,71,53,175,64,Kilmarnock,2025.0,,D. Armstrong
David Soria GK,30,80,80,223952,Right,80,GK,0,14000000.0,26000.0,29400000.0,102,15,19,23,26,19,102,16,23,11,33,19,252,49,34,49,78,42,265,55,74,43,75,18,123,25,18,12,45,23,58,48,22,13,13,393,80,79,73,79,82,1285,436,2,80,79,73,82,43,192,85,Getafe,2026.0,,David Soria
M. Lopez CM CDM,25,78,81,224030,Right,80,CAM,3,18500000.0,19000.0,0.0,357,75,72,62,83,65,390,79,79,73,76,83,402,73,69,90,77,93,320,70,58,85,34,73,357,77,68,63,81,68,73,200,68,69,63,51,7,14,13,11,6,2077,427,1,71,71,79,82,67,167,58,Fiorentina,,,M. Lopez
A. Marušić LB RB,30,80,80,224031,Right,80,LB,0,18000000.0,51000.0,30600000.0,347,76,56,76,71,68,336,75,76,54,55,76,393,87,89,64,76,77,414,79,93,82,83,77,339,76,76,69,60,58,75,228,75,78,75,44,8,9,7,10,10,2101,453,2,88,66,67,74,76,185,81,Lazio,2025.0,,A. Marušić
J. Boga LW,26,77,77,224422,Right,77,LW,0,11500000.0,44000.0,21900000.0,332,72,67,59,74,60,381,84,78,69,69,81,409,90,81,88,68,82,361,80,77,67,64,73,295,56,41,71,69,58,75,106,28,44,34,62,15,8,9,14,16,1946,412,1,85,70,72,82,39,172,68,Nice,2027.0,,J. Boga
E. Boateng ST LW,27,72,73,224540,Right,73,ST,1,2700000.0,8000.0,5900000.0,338,63,72,70,66,67,295,70,59,53,46,67,423,92,91,90,70,80,379,74,87,78,74,66,314,78,37,72,63,64,67,104,36,35,33,67,15,13,13,14,12,1920,409,1,91,71,61,71,39,175,62,Rio Ave,2024.0,,E. Boateng
G. Castrovilli CM,26,78,79,225014,Right,79,CAM,1,16500000.0,52000.0,29300000.0,334,75,69,50,82,58,352,82,64,45,78,83,388,74,72,84,78,80,338,65,67,73,66,67,341,63,68,78,76,56,77,204,64,70,70,63,14,12,11,11,15,2020,431,2,73,67,76,82,66,187,71,Fiorentina,2024.0,,G. Castrovilli
N. Amiri CM CAM,26,77,78,225309,Right,79,CAM,1,12500000.0,29000.0,23400000.0,333,78,68,42,79,66,395,83,80,74,77,81,373,76,61,81,77,78,366,81,64,78,67,76,352,68,65,76,78,65,76,160,63,55,42,60,12,12,14,12,10,2039,426,2,68,72,78,81,57,180,75,FSV Mainz 05,2026.0,,N. Amiri
Ki Sung Yueng CDM CM,34,73,73,180283,Right,73,CDM,0,1000000.0,7000.0,1300000.0,322,70,56,55,78,63,369,67,74,73,81,74,272,47,46,56,57,66,368,72,66,83,77,70,355,72,70,66,79,68,72,189,62,68,59,49,14,9,7,9,10,1924,395,2,46,63,77,68,64,189,75,Seoul,2025.0,,Ki Sung Yueng
23 E. Kawashima GK,39,71,71,180739,Right,71,GK,0,210000.0,7000.0,420000.0,91,17,14,14,33,13,100,12,13,14,33,28,260,43,42,61,69,45,231,53,69,30,60,19,99,16,19,11,29,24,44,35,10,13,12,352,71,70,71,70,70,1168,395,2,71,70,71,70,43,185,82,Strasbourg,2023.0,23,E. Kawashima
A. Lallana CAM CM CDM,35,76,76,180819,Right,76,CAM,0,3100000.0,49000.0,5900000.0,358,74,69,64,81,70,378,78,77,66,77,80,332,63,51,68,77,73,322,72,67,54,60,69,357,71,64,74,78,70,81,186,61,65,60,54,6,15,14,8,11,1987,404,2,56,70,77,77,63,178,73,Brighton & Hove Albion,2024.0,,A. Lallana
I. Perišić LW LWB,34,77,77,181458,Right,77,LW,0,4900000.0,1000.0,10800000.0,395,85,72,77,80,81,389,78,79,75,77,80,357,74,68,69,77,69,388,83,84,74,71,76,370,71,71,76,76,76,83,208,70,73,65,38,6,7,10,9,6,2145,446,3,71,76,79,77,71,186,80,Hajduk Split,2024.0,,I. Perišić
M. Albrighton RM RWB RW,33,69,69,183130,Right,69,RM,0,875000.0,19000.0,1600000.0,324,75,65,45,70,69,363,70,78,73,71,71,310,57,55,60,66,72,313,70,54,66,58,65,321,69,56,68,68,60,70,185,67,61,57,61,15,9,8,15,14,1877,384,2,56,66,71,69,60,175,74,Leicester City,2024.0,,M. Albrighton
M. Sissoko CM CDM CAM,33,73,73,183394,Right,73,CM,0,1900000.0,19000.0,3800000.0,324,71,54,65,72,62,359,72,75,60,75,77,311,56,62,56,79,58,373,81,76,69,86,61,346,72,70,72,72,60,71,211,69,72,70,51,14,8,11,10,8,1975,413,2,59,62,72,72,70,187,90,Nantes,2024.0,,M. Sissoko
L. Bonucci CB,36,79,79,184344,Right,79,CB,0,3100000.0,26000.0,5900000.0,308,44,50,79,77,58,345,69,56,60,84,76,280,41,52,55,79,53,357,74,77,59,82,65,343,79,80,38,71,75,84,237,79,79,79,13,2,2,3,2,4,1883,398,3,47,59,68,70,79,190,85,Fenerbahçe,2024.0,,L. Bonucci
22 A. Kolarov LWB LB CB,35,77,77,185103,Left,77,LWB,0,3200000.0,52000.0,5400000.0,368,85,60,79,80,64,401,76,85,87,75,78,316,61,61,60,76,58,390,92,78,65,70,85,378,79,78,67,74,80,83,229,75,78,76,61,16,15,8,16,6,2143,436,3,61,73,80,74,77,187,81,Inter,2022.0,22,A. Kolarov
W. Szczęsny GK,33,86,86,186153,Right,86,GK,0,22000000.0,125000.0,37400000.0,86,12,12,16,32,14,99,11,16,14,36,22,286,51,47,55,82,51,249,55,70,45,65,14,135,40,15,14,48,18,65,45,20,13,12,415,86,83,73,86,87,1315,464,3,86,83,73,87,49,196,90,Juventus,2025.0,,W. Szczęsny
Rafael Tolói CB,32,79,79,187598,Right,79,CB,0,11500000.0,48000.0,19600000.0,265,44,40,82,69,30,302,58,41,65,68,70,337,63,69,61,78,66,382,75,85,80,80,62,315,81,80,40,50,64,84,241,80,82,79,63,11,12,16,16,8,1905,402,2,66,52,58,65,81,185,75,Atalanta,2025.0,,Rafael Tolói
Y. Bolasie LM LW,34,70,70,189157,Right,70,LM,0,750000.0,16000.0,1400000.0,317,66,62,69,67,53,324,72,65,49,63,75,355,70,77,75,68,65,367,78,79,65,79,66,306,76,31,70,64,65,71,80,29,34,17,49,8,9,12,14,6,1798,387,2,74,66,65,73,34,185,84,Swansea City,2024.0,,Y. Bolasie
Muniain CAM LM,30,79,79,189575,Right,79,CAM,0,17000000.0,32000.0,35700000.0,343,75,74,43,80,71,400,81,84,79,74,82,416,80,73,92,77,94,323,72,59,70,50,72,329,66,45,75,79,64,84,151,58,55,38,45,10,5,5,13,12,2007,420,2,76,73,78,83,51,170,66,Athletic Club,2024.0,,Muniain
Guaita GK,36,78,78,189690,Right,78,GK,0,1600000.0,13000.0,3400000.0,122,34,11,20,44,13,128,16,32,20,36,24,283,46,52,63,74,48,246,59,67,41,64,15,147,24,27,13,54,29,62,55,23,15,17,388,78,77,78,77,78,1369,436,2,78,77,78,78,48,190,80,Celta de Vigo,2025.0,,Guaita
Canales RM CAM LM,32,83,83,190286,Left,83,RM,0,0.0,0.0,0.0,359,81,77,50,84,67,415,81,85,84,82,83,414,84,82,84,82,82,387,77,74,81,71,84,398,69,77,83,89,80,80,199,63,74,62,68,15,12,16,13,12,2240,468,3,83,78,84,82,68,176,65,Spain,,,Canales
S. El Shaarawy LM LW CF,30,79,79,190813,Right,80,RW,0,17000000.0,66000.0,28900000.0,375,76,72,65,77,85,393,83,85,72,70,83,417,85,85,91,76,80,362,75,77,69,63,78,313,51,36,76,78,72,77,142,65,42,35,21,5,3,5,5,3,2023,431,3,85,75,76,83,49,178,73,Roma,2025.0,,S. El Shaarawy
J. Guðmundsson RM CAM,32,72,72,191076,Left,72,RM,0,1900000.0,32000.0,3800000.0,349,72,68,62,76,71,367,71,76,74,73,73,346,69,61,68,72,76,353,78,71,67,67,70,343,66,62,70,75,70,75,178,60,63,55,45,7,6,14,10,8,1981,410,1,65,71,74,72,61,179,77,Burnley,2024.0,,J. Guðmundsson
Marcos Alonso LB CB,32,78,78,192638,Left,78,LB,0,9500000.0,105000.0,19500000.0,397,84,70,83,84,76,404,76,85,86,75,82,302,54,47,64,81,56,387,84,79,77,72,75,365,75,76,77,74,63,79,234,72,82,80,50,9,7,13,9,12,2139,433,2,50,74,81,76,78,188,84,FC Barcelona,2024.0,,Marcos Alonso
S. Cook CB,32,72,72,193011,Right,72,CB,0,1500000.0,13000.0,2900000.0,246,41,32,73,67,33,254,52,44,32,64,62,251,37,39,48,71,56,287,46,72,65,78,26,265,76,73,29,45,42,68,219,73,73,73,59,14,12,7,14,12,1581,330,1,38,34,54,57,73,185,82,Queens Park Rangers,2025.0,,S. Cook
20 A. Schürrle LW RW LM,28,77,77,193130,Right,77,LW,0,9000000.0,59000.0,14400000.0,369,75,75,63,75,81,365,79,80,70,58,78,381,80,78,74,75,74,366,82,65,72,66,81,335,68,39,76,75,77,75,132,41,39,52,51,7,11,12,9,12,1999,418,3,79,78,72,78,43,183,71,Spartak Moskva,2021.0,20,A. Schürrle
Neto GK,33,78,78,194404,Right,78,GK,0,4600000.0,37000.0,8700000.0,88,11,15,14,36,12,109,19,12,13,41,24,295,56,52,59,79,49,243,54,68,40,61,20,130,40,15,11,42,22,60,46,17,14,15,382,80,71,72,76,83,1293,436,2,80,71,72,83,54,190,84,AFC Bournemouth,2026.0,,Neto
D. Ings ST,30,76,76,195859,Right,76,ST,0,7500000.0,62000.0,14300000.0,370,66,78,78,73,75,354,73,72,69,62,78,357,70,64,74,78,71,371,80,80,67,68,76,343,67,46,80,70,80,79,117,38,45,34,57,10,13,12,16,6,1969,402,1,67,78,69,75,45,178,73,West Ham United,2025.0,,D. Ings
M. Ducksch ST,29,76,76,197031,Right,76,ST,0,7500000.0,28000.0,13500000.0,370,70,77,73,76,74,384,73,82,80,69,80,345,72,64,66,78,65,379,77,81,74,71,76,312,54,31,79,77,71,73,84,27,35,22,53,6,12,7,12,16,1927,395,1,68,76,74,74,34,188,79,Werder Bremen,2026.0,,M. Ducksch
D. Burn CB LB,31,78,78,198032,Left,78,CB,0,9500000.0,85000.0,18100000.0,268,68,25,78,75,22,296,68,48,46,67,67,236,40,60,33,73,30,326,60,72,76,89,29,327,85,75,59,60,48,73,233,78,78,77,53,15,13,7,8,10,1739,378,2,51,36,67,63,77,198,87,Newcastle United,2025.0,,D. Burn
22 J. Rodríguez RW CAM CM,29,81,81,198710,Left,83,CAM,0,25500000.0,105000.0,48500000.0,409,89,84,62,84,90,436,86,89,86,85,90,343,55,51,78,83,76,342,86,46,55,64,91,360,60,55,80,84,81,87,137,52,41,44,64,15,15,15,5,14,2091,421,4,53,86,86,86,50,180,75,Everton,2022.0,22,J. Rodríguez
N. Redmond RM LM ST,29,74,74,198719,Right,75,RW,0,4099999.9999999995,41000.0,8199999.999999999,299,68,72,33,71,55,351,78,70,65,62,76,403,84,79,86,68,86,349,80,62,71,62,74,271,39,30,73,72,57,70,89,33,26,30,58,12,14,16,6,10,1820,390,2,81,72,69,78,30,173,69,Burnley,2025.0,,N. Redmond
V. Aboubakar ST,31,79,79,199069,Right,79,ST,0,15000000.0,34000.0,28500000.0,375,63,83,78,75,76,372,81,77,67,68,79,366,69,72,78,74,73,393,85,79,70,83,76,336,76,33,77,76,74,80,86,44,23,19,42,8,10,9,7,8,1970,416,2,71,81,71,79,36,184,75,Beşiktaş,2025.0,,V. Aboubakar
Ji Dong Won ST LM,32,57,57,199266,Right,57,ST,0,130000.0,1000.0,163000.0,281,56,55,56,57,57,287,54,60,60,53,60,264,58,54,47,47,58,275,60,61,35,60,59,287,61,49,63,55,59,60,94,36,38,20,64,10,11,14,13,16,1552,319,2,56,58,56,55,40,188,81,Suwon,2027.0,,Ji Dong Won
D. Tadić LW RW,34,82,82,199434,Left,82,LW,0,14500000.0,52000.0,27600000.0,397,86,80,66,85,80,415,82,85,79,83,86,364,65,63,72,82,82,394,77,76,84,80,77,357,67,41,85,88,76,86,111,51,34,26,61,11,11,14,9,16,2099,431,3,64,79,85,82,43,181,76,Fenerbahçe,2025.0,,D. Tadić
Campaña CM LM,30,78,78,199823,Right,78,CM,0,13500000.0,23000.0,28400000.0,359,78,70,64,81,66,403,79,85,78,79,82,356,68,62,74,74,78,370,76,72,81,70,71,366,63,70,73,83,77,81,200,71,68,61,42,8,11,6,7,10,2096,436,2,65,72,81,79,68,179,70,Las Palmas,2024.0,,Campaña
L. Digne LB,29,79,79,200458,Left,79,LB,0,15500000.0,80000.0,29500000.0,362,86,60,71,77,68,392,76,83,83,73,77,378,78,74,72,76,78,386,81,80,80,69,76,359,76,75,73,75,60,79,231,76,77,78,46,6,12,9,6,13,2154,448,2,76,68,78,76,76,178,74,Aston Villa,2026.0,,L. Digne
23 N. Schulz LB LM,29,73,73,200536,Left,73,LB,0,2700000.0,30000.0,4600000.0,268,69,39,60,66,34,295,67,59,42,63,64,375,80,83,67,72,73,325,65,65,77,82,36,341,78,70,70,67,56,68,215,72,71,72,58,13,9,15,7,14,1877,409,2,82,46,65,67,70,181,83,Borussia Dortmund,2024.0,23,N. Schulz
Danilo Pereira CB CDM,31,81,81,200888,Right,81,CB,0,17500000.0,81000.0,32400000.0,331,56,57,83,80,55,330,71,54,53,77,75,280,40,59,52,82,47,396,75,81,84,89,67,359,81,81,70,70,57,77,232,82,81,69,58,9,7,13,14,15,1986,419,3,50,63,70,70,80,188,83,Paris Saint Germain,2025.0,,Danilo Pereira
Cédric RB,31,73,73,201118,Right,73,RB,0,2200000.0,60000.0,4099999.9999999995,317,72,54,65,76,50,350,75,66,64,69,76,349,72,59,69,73,76,327,76,69,61,56,65,340,75,74,69,62,60,69,221,70,77,74,60,11,14,12,12,11,1964,405,2,65,61,70,74,73,172,67,Arsenal,2024.0,,Cédric
23 Rafinha CM CAM,29,78,78,201400,Left,79,CAM,0,13500000.0,74000.0,25000000.0,354,74,68,55,82,75,390,85,80,61,80,84,373,72,61,83,76,81,346,80,74,53,63,76,364,70,68,77,82,67,82,213,70,74,69,52,11,6,15,13,7,2092,433,2,66,73,79,84,69,174,71,Paris Saint Germain,2023.0,23,Rafinha
J. Veretout CM CDM,30,80,80,201519,Right,80,CM,0,20000000.0,47000.0,38000000.0,351,72,71,59,82,67,385,77,73,72,82,81,387,74,76,75,80,82,398,83,77,83,78,77,391,81,76,75,79,80,80,232,74,81,77,47,9,10,11,8,9,2191,462,2,75,75,78,79,75,177,67,Olympique de Marseille,2025.0,,J. Veretout
J. Draxler LW CM,29,77,77,202166,Right,77,LW,0,10500000.0,75000.0,19400000.0,367,74,72,64,80,77,394,81,77,76,76,84,364,74,70,74,73,73,361,80,73,64,66,78,335,56,66,72,76,65,81,156,48,64,44,50,11,13,5,13,8,2027,426,3,72,75,77,80,58,185,77,Paris Saint Germain,2024.0,,J. Draxler
23 Jesé LM ST RM,29,71,71,202515,Right,71,LM,0,1800000.0,13000.0,3200000.0,327,62,72,56,72,65,351,73,73,66,65,74,354,74,72,74,60,74,362,75,77,71,73,66,287,38,33,74,70,72,73,52,17,23,12,54,13,7,6,13,15,1787,376,2,73,71,68,73,25,178,80,Sampdoria,2023.0,23,Jesé
E. Martínez GK,30,86,86,202811,Right,86,GK,0,45000000.0,105000.0,85500000.0,134,22,16,26,57,13,156,17,22,20,59,38,296,59,57,49,82,49,265,62,77,40,70,16,170,37,13,12,66,42,62,51,11,20,20,419,84,82,83,85,85,1491,477,3,84,82,83,85,58,195,88,Aston Villa,2027.0,,E. Martínez
T. Blackett CB LB,29,65,65,203265,Left,65,CB,0,600000.0,5000.0,1100000.0,260,66,24,64,62,44,323,65,68,65,60,65,292,60,66,59,60,47,324,56,69,59,84,56,288,67,63,54,59,45,60,187,60,64,63,63,15,11,15,8,14,1737,365,1,63,40,62,63,63,188,87,Rotherham United,2024.0,,T. Blackett
M. Elyounoussi LW RW CM,28,72,72,203362,Right,73,RM,0,2400000.0,19000.0,3100000.0,345,69,73,65,71,67,347,76,70,62,64,75,366,70,74,74,72,76,355,71,71,83,65,65,333,74,52,71,72,64,69,183,60,65,58,47,12,7,8,7,13,1976,418,1,72,70,69,75,60,178,70,København,2027.0,,M. Elyounoussi
Vadillo LM ST RM,28,69,69,204830,Right,69,LM,0,1400000.0,5000.0,2200000.0,303,69,66,53,65,50,338,71,67,71,60,69,378,81,82,81,62,72,310,73,62,60,49,66,292,55,39,65,66,67,66,86,35,26,25,43,6,7,13,10,7,1750,374,1,82,67,66,71,34,180,69,Racing Ferrol,2024.0,,Vadillo
A. Milik ST,29,81,81,205175,Left,81,ST,0,25500000.0,125000.0,43400000.0,391,63,84,85,75,84,381,77,76,81,64,83,329,55,62,69,82,61,391,84,84,63,81,79,343,67,36,83,78,79,84,101,35,34,32,62,9,16,16,15,6,1998,406,3,59,83,72,78,40,186,80,Juventus,2026.0,,A. Milik
M. Nastasić CB,30,75,75,205362,Left,75,CB,0,4600000.0,22000.0,9700000.0,252,50,30,70,70,32,313,43,72,65,68,65,321,57,64,64,76,60,299,44,75,60,79,41,294,79,78,30,55,52,80,224,76,73,75,66,11,16,11,15,13,1769,365,1,61,36,63,56,75,188,83,Mallorca,2024.0,,M. Nastasić
H. Reed CDM CM,28,75,75,205990,Right,75,CDM,0,4900000.0,60000.0,9300000.0,299,73,59,53,74,40,339,69,65,61,72,72,365,75,62,74,74,80,350,67,69,82,69,63,344,82,75,67,71,49,72,221,74,75,72,54,7,12,14,10,11,1972,418,1,68,60,72,71,72,175,72,Fulham,2027.0,,H. Reed
M. Arnold CDM CM,29,80,80,206511,Left,80,CDM,0,18000000.0,51000.0,30600000.0,367,69,74,58,82,84,407,76,84,83,83,81,347,63,69,69,82,64,401,88,70,81,75,87,362,77,78,75,78,54,79,230,78,78,74,51,11,9,11,10,10,2165,454,2,66,79,79,77,76,184,74,VfL Wolfsburg,2026.0,,M. Arnold
P. Bamford ST,29,73,73,206534,Left,73,ST,0,3000000.0,38000.0,5700000.0,345,59,70,74,73,69,333,70,68,59,63,73,350,69,74,67,75,65,375,76,80,76,74,69,334,65,47,79,74,69,72,94,47,27,20,49,9,7,11,6,16,1880,396,2,72,71,68,71,41,185,71,Leeds United,2026.0,,P. Bamford
23 L. Vietto CF CAM LW,28,74,74,207441,Right,74,CF,0,4300000.0,36000.0,7300000.0,350,71,70,64,70,75,365,78,75,65,70,77,390,79,75,84,70,82,344,71,72,72,58,71,316,65,35,74,73,69,71,128,47,46,35,56,14,14,8,8,12,1949,406,2,77,71,71,78,45,174,73,Al Hilal,2023.0,23,L. Vietto
K. Ayhan CB RB CDM,28,74,74,207790,Right,74,CB,0,3600000.0,32000.0,6800000.0,289,67,35,72,75,40,360,63,79,70,73,75,324,58,60,66,73,67,377,79,78,71,78,71,316,74,72,60,65,45,75,219,76,73,70,58,16,10,8,14,10,1943,399,1,59,53,71,68,73,184,84,Galatasaray,2026.0,,K. Ayhan
A. Bell CB LWB,29,71,71,207804,Left,71,CB,0,1600000.0,27000.0,3200000.0,293,66,47,69,66,45,279,68,42,45,58,66,359,77,77,63,71,71,343,55,88,79,72,49,297,65,70,56,55,51,60,213,71,72,70,54,6,9,14,13,12,1838,398,1,77,50,60,67,71,180,76,Luton Town,2025.0,,A. Bell
J. Martínez ST,30,73,73,207877,Right,73,ST,0,3000000.0,8000.0,4400000.0,331,49,71,71,67,73,329,71,68,57,59,74,399,83,80,80,72,84,351,79,85,50,71,66,296,66,18,73,60,79,69,51,15,21,15,60,12,14,14,12,8,1817,374,2,81,72,60,73,23,173,74,CF Montréal,2024.0,,J. Martínez
A. Doucouré CAM CM,30,76,76,208135,Right,77,ST,0,7000000.0,37000.0,13300000.0,367,66,78,69,76,78,345,77,62,54,72,80,335,65,67,61,79,63,407,84,79,84,82,78,364,77,79,80,74,54,78,228,75,79,74,68,15,12,12,15,14,2114,448,2,66,78,71,76,76,184,76,Everton,2025.0,,A. Doucouré
Lucas Torró CDM CM,28,77,77,208137,Right,77,CDM,0,9500000.0,27000.0,20000000.0,311,52,59,75,79,46,329,64,58,52,77,78,274,49,44,64,74,43,371,73,75,78,76,69,331,71,75,59,69,57,69,225,74,77,74,62,13,14,7,12,16,1903,396,1,46,63,69,68,75,190,77,Osasuna,2027.0,,Lucas Torró
A. Belotti ST,29,78,78,208596,Right,78,ST,0,14000000.0,67000.0,0.0,352,42,79,84,68,79,318,75,64,56,48,75,375,70,75,74,79,77,397,80,90,75,85,67,333,83,31,84,61,74,81,99,44,23,32,53,13,7,12,14,7,1927,404,3,73,77,58,76,38,181,84,Fiorentina,,,A. Belotti
12 Roberto Carlos CDM LB LM,38,79,79,1040,Left,79,CDM,0,0.0,30000.0,0.0,328,80,43,54,78,73,414,74,88,88,82,82,391,77,78,74,77,85,403,91,83,60,84,85,377,74,82,60,82,79,0,240,81,75,84,54,8,12,10,13,11,2207,454,2,78,65,81,77,77,168,70,Anzhi Makhachkala,2013.0,12,Roberto Carlos
09 P. Maldini CB,40,77,89,1109,Right,78,CB,12,0.0,0.0,0.0,276,73,42,85,76,0,232,60,0,26,70,76,174,50,55,0,69,0,197,60,0,54,62,21,357,76,95,96,0,90,0,167,85,82,0,68,5,21,70,21,21,1471,382,5,53,45,69,67,86,186,85,Milan,,09,P. Maldini
10 F. Cannavaro CB,35,82,89,1183,Right,82,CB,7,0.0,0.0,0.0,225,42,21,87,75,0,231,52,0,34,74,71,217,69,68,0,80,0,221,45,0,68,79,29,349,81,93,92,0,83,0,170,86,84,0,68,5,21,74,21,21,1481,390,4,68,34,62,63,87,176,75,Juventus,,10,F. Cannavaro
20 Casillas GK,38,79,79,5479,Left,79,GK,0,1300000.0,8000.0,2600000.0,85,13,12,25,21,14,108,25,25,13,22,23,291,56,55,60,74,46,246,45,77,41,70,13,147,23,22,16,62,24,70,48,24,11,13,375,82,73,60,83,77,1300,430,4,82,73,60,77,55,185,84,Porto,2020.0,20,Casillas
18 A. Pirlo CM CDM,38,77,77,7763,Right,74,CM,0,2200000.0,8000.0,4200000.0,343,88,58,39,86,72,428,74,92,93,85,84,248,37,30,44,73,64,268,74,33,38,58,65,322,49,53,48,88,84,86,115,36,44,35,17,5,4,1,5,2,1741,349,4,33,64,87,73,42,177,68,New York City,2017.0,18,A. Pirlo
19 R. van Persie ST CAM,34,78,78,7826,Left,78,CAM,0,5500000.0,20000.0,7700000.0,387,74,79,74,76,84,403,80,84,81,72,86,317,59,49,73,79,57,326,80,50,52,67,77,321,41,31,85,80,84,85,83,30,32,21,39,9,10,5,7,8,1876,381,3,54,80,76,80,34,187,71,Feyenoord,2019.0,19,R. van Persie
14 Puyol CB,35,83,83,13038,Right,82,CB,0,1300000.0,100000.0,0.0,285,53,37,81,70,44,280,54,53,50,65,58,321,63,64,54,81,59,325,71,76,54,84,40,334,87,88,49,52,58,0,254,87,85,82,54,13,8,14,10,9,1853,390,3,64,46,60,57,86,178,80,FC Barcelona,2014.0,14,Puyol
19 Y. Touré CM CDM,35,80,80,20289,Right,78,CM,0,6000000.0,2000.0,12600000.0,361,67,75,68,83,68,409,80,82,86,78,83,295,52,55,55,78,55,371,86,61,54,90,80,380,76,58,75,82,89,81,204,67,72,65,53,13,14,6,12,8,2073,433,4,54,79,79,77,67,191,92,Olympiakos Piraeus,2019.0,19,Y. Touré
17 D. Drogba ST,38,81,81,31432,Right,79,ST,0,0.0,0.0,0.0,370,67,82,85,60,76,376,74,78,84,60,80,327,64,64,63,80,56,388,85,76,62,86,79,363,80,42,81,76,84,80,83,22,32,29,49,10,11,8,6,14,1956,401,3,64,82,67,74,36,189,80,Côte d'Ivoire,,17,D. Drogba
17 Xabi Alonso CDM CM,34,82,82,45197,Right,82,CM,0,6000000.0,100000.0,0.0,367,79,56,72,89,71,413,75,82,84,91,81,265,32,33,53,81,66,348,86,46,62,69,85,405,77,84,77,87,80,83,206,62,74,70,45,7,8,10,10,10,2049,404,4,33,71,86,74,72,183,80,FC Bayern München,2017.0,17,Xabi Alonso
Maestro CDM CM,19,58,69,70937,Right,59,CM,11,425000.0,1000.0,935000.0,241,42,33,58,65,43,266,55,47,43,67,54,300,60,65,54,53,68,288,67,57,64,52,48,263,64,50,54,50,45,43,165,57,52,56,51,9,15,11,8,8,1574,331,1,63,45,56,55,54,173,63,Adana Demirspor,2026.0,,Maestro
L. Koumas LW ST,17,61,79,70994,Right,63,ST,18,825000.0,3000.0,2000000.0,267,46,62,57,51,51,266,66,53,42,41,64,341,76,72,72,56,65,294,60,65,58,53,58,244,49,23,58,54,60,60,66,24,22,20,51,7,11,7,15,11,1529,328,1,74,60,49,65,26,182,68,Liverpool,2026.0,,L. Koumas
14 Adriano ST,31,73,73,106019,Left,73,ST,0,1500000.0,30000.0,0.0,338,50,76,81,60,71,341,74,70,75,48,74,210,41,40,31,68,30,316,90,30,30,93,73,293,47,29,74,61,82,0,75,25,30,20,56,13,6,8,15,14,1629,340,2,40,78,58,67,32,189,88,Athletico Paranaense,2014.0,14,Adriano
14 Juninho CAM CM,38,77,77,112712,Right,77,CAM,0,625000.0,50000.0,0.0,364,82,72,54,84,72,407,74,86,81,83,83,319,58,54,65,73,69,326,79,56,52,57,82,351,61,55,73,82,80,0,150,46,55,49,57,13,14,6,11,13,1974,400,2,56,76,83,76,52,178,74,Vasco da Gama,2013.0,14,Juninho
22 Fernandinho CDM,36,81,81,135507,Right,81,CDM,0,5000000.0,86000.0,9300000.0,356,68,66,70,82,70,375,76,68,71,79,81,345,66,52,68,82,77,378,82,84,62,75,75,361,84,82,69,65,61,80,245,84,82,79,48,12,11,5,13,7,2108,435,3,58,71,74,77,81,179,67,Manchester City,2022.0,22,Fernandinho
20 V. Kompany CB,33,82,82,139720,Right,82,CB,0,10500000.0,29000.0,15800000.0,308,61,45,82,74,46,321,63,61,52,75,70,267,48,51,50,77,41,336,73,58,63,87,55,330,80,82,41,64,63,81,249,85,84,80,38,10,9,5,8,6,1849,395,4,50,53,68,63,83,190,85,Anderlecht,2022.0,20,V. Kompany
16 N. Vidić CB,33,81,81,140601,Right,80,CB,0,7500000.0,80000.0,0.0,237,34,26,85,57,35,230,43,42,32,57,56,270,49,54,50,70,47,311,56,84,52,91,28,271,81,83,20,44,43,0,250,84,84,82,40,11,4,13,7,5,1609,345,3,52,33,48,49,84,190,88,Inter,2016.0,16,N. Vidić
15 E. Abidal CB LB,34,75,75,141645,Left,74,CB,0,1000000.0,45000.0,0.0,264,63,25,64,70,42,281,51,59,41,63,67,295,48,59,58,78,52,261,45,64,53,77,22,304,69,86,40,51,58,0,231,77,81,73,60,14,15,9,8,14,1696,353,3,54,32,62,58,78,186,74,Olympiakos Piraeus,2015.0,15,E. Abidal
22 Dani Alves RB CM RM,38,77,77,146530,Right,77,RB,0,2300000.0,71000.0,4700000.0,348,80,63,59,79,67,390,77,83,73,77,80,371,72,68,79,74,78,351,82,70,69,53,77,377,80,74,75,78,70,82,216,71,72,73,38,5,11,9,6,7,2091,432,4,70,71,79,78,71,172,70,FC Barcelona,2022.0,22,Dani Alves
20 M. Gómez ST,33,74,74,150418,Right,74,ST,0,3500000.0,26000.0,5600000.0,346,56,74,77,67,72,288,67,66,36,50,69,280,46,56,56,75,47,359,80,74,51,86,68,300,74,20,79,58,69,76,91,40,31,20,46,8,8,9,7,14,1710,360,3,52,74,59,66,35,189,89,VfB Stuttgart,2020.0,20,M. Gómez
22 A. Lennon RM LM,34,74,74,152747,Right,74,RM,0,2000000.0,30000.0,3800000.0,298,74,58,26,72,68,334,79,66,53,64,72,404,80,77,81,73,93,302,64,60,68,53,57,311,55,50,72,72,62,73,147,54,50,43,55,14,7,7,16,11,1851,391,2,78,60,70,77,48,165,63,Burnley,2022.0,22,A. Lennon
22 T. Vermaelen CB,35,75,75,157304,Left,75,CB,0,1500000.0,7000.0,2000000.0,312,62,51,79,74,46,322,55,61,64,74,68,282,53,50,61,65,53,320,72,61,37,84,66,314,72,76,42,62,62,76,227,78,75,74,52,9,10,7,11,15,1829,383,3,51,58,68,61,76,183,80,Vissel Kobe,2022.0,22,T. Vermaelen
Raúl Albiol CB,37,80,80,157481,Right,80,CB,0,3800000.0,26000.0,8000000.0,247,38,27,77,74,31,301,59,53,45,72,72,245,39,33,44,79,50,304,65,74,33,79,53,295,80,84,30,64,37,75,253,84,85,84,36,8,6,5,9,8,1681,353,3,36,41,62,63,84,190,82,Villarreal,2024.0,,Raúl Albiol
21 A. Valencia RB CDM,34,78,78,167905,Right,78,RB,0,5000000.0,13000.0,8300000.000000001,337,80,59,59,75,64,360,77,69,66,68,80,377,76,75,69,80,77,378,85,71,73,83,66,346,80,80,65,66,55,82,228,76,77,75,51,16,11,10,7,7,2077,444,2,75,66,72,77,75,180,88,Querétaro,2025.0,21,A. Valencia
J. Evans CB,35,75,75,169588,Right,75,CB,0,1500000.0,54000.0,2900000.0,277,52,28,77,74,46,267,51,42,37,68,69,232,34,36,33,74,55,269,42,73,53,77,24,291,78,79,31,59,44,81,228,80,75,73,67,12,16,16,15,8,1631,334,2,35,32,62,57,77,188,77,Manchester United,2024.0,,J. Evans
José Fonte CB,39,76,76,171791,Right,76,CB,0,1300000.0,9000.0,2600000.0,280,47,42,81,74,36,281,61,51,32,69,68,204,31,31,31,65,46,337,60,76,76,82,43,314,83,77,48,63,43,70,230,75,80,75,50,7,11,16,10,6,1696,357,3,31,46,62,60,78,191,81,Sporting Braga,2024.0,,José Fonte
D. Wass CM RB,34,76,76,172522,Right,76,CM,0,3500000.0,16000.0,4600000.0,364,77,73,68,77,69,388,76,78,80,78,76,358,70,71,72,74,71,388,82,76,81,73,76,362,74,75,76,76,61,72,220,73,74,73,56,11,9,10,13,13,2136,446,2,71,75,77,75,73,181,74,Brøndby,2025.0,,D. Wass
D. Mertens CAM,36,79,79,175943,Right,79,CAM,0,5500000.0,35000.0,10500000.0,337,72,78,40,77,70,399,79,83,82,71,84,379,72,64,73,80,90,299,75,47,62,33,82,348,66,36,84,83,79,87,133,50,41,42,39,7,10,8,10,4,1934,395,3,68,78,77,81,43,169,61,Galatasaray,2024.0,,D. Mertens
M. Fellaini ST CAM CDM,35,73,73,176944,Right,75,CB,0,1300000.0,15000.0,2000000.0,367,58,71,92,77,69,322,66,64,46,69,77,253,34,34,34,68,83,386,76,85,71,90,64,374,87,68,83,71,65,75,206,65,71,70,54,8,6,9,15,16,1962,397,3,34,71,69,68,71,194,85,Shandong Taishan,2025.0,,M. Fellaini
22 Bojan CF ST CAM,30,67,67,176993,Right,68,CAM,0,1000000.0,4000.0,1300000.0,324,68,67,42,72,75,353,69,79,66,68,71,335,64,57,72,58,84,281,74,40,55,38,74,264,27,27,68,68,74,72,68,27,22,19,48,5,14,8,14,7,1673,337,2,60,71,70,70,26,170,65,Vissel Kobe,2023.0,22,Bojan
23 R. Nainggolan CM CAM CDM,34,72,72,178518,Right,73,CF,0,1100000.0,4000.0,1700000.0,350,68,70,56,73,83,351,67,72,68,71,73,351,65,63,67,74,82,383,90,71,61,78,83,365,83,67,76,76,63,82,213,66,72,75,55,11,11,14,8,11,2068,426,3,64,77,72,71,68,177,89,SPAL,2023.0,23,R. Nainggolan
21 David Luiz CB,33,79,79,179944,Right,79,CB,0,8500000.0,76000.0,16200000.0,343,68,55,80,77,63,365,65,70,72,80,78,312,57,60,66,74,55,372,81,75,67,77,72,362,84,78,54,71,75,75,235,76,81,78,54,11,12,10,7,14,2043,422,4,59,65,74,69,79,189,86,Arsenal,2021.0,21,David Luiz
23 M. Pjanić CM CDM,32,81,81,180206,Right,81,CM,0,20000000.0,145000.0,41000000.0,357,80,59,60,86,72,425,81,86,92,82,84,368,67,64,74,83,80,347,78,59,70,60,80,376,70,77,68,83,78,86,222,78,73,71,42,7,7,13,7,8,2137,437,3,65,69,84,82,74,178,72,FC Barcelona,2024.0,23,M. Pjanić
J. Simić CB RB CDM,18,61,82,277022,Right,63,CB,21,1000000.0,2000.0,2700000.0,201,26,31,56,58,30,166,28,27,21,36,54,293,58,64,49,64,58,236,28,63,59,65,21,219,56,67,34,34,28,42,179,58,63,58,60,11,11,13,12,13,1354,294,1,61,28,40,42,61,186,77,Milan,2025.0,,J. Simić
Franculino ST RW,19,64,76,277211,Left,66,LM,12,1400000.0,4000.0,2100000.0,290,52,64,62,63,49,291,68,49,51,58,65,363,74,80,75,60,74,331,62,78,64,74,53,252,51,28,61,55,57,58,93,40,29,24,49,10,12,8,12,7,1669,363,1,77,60,57,67,35,182,78,Midtjylland,2028.0,,Franculino
Rafa Marín CB LB,21,71,82,277244,Right,73,CB,11,3900000.0,45000.0,0.0,239,47,25,71,71,25,235,43,33,40,48,71,332,66,67,65,67,67,276,31,78,74,71,22,300,68,68,54,62,48,65,216,70,74,72,47,7,7,13,11,9,1645,353,1,67,28,58,57,71,191,78,Deportivo Alavés,,,Rafa Marín
Cédric ST,21,66,76,277375,Right,68,ST,10,1900000.0,3000.0,3400000.0,279,37,72,64,52,54,262,69,41,50,36,66,321,76,73,57,60,55,317,64,72,58,58,65,241,36,16,64,56,69,55,55,20,19,16,47,6,10,10,12,9,1522,331,1,74,68,47,65,23,187,75,Real Valladolid,2024.0,,Cédric
Eguinaldo LW,18,64,80,277448,Right,66,RM,16,1500000.0,500.0,4200000.0,264,53,66,47,58,40,269,73,42,38,50,66,357,80,77,70,52,78,252,54,56,60,46,36,210,26,18,59,61,46,49,78,25,25,28,45,10,8,6,10,11,1475,329,1,78,55,55,69,26,175,65,Shakhtar Donetsk,2028.0,,Eguinaldo
T. Bindon CB RB,18,66,78,277552,Right,68,CB,12,1900000.0,600.0,3700000.0,214,33,25,66,62,28,232,45,35,40,57,55,311,62,64,59,64,62,290,44,76,65,77,28,215,59,65,23,31,37,64,201,66,67,68,45,11,6,9,11,8,1508,328,1,63,30,47,52,66,188,84,Reading,2025.0,,T. Bindon
Unai Gómez CAM CM LM,20,72,81,277708,Left,74,CAM,9,5000000.0,13000.0,11500000.0,323,59,68,67,73,56,320,75,62,38,70,75,348,66,67,76,72,67,329,68,71,62,68,60,256,43,26,71,72,44,69,112,35,35,42,49,9,13,10,7,10,1737,372,1,67,65,67,74,37,183,74,Athletic Club,2028.0,,Unai Gómez
Jeremy ST,18,59,78,277742,Right,61,ST,19,575000.0,700.0,1300000.0,260,38,61,61,50,50,239,57,50,35,35,62,326,77,70,58,56,65,292,57,71,50,55,59,241,38,19,55,52,77,50,60,19,20,21,49,13,10,11,5,10,1467,312,1,73,60,45,59,24,180,81,Racing Santander,2024.0,,Jeremy
I. Jenner CDM CM,19,61,74,277801,Right,62,CAM,13,725000.0,1000.0,1500000.0,256,47,48,55,64,42,282,61,51,45,63,62,332,69,70,66,59,68,290,54,63,60,58,55,265,54,56,50,61,44,55,175,53,60,62,55,6,13,12,10,14,1655,355,1,70,50,58,62,57,187,73,FC Utrecht,2026.0,,I. Jenner
K. Sano RM CAM,19,66,79,277809,Right,67,RM,13,2000000.0,2000.0,4300000.0,273,62,55,45,62,49,300,69,55,48,60,68,371,79,78,82,57,75,272,59,55,61,45,52,287,52,53,57,64,61,62,153,52,52,49,59,13,12,9,12,13,1715,365,1,78,55,61,69,51,176,66,NEC,2028.0,,K. Sano
A. Bedfian GK,18,62,81,277810,Right,62,GK,19,900000.0,500.0,2200000.0,52,11,6,13,15,7,66,9,12,14,20,11,153,17,27,22,48,39,166,44,45,19,51,7,93,21,13,8,32,19,23,31,9,12,10,308,63,61,59,61,64,869,329,1,63,61,59,64,21,187,73,Bordeaux,2025.0,,A. Bedfian
N. Krstović ST,23,74,81,277839,Right,76,ST,7,8500000.0,15000.0,17000000.0,333,46,78,80,63,66,306,71,58,66,39,72,331,65,72,61,74,59,379,74,87,66,83,69,279,58,18,76,57,70,64,63,20,18,25,47,9,14,8,10,6,1738,368,1,69,74,55,70,26,185,88,Lecce,2027.0,,N. Krstović
M. Musiałowski LW RW ST,19,60,75,278084,Right,61,CAM,15,575000.0,8000.0,1400000.0,252,52,56,37,54,53,289,67,57,56,46,63,338,75,69,76,50,68,231,55,39,53,32,52,225,33,24,56,54,58,50,63,22,21,20,57,10,12,10,10,15,1455,306,1,72,55,53,65,23,175,64,Liverpool,2024.0,,M. Musiałowski
C. Marshall ST,18,60,79,278101,Left,62,ST,19,625000.0,4000.0,0.0,263,39,63,57,49,55,234,57,49,34,37,57,356,74,72,73,58,79,283,60,60,55,49,59,249,55,16,60,51,67,56,67,17,23,27,48,5,11,12,10,10,1500,315,1,73,61,45,60,24,172,70,West Bromwich Albion,,,C. Marshall
J. Kayi Sanda CB,16,61,79,278203,Right,63,CB,18,775000.0,500.0,1800000.0,202,36,30,57,56,23,216,41,42,30,49,54,298,67,65,53,59,54,265,45,67,58,67,28,220,54,62,37,35,32,49,185,59,65,61,61,15,13,15,6,12,1447,315,1,66,33,45,48,61,186,80,Valenciennes,2026.0,,J. Kayi Sanda
K. Zeroli CM CDM,18,64,82,278351,Right,67,CDM,18,1500000.0,4000.0,3500000.0,286,58,47,61,68,52,300,67,56,46,63,68,346,72,71,72,62,69,306,56,68,70,55,57,293,63,63,58,62,47,64,192,61,68,63,60,9,14,8,15,14,1783,378,1,71,52,62,68,64,187,70,Milan,2027.0,,K. Zeroli
Zine ST,20,65,79,278660,Right,68,RM,14,1700000.0,500.0,4600000.0,297,58,64,64,61,50,282,70,50,40,52,70,370,87,88,69,61,65,322,60,79,68,61,54,243,50,21,63,46,63,64,89,30,29,30,55,13,14,13,7,8,1658,363,1,88,60,54,69,31,181,72,AEK Athens,2028.0,,Zine
L. De Fougerolles CB RB LB,17,58,78,279008,Right,60,CB,20,525000.0,500.0,1500000.0,208,33,27,59,56,33,201,45,28,33,49,46,305,65,63,57,56,64,255,46,62,63,57,27,220,52,58,29,37,44,51,179,61,60,58,45,6,12,5,8,14,1413,306,1,64,32,44,48,60,180,76,Fulham,2025.0,,L. De Fougerolles
E. Ruiz LB LWB,17,58,82,279487,Left,58,LB,24,625000.0,500.0,2000000.0,240,55,42,59,50,34,213,55,46,29,29,54,352,78,74,68,49,83,233,39,58,65,44,27,238,54,52,54,42,36,38,156,54,53,49,58,8,12,10,13,15,1490,320,1,76,38,45,56,53,174,68,Independiente del Valle,2024.0,,E. Ruiz
Mahamadou Susoho CDM CM,18,61,80,279624,Right,62,CDM,19,800000.0,4000.0,2000000.0,258,53,41,57,63,44,289,58,58,47,61,65,320,63,62,70,58,67,268,60,61,50,56,41,295,64,58,58,60,55,55,183,62,61,60,53,9,12,13,11,8,1666,346,1,62,47,59,62,60,175,71,Manchester City,2024.0,,Mahamadou Susoho
Pau Prim CDM CM,17,64,79,279814,Right,65,CDM,15,1300000.0,1000.0,3500000.0,205,44,33,50,62,16,264,42,48,46,64,64,314,63,61,59,64,67,249,46,60,56,60,27,274,68,62,42,60,42,44,197,66,65,66,37,7,6,5,7,12,1540,330,1,62,34,57,53,63,179,75,FC Barcelona,2027.0,,Pau Prim
Jota Silva RW ST LW,23,75,80,269421,Right,76,ST,5,8500000.0,11000.0,18500000.0,349,69,74,74,67,65,332,75,66,53,64,74,390,82,84,79,75,70,367,75,82,81,63,66,326,74,37,78,74,63,67,106,37,36,33,49,14,6,9,5,15,1919,408,1,83,72,68,74,40,179,73,Vitória SC,2025.0,,Jota Silva
N. Tjoe-A-On LB,21,64,73,269467,Left,64,LB,9,1300000.0,4000.0,0.0,235,62,31,48,59,35,250,59,52,33,48,58,307,70,77,54,59,47,298,49,66,66,73,44,249,56,60,49,42,42,46,178,50,65,63,57,13,13,6,14,11,1574,349,1,74,39,53,57,58,191,80,SC Heerenveen,,,N. Tjoe-A-On
J. Bahoya LM CAM,18,66,80,269728,Right,69,CAM,14,2000000.0,3000.0,4700000.0,286,55,69,45,63,54,307,72,58,51,54,72,346,73,70,72,63,68,293,64,60,52,58,59,269,43,34,64,66,62,72,124,42,37,45,56,15,11,13,12,5,1681,361,1,71,65,60,71,40,180,76,Eintracht Frankfurt,2029.0,,J. Bahoya
P. Aning LB LM,19,62,77,269831,Left,65,LM,15,900000.0,500.0,1900000.0,230,65,35,32,61,37,262,70,49,35,42,66,398,84,82,85,57,90,227,44,46,70,39,28,270,68,56,57,47,42,52,158,50,53,55,59,14,8,13,12,12,1604,348,1,83,37,54,70,51,176,71,Borussia Dortmund II,2026.0,,P. Aning
K. Borys CDM,16,58,80,269973,Left,60,CDM,22,600000.0,500.0,1500000.0,244,51,46,41,58,48,285,60,55,52,54,64,341,64,63,78,45,91,242,57,35,60,34,56,272,56,60,51,54,51,64,178,59,60,59,51,8,9,13,8,13,1613,336,1,63,51,55,64,58,175,62,Westerlo,2026.0,,K. Borys
F. Israel GK,23,74,82,270141,Right,74,GK,8,8000000.0,7000.0,17600000.0,64,11,6,10,32,5,78,12,14,10,26,16,188,30,32,33,56,37,229,53,65,23,80,8,89,16,11,8,43,11,44,30,7,12,11,374,79,72,71,73,79,1052,405,1,79,72,71,79,31,190,82,Sporting CP,2027.0,,F. Israel
G. Rukavina LW LM RW,19,65,79,270292,Right,65,LW,14,1700000.0,500.0,4800000.0,240,51,56,37,58,38,264,71,46,39,39,69,391,88,86,90,60,67,275,54,58,56,53,54,231,56,16,56,50,53,61,75,21,26,28,46,8,10,7,13,8,1522,342,1,87,54,51,71,24,180,75,Dinamo Zagreb,2028.0,,G. Rukavina
A. Asad CAM RM LM,30,68,68,270564,Left,69,LW,0,0.0,0.0,0.0,309,69,61,43,68,68,340,75,70,53,67,75,353,71,62,84,60,76,256,61,45,50,40,60,269,60,28,64,67,50,74,98,37,27,34,43,9,12,7,7,8,1668,349,1,66,61,67,75,33,174,61,Qatar,,,A. Asad
T. Cervera ST LW,20,65,76,271026,Left,67,ST,11,1600000.0,4000.0,2700000.0,298,62,68,55,56,57,279,67,53,39,54,66,359,74,76,76,58,75,320,63,71,55,70,61,248,45,22,69,54,58,56,84,21,32,31,48,6,11,12,9,10,1636,353,1,75,65,56,67,29,180,79,Rosario Central,2026.0,,T. Cervera
L. Ullrich LWB,19,62,79,271119,Left,62,LWB,17,1000000.0,2000.0,2300000.0,242,62,39,46,61,34,260,60,57,31,50,62,328,68,66,67,57,70,286,52,59,65,64,46,232,51,58,49,44,30,56,170,55,59,56,47,9,9,12,5,12,1565,342,1,67,43,54,61,56,180,73,Borussia Mönchengladbach,2027.0,,L. Ullrich
H. Akman CM,18,58,76,271169,Right,63,CAM,18,525000.0,2000.0,1300000.0,245,45,47,46,62,45,297,72,55,46,58,66,360,78,69,76,50,87,244,57,47,55,33,52,250,48,41,52,55,54,58,145,47,51,47,61,14,10,11,12,14,1602,338,1,73,51,55,70,47,170,65,Galatasaray,2024.0,,H. Akman
D. Mubama ST,18,60,78,271227,Left,62,ST,18,625000.0,4000.0,1600000.0,263,41,61,58,48,55,235,57,45,38,39,56,341,76,79,63,56,67,299,59,72,54,62,52,240,58,20,59,47,56,55,68,23,27,18,60,10,12,13,14,11,1506,325,1,78,58,44,58,27,183,70,West Ham United,2024.0,,D. Mubama
M. De Lima RW RM LM,19,63,76,271305,Left,66,LM,13,1100000.0,1000.0,2700000.0,261,60,57,30,68,46,294,67,59,41,59,68,351,69,70,60,59,93,221,59,37,51,38,36,224,29,17,62,65,51,62,77,24,24,29,51,11,10,13,11,6,1479,316,1,70,53,63,67,24,164,54,Bordeaux,2026.0,,M. De Lima
Vitinho CM CDM LM,23,65,72,271321,Right,69,CAM,7,1400000.0,2000.0,3200000.0,302,54,64,56,68,60,315,69,63,54,64,65,339,64,66,70,62,77,324,73,62,63,57,69,288,40,58,66,68,56,62,161,49,55,57,43,6,13,11,8,5,1772,372,1,65,66,64,68,54,175,68,Arouca,2025.0,,Vitinho
Fran Pérez RM LM,20,73,82,271373,Right,74,CAM,9,6500000.0,19000.0,15000000.0,307,69,67,30,75,66,344,77,63,62,68,74,365,76,74,77,71,67,320,67,55,70,55,73,286,40,42,71,67,66,59,113,47,35,31,54,9,13,8,9,15,1789,382,1,75,68,70,74,39,176,67,Valencia,2026.0,,Fran Pérez
K. Etta Eyong CDM CM,19,63,78,271414,Right,65,CB,15,1100000.0,3000.0,3000000.0,216,43,33,43,64,33,241,51,30,39,56,65,309,63,64,58,51,73,281,64,59,45,72,41,263,66,63,40,56,38,54,204,69,65,70,55,14,12,10,8,11,1569,343,1,64,41,54,57,64,181,75,Cádiz,2025.0,,K. Etta Eyong
M. Dorgeles CM,18,63,79,271495,Left,67,LM,16,1200000.0,1000.0,2300000.0,244,55,45,39,67,38,285,68,43,40,65,69,371,79,75,78,59,80,254,55,51,60,46,42,263,51,51,61,65,35,64,160,52,54,54,49,6,14,10,8,11,1626,355,1,77,46,61,69,51,178,67,Nordsjælland,2026.0,,M. Dorgeles
D. Sylla RWB RM,20,64,77,271507,Right,65,RM,13,1300000.0,4000.0,0.0,280,65,55,50,60,50,287,67,56,40,60,64,357,78,71,76,56,76,277,50,59,74,49,45,256,60,56,58,43,39,55,166,48,66,52,48,15,10,7,11,5,1671,361,1,74,51,56,66,56,175,68,Rodez,,,D. Sylla
J. Rooney CB RB,19,62,72,271566,Right,64,CB,10,800000.0,1000.0,1600000.0,249,44,42,63,62,38,275,58,50,44,60,63,304,63,65,58,54,64,295,42,72,70,71,40,234,54,57,42,47,34,68,185,60,63,62,44,10,10,12,6,6,1586,347,1,64,41,54,60,61,188,78,Derby County,2026.0,,J. Rooney
X. Simons CDM CM RB,20,64,79,271668,Right,65,CDM,15,1300000.0,3000.0,0.0,266,56,43,61,66,40,294,63,57,47,64,63,328,68,67,64,58,71,319,62,70,69,67,51,292,71,60,48,61,52,69,185,57,65,63,51,15,7,8,14,7,1735,370,1,67,49,61,64,61,183,81,Fleetwood Town,,,X. Simons
L. Chambers LB CB LWB,19,62,78,271976,Left,62,LB,16,1000000.0,7000.0,0.0,233,56,36,50,59,32,260,63,44,43,50,60,306,69,64,53,61,59,240,32,59,56,57,36,262,57,62,40,55,48,48,183,59,63,61,41,5,10,12,6,8,1525,334,1,66,36,55,60,60,185,74,Wigan Athletic,,,L. Chambers
K. Keben RB,19,68,81,271983,Right,71,CB,13,2700000.0,5000.0,7100000.0,257,55,29,71,66,36,234,55,38,36,42,63,280,67,66,40,64,43,290,43,82,63,77,25,227,59,66,28,31,43,58,207,69,71,67,50,8,15,9,6,12,1545,343,1,66,32,50,56,69,190,86,Toulouse,2025.0,,K. Keben
S. Armstrong ST LW,20,65,79,272365,Right,67,ST,14,1700000.0,4000.0,4300000.0,285,53,63,56,54,59,264,62,57,40,46,59,359,88,90,62,60,59,353,73,86,58,82,54,275,75,25,62,55,58,50,53,18,15,20,46,8,9,8,9,12,1635,362,1,89,63,52,60,23,182,80,Queens Park Rangers,2024.0,,S. Armstrong
B. Cremaschi CM CAM RM,18,67,82,272687,Right,70,CAM,15,2400000.0,1000.0,5100000.0,252,48,58,38,69,39,299,75,49,37,68,70,349,73,75,71,60,70,283,60,55,60,58,50,309,50,58,66,72,63,60,183,55,65,63,59,10,12,11,12,14,1734,380,1,74,57,63,71,58,180,75,Inter Miami,2025.0,,B. Cremaschi
G. Ambrosino ST,19,65,82,272726,Right,67,ST,17,1900000.0,7000.0,0.0,309,58,60,67,64,60,286,62,59,50,50,65,339,73,74,69,63,60,339,63,79,64,73,60,279,60,36,65,56,62,57,110,31,44,35,51,6,12,6,13,14,1713,364,1,74,61,58,63,40,187,76,Catanzaro,,,G. Ambrosino
Félix CB LB,19,67,80,272788,Left,69,CB,13,2300000.0,4000.0,0.0,230,50,18,65,66,31,203,27,25,26,60,65,314,64,64,51,66,69,256,38,70,61,68,19,229,64,68,25,34,38,48,201,67,69,65,44,13,5,6,9,11,1477,318,1,64,24,51,46,67,184,77,Amorebieta,,,Félix
M. Giménez ST LW,24,72,77,272839,Right,74,CAM,5,3600000.0,11000.0,5700000.0,325,58,75,60,71,61,326,76,56,55,65,74,354,75,72,72,71,64,343,70,74,67,70,62,296,57,34,76,66,63,68,79,22,30,27,50,14,7,11,9,9,1773,380,1,73,70,65,74,31,185,73,Independiente,2026.0,,M. Giménez
M. Antoni CB LB,20,67,79,273603,Left,69,CB,12,2300000.0,500.0,5500000.0,257,53,36,66,62,40,254,38,41,42,65,68,283,53,53,51,60,66,279,42,69,61,71,36,259,66,66,36,45,46,54,205,69,70,66,51,8,10,8,10,15,1588,333,1,53,38,55,52,68,181,79,Nacional,2028.0,,M. Antoni
S. Homenchenko CM CDM LM,19,67,79,273605,Left,70,CDM,12,2400000.0,2000.0,4300000.0,287,50,59,50,70,58,311,61,59,60,66,65,330,70,73,65,69,53,346,60,65,87,69,65,328,71,66,59,67,65,57,190,55,67,68,54,13,13,10,7,11,1846,395,1,72,61,64,62,62,185,76,Real Oviedo,2024.0,,S. Homenchenko
J. Beadle GK,18,66,81,273621,Right,66,GK,15,1700000.0,2000.0,0.0,98,12,6,15,55,10,111,10,15,11,50,25,247,47,45,55,55,45,229,50,64,40,67,8,105,25,11,6,50,13,50,33,6,15,12,329,66,64,66,67,66,1152,375,1,66,64,66,66,46,198,85,Sheffield Wednesday,,,J. Beadle
R. Rodríguez GK,19,66,77,273705,Right,66,GK,11,1600000.0,500.0,3800000.0,54,12,8,10,17,7,75,5,11,11,35,13,182,30,23,27,67,35,208,56,55,28,61,8,104,23,9,5,48,19,25,35,8,14,13,330,71,57,74,62,66,988,357,1,71,57,74,66,27,188,78,Peñarol,2024.0,,R. Rodríguez
E. Cabrera CAM CM,20,66,73,273730,Right,68,CAM,7,1700000.0,3000.0,2900000.0,282,60,57,48,70,47,358,71,78,67,71,71,368,74,70,82,58,84,291,70,54,64,45,58,284,49,54,58,61,62,59,150,45,56,49,48,7,15,12,9,5,1781,373,1,72,60,67,72,51,172,68,Vélez Sarsfield,2025.0,,E. Cabrera
V. Djukanović LW ST,19,66,81,273859,Right,66,LW,15,2000000.0,2000.0,3800000.0,275,53,68,36,58,60,314,69,72,57,48,68,376,82,81,82,58,73,312,68,56,60,54,74,235,50,25,58,58,44,64,63,20,22,21,55,7,11,10,12,15,1630,351,1,81,67,56,69,23,184,78,Hammarby,2027.0,,V. Djukanović
I. Kostis CB LB,20,67,81,274208,Left,69,CB,14,2300000.0,10000.0,6300000.0,200,41,15,66,57,21,198,46,28,20,49,55,274,61,62,41,65,45,268,31,78,55,82,22,225,64,67,29,28,37,60,198,65,68,65,48,11,8,12,12,5,1411,315,1,62,22,44,50,66,192,83,Atlético Madrid,2027.0,,I. Kostis
O. Perea LM,17,67,83,274231,Right,68,RM,16,2500000.0,500.0,5100000.0,286,65,70,44,63,44,281,73,42,44,50,72,335,69,69,62,64,71,254,58,50,44,50,52,237,45,20,64,62,46,58,73,22,21,30,51,9,11,11,9,11,1517,331,1,69,61,59,70,24,180,68,Atlético Nacional,2024.0,,O. Perea
S. Borgelin ST,21,60,68,274545,Right,62,ST,8,550000.0,1000.0,935000.0,234,32,62,65,37,38,225,61,35,37,26,66,250,57,55,55,46,37,323,67,71,52,73,60,216,32,11,62,43,68,52,42,11,14,17,39,7,5,12,10,5,1329,290,1,56,62,35,60,18,196,85,Inter Miami,2024.0,,S. Borgelin
C. Bonsu Baah RM LM,18,69,81,274913,Left,70,LM,12,3200000.0,3000.0,5400000.0,282,63,60,29,66,64,314,78,67,41,53,75,401,86,85,82,65,83,321,74,59,64,59,65,231,44,30,58,48,51,69,83,29,30,24,38,8,5,12,5,8,1670,370,1,85,63,59,77,29,172,73,Genk,2028.0,,C. Bonsu Baah
P. Demjén GK,25,68,71,274968,Right,68,GK,3,0.0,0.0,0.0,71,11,12,11,22,15,75,16,12,12,16,19,166,29,24,32,50,31,213,52,56,25,62,18,143,26,26,17,57,17,34,54,19,22,13,344,69,65,69,71,70,1066,371,1,69,65,69,70,27,186,78,Hungary,,,P. Demjén
K. Okpala ST RM,18,60,77,274999,Right,62,ST,17,625000.0,500.0,1300000.0,255,37,62,52,53,51,225,64,39,31,34,57,350,73,81,72,56,68,304,57,68,56,68,55,215,29,22,55,45,64,44,70,21,26,23,44,10,6,8,11,9,1463,325,1,77,59,44,62,26,185,78,Waldhof Mannheim,2024.0,,K. Okpala
F. Thorvaldsen LW,17,58,78,275201,Right,58,LW,20,550000.0,500.0,1200000.0,248,48,52,47,53,48,262,64,52,43,41,62,342,71,77,78,43,73,251,51,52,51,48,49,213,42,20,54,50,47,57,66,25,22,19,56,11,14,11,13,7,1438,311,1,74,51,49,64,25,174,66,Vålerenga,2025.0,,F. Thorvaldsen
T. Fernández LM CAM RM,19,68,80,275205,Right,69,CAM,12,2900000.0,4000.0,4900000.0,279,54,54,45,71,55,350,73,72,59,72,74,382,78,76,86,60,82,291,65,59,62,53,52,273,48,44,52,66,63,65,140,46,46,48,46,13,6,8,8,11,1761,374,1,77,56,66,74,46,175,68,Vélez Sarsfield,2025.0,,T. Fernández
M. Sarr CB CDM,17,66,82,275507,Right,68,CB,16,2000000.0,500.0,0.0,208,36,21,67,63,21,237,51,49,30,49,58,283,54,68,41,63,57,289,58,71,60,74,26,245,63,65,19,54,44,68,195,64,68,63,52,14,5,8,13,12,1509,331,1,62,30,51,54,66,194,77,RWDM,,,M. Sarr
J. Arizala RM,17,62,79,275647,Left,63,LM,17,1000000.0,500.0,2000000.0,239,53,53,39,54,40,245,62,39,39,40,65,367,81,83,80,58,65,275,62,52,73,47,41,204,30,19,58,49,48,48,73,20,30,23,45,7,11,10,9,8,1448,322,1,82,52,49,64,25,183,70,Independiente Medellín,2028.0,,J. Arizala
M. Fernandez-Pardo LM CAM,18,62,78,276048,Right,63,RM,16,1000000.0,1000.0,2100000.0,269,56,57,43,60,53,295,70,52,52,56,65,339,78,71,74,51,65,279,57,55,60,51,56,209,29,21,53,51,55,49,71,22,25,24,50,14,9,6,13,8,1512,327,1,74,56,56,67,25,183,72,Gent,2026.0,,M. Fernandez-Pardo
T. Barry ST,20,68,78,276295,Right,70,ST,10,2700000.0,5000.0,4500000.0,306,48,72,67,53,66,260,69,51,46,33,61,355,74,80,78,62,61,346,69,78,67,71,61,234,35,14,68,47,70,66,55,18,18,19,53,10,12,6,14,11,1609,345,1,77,69,47,67,22,195,82,Basel,2027.0,,T. Barry
M. Brandt CM CAM CDM,22,65,69,276365,Right,68,CAM,4,1000000.0,700.0,1500000.0,268,56,58,38,68,48,290,69,49,42,62,68,355,67,66,79,68,75,289,54,47,83,50,55,268,48,54,61,64,41,65,149,54,53,42,51,15,12,5,9,10,1670,362,1,66,55,62,70,51,180,71,Ulm,2025.0,,M. Brandt
F. Rózga LM,16,58,81,276395,Left,59,LM,23,650000.0,500.0,1500000.0,235,54,49,32,56,44,269,65,47,44,49,64,306,75,75,66,42,48,227,39,49,52,53,34,192,41,16,45,51,39,45,79,30,25,24,54,12,13,11,8,10,1362,308,1,75,43,53,62,25,176,72,Cracovia Kraków,2026.0,,F. Rózga
S. Mouriño CB RB,21,70,83,276493,Right,72,CB,13,3700000.0,16000.0,0.0,223,37,32,71,61,22,204,40,35,31,48,50,338,66,71,65,67,69,318,55,82,71,80,30,263,75,66,42,51,29,62,208,65,74,69,47,14,7,10,8,8,1601,349,1,69,36,49,49,69,183,76,Real Zaragoza,,,S. Mouriño
L. Burcu LM,18,63,75,276583,Right,65,CAM,12,1100000.0,550.0,1800000.0,266,50,59,51,62,44,282,67,42,49,58,66,358,75,69,83,64,67,287,54,60,62,53,58,271,57,56,55,58,45,57,148,43,52,53,53,15,12,7,14,5,1665,359,1,72,56,57,68,50,178,68,Sandhausen,2025.0,,L. Burcu
S. Charles CDM CB CM,19,66,81,276695,Right,67,CDM,15,1900000.0,6000.0,4800000.0,266,61,42,55,67,41,304,58,65,53,63,65,292,58,64,56,64,50,306,60,67,64,71,44,282,64,62,44,61,51,61,196,65,66,65,40,7,6,13,5,9,1686,363,1,61,47,63,60,64,189,77,Southampton,2027.0,,S. Charles
F. Higl ST,26,62,63,262838,Left,63,ST,1,475000.0,650.0,724000.0,294,58,58,68,64,46,231,59,33,39,40,60,271,54,72,52,52,41,343,66,74,69,79,55,251,49,24,62,60,56,46,63,24,20,19,55,13,7,14,8,13,1508,333,1,64,59,56,57,27,194,83,Ulm,2026.0,,F. Higl
22 R. Rios CDM,21,67,76,262881,Right,68,CDM,9,2200000.0,3000.0,4200000.0,257,60,32,52,70,43,292,72,43,39,70,68,300,74,68,60,53,45,297,63,49,62,68,55,316,75,59,62,67,53,73,202,65,70,67,49,9,10,14,6,10,1713,380,1,71,46,65,67,64,185,77,Mazatlán,2025.0,22,R. Rios
R. Wagner CM CDM,19,69,82,263076,Right,71,CM,13,3300000.0,7000.0,0.0,251,55,39,42,76,39,297,65,51,35,70,76,342,69,67,69,68,69,306,52,59,76,70,49,297,65,66,58,68,40,61,180,60,63,57,57,11,14,9,12,11,1730,378,1,68,45,66,69,60,181,80,SpVgg Greuther Fürth,,,R. Wagner
M. Łęgowski CDM CM,20,68,80,263317,Right,69,CAM,12,2800000.0,8000.0,5600000.0,286,56,56,53,72,49,329,70,60,57,70,72,348,75,75,65,63,70,336,60,70,78,70,58,293,67,61,56,64,45,66,182,62,62,58,40,9,13,7,6,5,1814,399,1,75,56,66,70,61,181,81,Salernitana,2026.0,,M. Łęgowski
23 G. Amanda ST LM,23,60,65,263449,Right,62,ST,5,375000.0,2000.0,572000.0,275,55,61,54,57,48,227,58,36,40,33,60,332,68,73,65,56,70,296,63,66,48,66,53,226,44,17,59,47,59,54,49,17,15,17,43,7,8,9,7,12,1448,316,1,71,59,49,60,20,178,76,Austria Klagenfurt,2023.0,23,G. Amanda
A. Kamara CM CDM,18,62,79,263514,Right,64,CM,17,1000000.0,2000.0,2300000.0,257,47,41,59,66,44,292,67,53,40,66,66,348,66,68,77,64,73,292,58,68,64,68,34,261,56,58,49,59,39,59,176,49,65,62,46,6,10,10,6,14,1672,359,1,67,43,59,67,58,183,82,Borussia Dortmund,2025.0,,A. Kamara
F. Ebosele RWB RM RB,20,70,78,263571,Right,70,RWB,8,3300000.0,6000.0,6600000.0,261,64,47,50,60,40,279,73,46,36,54,70,410,94,89,84,64,79,320,49,81,80,76,34,289,70,64,60,58,37,66,186,62,64,60,52,5,12,15,14,6,1797,405,1,91,45,58,73,62,180,64,Udinese,2027.0,,F. Ebosele
T. Gardner-Hickman CM CDM RB,21,69,79,263678,Right,71,CM,10,3100000.0,12000.0,6500000.0,297,67,57,52,73,48,332,70,65,58,70,69,343,70,77,61,67,68,327,71,60,71,55,70,311,59,66,62,64,60,60,197,60,72,65,56,11,15,13,5,12,1863,397,1,74,62,68,68,65,178,72,Bristol City,2027.0,,T. Gardner-Hickman
C. Witzig CM LW,22,70,79,263745,Right,72,CM,9,3600000.0,6000.0,6100000.0,310,66,60,57,73,54,325,68,65,48,71,73,347,69,68,72,64,74,341,66,68,77,66,64,314,62,62,68,71,51,72,182,60,63,59,56,9,14,10,12,11,1875,398,1,68,62,69,70,61,178,69,St. Gallen,2027.0,,C. Witzig
L. Thompson CDM CM,21,64,69,263918,Right,65,CDM,5,825000.0,2000.0,1500000.0,250,52,40,52,66,40,298,63,55,53,63,64,328,60,64,65,64,75,258,58,47,65,43,45,296,63,66,48,63,56,64,182,59,62,61,55,7,15,5,14,14,1667,347,1,62,46,61,64,61,173,68,Derby County,2024.0,,L. Thompson
O. Gene CDM CM RB,20,64,76,264137,Right,65,CDM,12,1300000.0,1000.0,2500000.0,264,55,41,58,67,43,275,64,42,37,67,65,327,67,65,66,64,65,309,63,68,66,67,45,276,66,55,55,55,45,55,182,55,64,63,51,9,14,7,12,9,1684,362,1,66,47,59,64,59,185,75,Amiens SC,2024.0,,O. Gene
Luis López GK,22,63,75,264170,Right,63,GK,12,1000000.0,1000.0,1800000.0,51,11,7,11,15,7,65,10,13,12,15,15,174,31,29,33,60,21,165,44,46,18,49,8,87,23,12,4,35,13,30,30,7,13,10,307,66,62,58,58,63,879,337,1,66,62,58,63,30,190,76,Mirandés,2025.0,,Luis López
Yayo CM CDM CAM,18,64,77,264179,Right,66,CAM,13,1400000.0,900.0,3100000.0,253,44,58,41,65,45,300,63,56,53,64,64,338,70,67,73,60,68,269,62,42,60,41,64,300,67,62,66,65,40,54,179,57,63,59,51,9,10,9,10,13,1690,360,1,68,59,60,64,58,180,68,Real Oviedo,2026.0,,Yayo
L. Bogarde CDM CM CB,19,64,79,264209,Right,67,CB,15,1300000.0,7000.0,3300000.0,263,53,44,60,65,41,281,60,54,43,60,64,310,65,63,58,59,65,302,56,73,60,75,38,284,67,63,50,49,55,62,189,61,66,62,53,9,10,11,13,10,1682,361,1,64,46,57,61,63,183,70,Aston Villa,2026.0,,L. Bogarde
L. Bazzoli CDM,22,64,70,264214,Right,68,CB,6,875000.0,900.0,1400000.0,236,39,35,66,60,36,241,58,35,29,56,63,304,59,60,58,65,62,305,54,75,64,79,33,262,66,63,37,46,50,57,195,64,66,65,46,7,13,7,11,8,1589,346,1,60,39,50,60,65,188,82,Preußen Münster,2025.0,,L. Bazzoli
Ureña LM RM ST,20,67,78,264230,Right,68,RM,11,2200000.0,6000.0,0.0,292,65,63,46,68,50,307,72,55,50,60,70,361,79,79,79,56,68,288,68,60,56,54,50,262,50,27,57,58,70,53,95,31,31,33,54,10,12,14,6,12,1659,359,1,79,61,63,70,32,180,75,Leganés,,,Ureña
K. Mizuta CAM CM LM,23,64,71,264245,Right,66,CAM,7,1200000.0,2000.0,2000000.0,289,56,60,47,65,61,290,71,57,43,51,68,342,69,68,77,61,67,274,61,54,53,53,53,270,49,39,60,60,62,55,127,43,48,36,49,12,8,8,14,7,1641,350,1,68,59,59,69,43,182,71,DSC Arminia Bielefeld,2025.0,,K. Mizuta
B. Bobzien CF ST RW,20,60,71,264247,Right,63,CAM,11,550000.0,3000.0,0.0,264,52,58,43,58,53,285,70,52,49,50,64,334,66,60,78,56,74,245,59,40,48,44,54,236,43,25,58,57,53,54,84,26,28,30,60,14,15,14,9,8,1508,317,1,63,57,55,68,29,174,70,Austria Lustenau,,,B. Bobzien
Daniel Penha CAM RM LM,24,70,75,264324,Left,72,CAM,5,2400000.0,2000.0,3200000.0,305,70,65,38,71,61,365,74,70,74,72,75,347,71,69,70,56,81,309,68,55,63,57,66,284,54,28,62,72,68,56,100,30,36,34,45,6,8,7,12,12,1755,370,1,70,66,71,72,33,170,68,Western United,2024.0,,Daniel Penha
Rodrigo Muniz ST,22,71,80,264337,Right,73,ST,9,4200000.0,40000.0,8800000.0,324,46,72,74,63,69,287,65,60,41,52,69,358,71,75,74,67,71,375,78,85,69,79,64,317,79,38,72,63,65,66,90,36,28,26,61,12,13,13,11,12,1812,383,1,73,71,57,68,37,185,79,Fulham,2026.0,,Rodrigo Muniz
23 A. Bencze GK,20,62,79,264351,Right,62,GK,17,925000.0,950.0,2500000.0,56,11,8,12,17,8,62,10,14,10,15,13,153,28,22,30,50,23,172,43,33,27,63,6,75,25,8,7,23,12,33,30,5,14,11,306,62,60,57,61,66,854,332,1,62,60,57,66,26,190,81,Vitória SC,2025.0,23,A. Bencze
S. Cox ST,18,59,75,264478,Left,61,ST,16,575000.0,650.0,1400000.0,240,35,59,54,47,45,222,58,33,39,34,58,362,77,74,78,57,76,314,59,70,68,66,51,213,35,19,60,43,56,56,64,21,25,18,44,5,7,7,12,13,1459,320,1,75,57,41,61,25,178,79,Exeter City,2026.0,,S. Cox
N. Bassette ST,18,64,78,264621,Left,66,ST,14,1400000.0,850.0,0.0,279,30,68,67,56,58,243,57,46,40,38,62,338,72,74,67,58,67,324,64,75,64,67,54,253,56,19,64,48,66,55,96,11,45,40,46,9,6,9,9,13,1579,337,1,73,64,45,60,31,186,74,Mechelen,,,N. Bassette
M. Amoura ST RM,23,73,79,264697,Left,75,ST,6,4900000.0,13000.0,8300000.000000001,332,61,80,60,62,69,323,74,65,48,64,72,445,94,93,92,75,91,324,74,67,71,41,71,296,66,34,75,57,64,75,146,45,48,53,45,9,7,11,9,9,1911,406,1,93,75,61,76,46,170,61,Union Saint-Gilloise,2027.0,,M. Amoura
H. Leonard ST,19,65,77,264746,Right,67,ST,12,1700000.0,7000.0,3600000.0,282,42,67,60,58,55,261,65,49,36,47,64,353,75,73,70,63,72,328,72,71,64,60,61,257,48,33,66,55,55,62,97,30,38,29,64,15,14,11,13,11,1642,351,1,74,66,51,65,36,184,72,Blackburn Rovers,2025.0,,H. Leonard
L. Tchaouna ST CF RM,19,67,79,264880,Left,70,CAM,12,2400000.0,7000.0,4800000.0,314,63,68,50,64,69,332,72,69,59,58,74,358,76,82,67,64,69,337,70,68,66,64,69,274,47,32,66,60,69,63,106,37,36,33,63,14,12,15,8,14,1784,379,1,79,69,62,71,37,180,67,Salernitana,2026.0,,L. Tchaouna
F. Afena-Gyan ST,20,72,82,265187,Right,74,ST,10,5000000.0,3000.0,9000000.0,334,56,75,67,65,71,332,72,62,61,62,75,389,88,90,75,64,72,345,69,81,58,67,70,275,50,37,68,49,71,64,106,34,38,34,34,11,5,6,5,7,1815,393,1,89,72,59,72,39,175,62,Cremonese,2026.0,,F. Afena-Gyan
A. Benarous CAM LM CM,19,62,76,265197,Left,64,CAM,14,950000.0,4000.0,2400000.0,233,48,47,35,64,39,301,69,62,51,55,64,364,76,69,81,57,81,239,52,44,51,42,50,234,40,33,56,59,46,51,122,39,40,43,53,6,14,10,9,14,1546,329,1,72,49,58,68,38,173,64,Bristol City,2025.0,,A. Benarous
T. Morton CDM CM,20,70,79,265459,Right,73,CM,9,3300000.0,29000.0,0.0,298,68,48,59,75,48,363,70,74,71,75,73,337,69,63,72,63,70,314,62,62,77,54,59,330,70,65,65,73,57,73,196,62,67,67,55,12,13,5,13,12,1893,391,1,66,54,73,71,64,178,73,Hull City,,,T. Morton
S. Vignato CF ST,19,65,81,265595,Right,69,CAM,16,1900000.0,7000.0,4400000.0,270,51,62,36,64,57,306,73,51,49,61,72,386,75,69,87,66,89,251,56,41,65,33,56,243,37,33,60,64,49,54,102,38,30,34,48,14,12,5,9,8,1606,341,1,72,59,60,74,34,172,59,Monza,2025.0,,S. Vignato
César Tárrega CB,21,64,75,265726,Right,66,CB,11,1200000.0,5000.0,0.0,232,37,31,72,62,30,218,36,31,29,59,63,288,52,61,57,58,60,293,60,71,52,66,44,258,62,66,31,51,48,55,183,65,60,58,48,14,11,11,7,5,1520,323,1,57,40,51,49,64,193,78,Real Valladolid,,,César Tárrega
C. Savage CDM CM,20,65,76,265789,Left,66,CM,11,1500000.0,1000.0,2900000.0,275,59,56,51,67,42,326,64,67,62,68,65,302,62,58,64,63,55,302,62,59,63,59,59,287,58,61,58,66,44,62,189,63,64,62,50,8,7,15,9,11,1731,368,1,60,57,65,64,62,182,72,Reading,2027.0,,C. Savage
J. Rowe LM RM CAM,20,69,81,266500,Right,72,ST,12,3400000.0,12000.0,7100000.0,306,63,67,61,63,52,307,73,68,47,47,72,393,85,81,80,65,82,343,80,77,56,64,66,288,61,39,70,63,55,65,79,38,24,17,53,8,13,15,7,10,1769,380,1,83,68,60,73,34,178,74,Norwich City,2025.0,,J. Rowe
G. Álvarez CB LB LWB,23,75,82,266797,Left,77,CB,7,10500000.0,20000.0,24200000.0,263,74,21,70,69,29,270,65,50,32,55,68,337,68,80,59,71,59,271,35,79,60,79,18,269,84,77,28,40,40,61,224,79,72,73,53,10,11,12,8,12,1687,374,1,75,25,59,65,75,184,72,Getafe,2028.0,,G. Álvarez
N. Valentini CB,22,72,80,267681,Left,74,CB,8,4900000.0,11000.0,8300000.000000001,224,27,28,68,69,32,248,60,28,34,62,64,347,72,73,62,69,71,308,44,86,73,74,31,261,72,70,21,60,38,70,220,73,73,74,54,13,5,15,10,11,1662,368,1,73,32,54,63,72,187,74,Boca Juniors,2024.0,,N. Valentini
K. Doumbia CAM CM,20,72,79,267702,Right,74,CAM,7,4600000.0,12000.0,0.0,310,63,65,55,74,53,330,74,64,48,70,74,366,71,69,81,71,74,322,68,63,70,54,67,321,59,59,72,73,58,73,173,54,60,59,52,9,10,14,10,9,1874,395,1,70,65,69,75,57,170,53,Stade Brestois 29,,,K. Doumbia
Kim Ji Soo CB,18,62,76,267844,Right,64,CB,14,875000.0,2000.0,2200000.0,187,23,21,70,52,21,168,28,23,22,60,35,230,43,58,38,50,41,260,35,71,55,79,20,214,62,61,25,43,23,42,182,63,61,58,44,14,7,7,9,7,1285,283,1,51,24,43,34,62,192,73,Brentford,2027.0,,Kim Ji Soo
S. Braybrooke CDM,19,63,78,267868,Right,66,CM,15,1100000.0,4000.0,2700000.0,268,51,47,51,69,50,321,65,62,57,67,70,319,64,62,64,65,64,286,65,58,57,55,51,271,51,55,54,63,48,61,177,58,61,58,49,12,11,9,6,11,1691,357,1,63,52,63,66,58,170,56,Leicester City,2026.0,,S. Braybrooke
G. Vidović LW CAM,19,67,83,267899,Right,70,CAM,16,2600000.0,500.0,7300000.0,293,52,67,48,68,58,312,74,68,45,48,77,340,70,66,70,65,69,303,62,58,60,56,67,235,34,21,60,62,58,60,55,18,18,19,45,8,5,9,10,13,1583,340,1,68,65,59,73,22,180,73,Dinamo Zagreb,2025.0,,G. Vidović
L. Noubi CB RB,18,65,81,268082,Right,67,CB,16,1700000.0,1000.0,3600000.0,197,37,15,61,64,20,242,64,34,20,58,66,332,75,75,62,59,61,282,33,81,65,80,23,227,67,59,16,51,34,56,186,62,63,61,52,8,8,11,11,14,1518,347,1,75,21,51,64,62,180,81,Standard Liège,2025.0,,L. Noubi
M. Dekker CB LB,19,66,79,268106,Left,68,CB,13,1900000.0,2000.0,4000000.0,244,45,35,68,63,33,224,45,33,29,65,52,293,63,62,54,64,50,285,42,74,66,74,29,267,67,63,44,43,50,56,199,67,67,65,51,12,9,13,10,7,1563,338,1,62,36,53,50,66,191,78,AZ Alkmaar,2026.0,,M. Dekker
K. Kelsy ST,18,66,81,268300,Left,68,ST,15,2000000.0,500.0,5700000.0,297,40,68,74,53,62,240,64,40,45,32,59,333,75,83,65,66,44,326,63,80,55,64,64,235,28,23,62,56,66,55,67,22,23,22,54,8,14,12,7,13,1552,336,1,79,66,47,61,28,193,83,Shakhtar Donetsk,2027.0,,K. Kelsy
W. Cheddira ST,25,72,75,268511,Right,74,ST,3,3100000.0,33000.0,0.0,323,66,73,61,66,57,295,68,49,47,62,69,364,82,89,71,70,52,381,70,86,74,84,67,298,55,29,78,66,70,70,116,41,41,34,49,5,6,14,10,14,1826,405,1,86,71,64,68,40,187,80,Frosinone,,,W. Cheddira
B. Aguilera CAM CM,20,65,78,268719,Left,67,CAM,13,1700000.0,11000.0,0.0,252,45,57,36,71,43,285,63,45,42,70,65,336,58,65,60,66,87,248,47,47,38,55,61,279,48,57,56,70,48,59,136,38,50,48,45,5,10,8,9,13,1581,339,1,62,55,63,64,46,168,65,Bristol Rovers,,,B. Aguilera
D. Jean Jacques CDM CM,23,70,81,268805,Left,71,CDM,11,3300000.0,9000.0,7300000.0,277,56,41,64,72,44,311,66,62,45,69,69,338,68,69,68,65,68,343,67,74,70,73,59,299,73,65,64,62,35,69,204,66,71,67,46,11,12,7,9,7,1818,391,1,69,51,65,67,67,182,72,Metz,2027.0,,D. Jean Jacques
M. Ben Romdhane CAM CDM,23,71,77,268822,Right,73,CAM,6,3000000.0,650.0,7200000.0,306,58,68,50,74,56,364,70,76,76,71,71,337,72,68,69,72,56,366,71,71,68,74,82,339,59,68,67,70,75,68,184,63,64,57,55,11,12,7,13,12,1951,412,1,70,71,70,70,62,186,78,Ferencváros,2028.0,,M. Ben Romdhane
E. Addo CDM,23,65,72,268836,Right,68,CAM,7,0.0,0.0,0.0,253,41,62,41,68,41,309,67,48,60,62,72,330,66,71,69,62,62,340,69,60,71,74,66,305,62,58,54,66,65,70,173,60,59,54,42,5,9,11,11,6,1752,387,1,69,63,60,68,57,180,73,Ghana,,,E. Addo
A. Fathi CDM CM,30,67,67,268879,Right,67,CDM,0,0.0,0.0,0.0,236,43,36,56,63,38,255,53,47,38,61,56,356,73,69,68,66,80,311,42,71,91,68,39,273,78,72,41,52,30,62,197,66,66,65,41,9,8,13,5,6,1669,363,1,71,38,54,58,66,171,70,Qatar,,,A. Fathi
M. Turk GK,19,63,78,268912,Left,63,GK,15,1000000.0,500.0,2200000.0,51,12,7,8,17,7,90,13,15,18,30,14,184,40,34,28,50,32,191,43,54,30,55,9,99,26,7,7,38,21,33,33,7,14,12,313,66,56,57,63,71,961,351,1,66,56,57,71,38,190,77,Parma,2025.0,,M. Turk
N. Bonfanti ST,21,67,78,268934,Right,69,ST,11,2300000.0,2000.0,4099999.9999999995,296,35,66,71,60,64,272,67,57,45,35,68,342,70,71,62,68,71,344,70,76,64,64,70,223,38,17,64,48,56,53,87,22,25,40,56,12,13,10,13,8,1620,340,1,71,67,48,66,29,178,66,Pisa,2026.0,,N. Bonfanti
O. Óskarsson ST,18,65,80,269186,Right,67,ST,15,1700000.0,3000.0,3300000.0,298,49,67,61,63,58,293,63,53,56,55,66,342,70,70,66,64,72,337,66,74,68,72,57,268,54,26,66,59,63,61,79,29,25,25,62,14,14,12,15,7,1679,354,1,70,64,57,65,30,188,80,København,2025.0,,O. Óskarsson
A. Buttaro RB CB RM,20,66,79,269350,Right,67,CB,13,2000000.0,1000.0,4500000.0,291,58,51,63,60,59,284,60,60,51,53,60,355,77,79,66,63,70,329,60,80,65,75,49,291,71,60,59,49,52,55,187,60,64,63,54,9,12,11,8,14,1791,382,1,78,53,56,61,62,183,80,Palermo,2027.0,,A. Buttaro
T. Lemperle ST,21,68,79,256564,Right,70,ST,11,2700000.0,9000.0,0.0,316,64,73,61,63,55,298,73,53,45,55,72,335,77,70,67,58,63,317,66,76,55,69,51,253,49,27,69,53,55,58,93,30,33,30,41,9,10,8,7,7,1653,362,1,73,65,59,70,33,187,78,SpVgg Greuther Fürth,,,T. Lemperle
J. Ngankam ST,22,71,78,256658,Right,73,ST,7,3800000.0,21000.0,0.0,320,69,71,62,65,53,286,75,48,43,50,70,381,78,91,70,67,75,362,75,82,59,78,68,267,64,15,69,60,59,70,72,17,36,19,50,12,8,6,13,11,1738,386,1,85,70,61,72,27,184,84,FSV Mainz 05,,,J. Ngankam
C. Puertas CM CAM CF,24,76,80,256688,Right,78,CAM,4,10500000.0,15000.0,16500000.0,339,80,70,47,77,65,380,78,74,78,72,78,365,75,73,71,72,74,369,75,69,78,72,75,381,80,70,72,84,75,74,212,71,74,67,47,11,9,8,12,7,2093,445,1,74,72,78,77,69,178,74,Union Saint-Gilloise,2025.0,,C. Puertas
I. Doukouré CDM CM CB,19,72,81,257090,Right,74,CB,9,4800000.0,8000.0,10600000.0,258,45,33,69,73,38,266,62,45,22,68,69,324,63,71,56,71,63,323,59,75,69,75,45,287,62,73,56,59,37,62,218,72,73,73,60,9,14,14,11,12,1736,376,1,67,42,60,64,72,183,80,Strasbourg,2026.0,,I. Doukouré
K. Bowie ST RM RW,20,64,78,257104,Left,66,ST,14,1400000.0,13000.0,0.0,308,65,62,61,58,62,283,61,67,37,55,63,346,75,75,70,62,64,363,66,83,73,83,58,308,79,45,64,60,60,63,101,34,37,30,47,12,7,7,8,13,1756,378,1,75,62,59,63,39,191,83,Northampton Town,,,K. Bowie
D. Abiama ST,24,67,72,257190,Right,69,ST,5,1600000.0,5000.0,2600000.0,272,39,68,63,49,53,263,69,59,39,30,66,359,81,77,68,65,68,345,66,78,69,68,64,231,39,17,69,44,62,61,54,24,14,16,48,6,9,9,9,15,1572,341,1,79,66,43,67,23,184,75,Kaiserslautern,2027.0,,D. Abiama
S. Diomandé CB,22,73,77,257204,Right,75,CB,4,4000000.0,21000.0,7900000.0,268,49,39,75,71,34,282,52,52,53,61,64,315,58,73,57,70,57,340,68,79,68,78,47,291,78,70,39,59,45,73,218,71,75,72,50,13,7,12,10,8,1764,380,1,66,46,61,58,73,184,74,Olympique Lyonnais,2025.0,,S. Diomandé
N. Bätzner CAM CF CM,23,68,73,257307,Right,70,CAM,5,1800000.0,7000.0,2900000.0,296,66,60,37,74,59,348,73,72,56,73,74,358,75,66,79,58,80,299,57,55,69,56,62,287,53,58,53,69,54,60,169,58,59,52,43,9,8,12,7,7,1800,387,1,70,59,70,73,56,175,66,Wehen Wiesbaden,2024.0,,N. Bätzner
R. Ofori GK,29,71,72,257439,Right,71,GK,1,0.0,0.0,0.0,110,20,18,15,45,12,166,28,36,25,39,38,269,39,47,54,65,64,245,58,65,30,72,20,174,45,19,11,40,59,56,67,24,21,22,358,71,71,77,66,73,1389,400,1,71,71,77,73,42,190,79,Ghana,,,R. Ofori
M. Raab GK,24,69,73,257480,Right,69,GK,4,1600000.0,8000.0,2700000.0,66,11,5,10,32,8,86,12,14,13,23,24,164,30,18,24,58,34,175,50,47,25,45,8,93,27,9,7,33,17,39,29,6,12,11,344,70,69,66,70,69,957,369,1,70,69,66,69,25,186,82,Hamburger SV,2026.0,,M. Raab
J. Juranović RWB LWB,27,77,77,257771,Right,77,RWB,0,10000000.0,31000.0,17000000.0,325,78,57,57,76,57,367,73,76,77,69,72,407,85,85,82,73,82,357,78,74,82,61,62,367,75,67,69,74,82,73,214,71,75,68,57,12,9,10,15,11,2094,438,1,85,64,75,74,70,173,68,FC Union Berlin,2027.0,,J. Juranović
K. Jakić CDM CM CB,26,74,75,257889,Right,74,CDM,1,4400000.0,27000.0,0.0,305,53,52,69,71,60,292,65,41,45,70,71,345,76,61,64,70,74,390,79,82,83,76,70,325,84,71,55,66,49,69,219,72,75,72,44,10,10,5,9,10,1920,412,1,68,61,63,68,72,181,75,FC Augsburg,,,K. Jakić
B. Brahimi RW ST,23,70,74,257975,Left,72,CAM,4,2300000.0,20000.0,0.0,309,67,65,51,70,56,336,76,64,64,60,72,349,75,76,69,60,69,340,73,71,56,71,69,268,55,22,68,69,54,67,74,19,29,26,44,15,6,10,6,7,1720,374,1,76,67,67,73,27,183,73,Stade Brestois 29,,,B. Brahimi
S. Soumano ST,22,68,75,257978,Right,70,ST,7,2500000.0,9000.0,0.0,294,41,72,69,63,49,276,73,46,45,42,70,317,69,69,62,56,61,321,69,69,56,59,68,244,32,20,68,54,70,55,58,21,19,18,46,5,12,7,11,11,1556,337,1,69,69,52,69,25,182,75,Quevilly Rouen,,,S. Soumano
M. Manhoef RM RW LM,21,72,78,258093,Left,73,LM,6,3800000.0,15000.0,8000000.0,331,66,66,75,65,59,316,74,61,51,60,70,406,87,84,73,74,88,361,66,81,86,72,56,307,77,54,67,61,48,68,166,53,58,55,48,13,6,9,7,13,1935,418,1,85,63,63,73,57,179,69,Stoke City,2027.0,,M. Manhoef
J. Aude LB CDM,20,67,81,258095,Left,69,LM,14,2300000.0,2000.0,4900000.0,257,62,41,47,68,39,289,76,37,38,64,74,360,74,70,76,64,76,297,57,61,73,59,47,290,64,62,59,63,42,72,186,58,63,65,45,12,14,7,6,6,1724,379,1,72,46,62,75,60,180,65,LA Galaxy,2027.0,,J. Aude
Raúl Moro LM RM LW,20,68,79,258139,Right,70,CAM,11,2600000.0,12000.0,0.0,267,63,61,31,66,46,308,76,55,43,59,75,380,79,82,77,60,82,205,53,42,33,30,47,245,45,23,66,64,47,61,78,30,26,22,47,7,14,11,6,9,1530,334,1,81,55,62,75,27,168,60,Real Valladolid,,,Raúl Moro
J. Sforza CDM CM,21,70,84,258289,Left,71,CM,14,3700000.0,6000.0,7900000.0,300,63,57,56,75,49,338,70,64,64,72,68,347,74,68,64,71,70,344,68,69,79,63,65,311,74,65,58,65,49,68,190,61,65,64,54,10,8,11,13,12,1884,402,1,71,60,69,69,63,180,76,Newell's Old Boys,2024.0,,J. Sforza
E. Dinkçi RM,21,74,80,258316,Right,76,CAM,6,7000000.0,16000.0,0.0,336,60,74,64,70,68,343,75,66,57,70,75,394,85,94,69,71,75,336,70,74,64,55,73,275,36,27,74,72,66,75,77,30,28,19,46,7,15,10,9,5,1807,389,1,90,72,68,74,31,188,75,Heidenheim,,,E. Dinkçi
A. Németh ST,20,65,79,258377,Right,67,ST,14,1700000.0,6000.0,3800000.0,277,34,67,65,54,57,243,65,51,31,32,64,345,73,78,68,58,68,336,61,81,60,78,56,224,49,13,63,48,51,61,47,14,16,17,42,6,12,7,6,11,1514,335,1,76,62,44,65,20,187,85,Hamburger SV,2026.0,,A. Németh
B. Soppy RB RM,21,71,82,258407,Right,71,RB,11,4000000.0,17000.0,0.0,291,69,41,65,68,48,289,68,58,32,63,68,368,80,77,74,65,72,346,64,82,73,76,51,306,68,64,65,60,49,60,200,63,69,68,52,7,12,12,10,11,1852,400,1,78,50,64,68,66,181,82,Schalke 04,,,B. Soppy
E. Matazo CDM CM,21,73,80,258433,Right,74,CM,7,6000000.0,23000.0,0.0,291,59,56,56,76,44,330,76,64,43,73,74,365,72,63,77,69,84,351,68,76,69,78,60,322,68,69,66,74,45,74,209,66,72,71,63,14,8,13,14,14,1931,413,1,67,59,70,75,68,170,67,Antwerp,,,E. Matazo
T. Arokodare ST,22,72,78,258911,Right,74,ST,6,3800000.0,12000.0,6500000.0,308,35,72,77,59,65,293,66,57,55,45,70,305,67,78,54,69,37,382,73,90,68,91,60,267,64,15,72,50,66,63,78,22,35,21,52,9,8,12,14,9,1685,367,1,73,69,50,65,30,197,97,Genk,2027.0,,T. Arokodare
Marvin RM RB,23,72,77,258922,Right,73,RM,5,3500000.0,68000.0,0.0,290,71,68,42,69,40,316,74,62,42,65,73,385,87,89,78,61,70,327,56,68,75,69,59,315,70,64,58,64,59,57,183,59,63,61,59,13,6,13,12,15,1875,418,1,88,61,66,72,60,178,63,Las Palmas,,,Marvin
M. Lovato CB,23,71,80,258946,Right,73,CB,9,3900000.0,15000.0,0.0,225,40,24,64,65,32,242,59,38,29,54,62,316,67,71,56,73,49,283,40,76,59,78,30,261,67,71,30,48,45,64,219,75,73,71,47,12,10,6,6,13,1593,354,1,69,30,52,60,72,188,78,Torino,,,M. Lovato
David Costa CF CAM LW,22,75,80,259139,Right,78,CAM,5,8500000.0,30000.0,16800000.0,321,76,70,42,75,58,368,82,75,66,66,79,395,78,74,86,72,85,296,74,51,56,40,75,273,48,32,71,74,48,77,101,36,30,35,43,6,8,9,10,10,1797,380,1,76,70,73,81,34,168,64,Lens,2026.0,,David Costa
M. Al Tamari RM ST,26,75,76,259191,Left,76,LW,1,6500000.0,22000.0,13500000.0,312,66,71,39,71,65,344,80,74,58,55,77,427,87,90,92,70,88,313,68,60,66,51,68,324,63,54,73,72,62,78,100,25,41,34,43,11,6,12,7,7,1863,401,1,89,69,67,80,38,176,66,Montpellier,2026.0,,M. Al Tamari
I. Moriba CM,20,72,79,259233,Right,74,CAM,7,4600000.0,23000.0,0.0,301,40,74,65,74,48,319,78,46,47,73,75,330,67,69,67,68,59,347,73,69,72,61,72,314,64,66,67,68,49,69,191,59,68,64,60,9,14,15,10,12,1862,405,1,68,71,63,74,64,185,73,Getafe,,,I. Moriba
M. Portanova CM CAM RM,23,69,77,259331,Right,72,CAM,8,3100000.0,10000.0,0.0,308,66,60,52,73,57,334,73,59,57,71,74,328,70,75,60,65,58,322,70,65,60,66,61,320,54,56,72,70,68,69,162,49,59,54,54,8,8,9,15,14,1828,392,1,73,63,69,71,54,183,79,Reggiana,,,M. Portanova
I. Saibari CAM CM RW,21,74,82,259480,Right,76,CAM,8,9500000.0,12000.0,15200000.0,318,68,68,44,74,64,350,77,69,58,68,78,382,77,82,74,74,75,359,74,70,72,77,66,307,64,44,69,73,57,69,133,47,45,41,56,8,12,11,10,15,1905,413,1,80,68,71,76,45,185,81,PSV,2028.0,,I. Saibari
H. Siquet RM RB,20,72,80,259586,Right,73,CM,8,5000000.0,14000.0,0.0,313,81,51,62,72,47,370,68,80,73,75,74,366,77,74,74,66,75,349,73,73,75,61,67,324,68,65,68,73,50,66,197,63,68,66,50,11,9,9,9,12,1969,412,1,75,59,75,71,65,180,70,Cercle Brugge,,,H. Siquet
I. Matanović ST,20,68,79,259750,Right,70,ST,11,2700000.0,11000.0,0.0,291,36,70,69,66,50,271,68,43,39,50,71,289,61,70,50,61,47,338,69,77,60,79,53,273,62,32,71,50,58,62,85,34,24,27,53,13,8,8,10,14,1600,352,1,66,65,52,65,33,194,90,Karlsruher SC,,,I. Matanović
A. Sima LM ST,22,73,79,259816,Right,76,ST,6,4900000.0,47000.0,0.0,357,68,76,75,67,71,321,74,68,51,60,68,393,85,92,75,72,69,380,77,88,74,74,67,296,62,35,70,68,61,70,115,37,38,40,44,9,8,8,7,12,1906,413,1,89,73,66,72,41,188,74,Rangers,,,A. Sima
I. De Arruabarrena GK,26,75,79,259872,Right,75,GK,4,6000000.0,6000.0,13100000.0,61,12,8,11,23,7,67,12,10,15,20,10,229,40,32,35,72,50,199,53,59,22,59,6,98,27,12,11,31,17,33,29,9,11,9,370,73,75,70,75,77,1053,407,1,73,75,70,77,37,183,79,Arouca,2024.0,,I. De Arruabarrena
Lautaro ST,22,65,74,260044,Right,67,ST,9,1600000.0,6000.0,0.0,283,27,71,65,60,60,262,66,40,47,40,69,290,67,56,53,60,54,311,61,75,35,75,65,219,35,15,62,48,59,47,42,13,16,13,51,8,8,14,15,6,1458,314,1,61,66,46,64,20,185,77,Mirandés,,,Lautaro
S. Sambo RB,21,69,80,260099,Right,69,RB,11,3000000.0,6000.0,4800000.0,255,61,38,58,65,33,271,65,47,33,60,66,371,78,79,74,66,74,325,59,77,77,72,40,288,68,66,57,58,39,67,193,64,64,65,41,7,8,5,13,8,1744,386,1,79,43,60,67,64,174,70,PSV,2024.0,,S. Sambo
P. Jones LM RM,20,61,78,260155,Right,62,RM,17,850000.0,1000.0,2100000.0,233,53,54,35,51,40,262,67,44,38,47,66,382,89,90,76,48,79,263,67,54,51,48,43,211,38,20,49,50,54,52,94,30,31,33,55,15,9,14,8,9,1500,336,1,90,53,50,67,29,180,70,Huddersfield Town,2025.0,,P. Jones
D. Guindo LB,20,67,76,260237,Left,67,LB,9,2100000.0,4000.0,3600000.0,235,59,32,53,61,30,278,73,52,36,50,67,376,83,84,85,60,64,292,48,71,76,61,36,272,77,58,46,51,40,58,184,56,65,63,56,13,14,5,14,10,1693,375,1,84,37,55,71,60,183,72,Salzburg,2025.0,,D. Guindo
J. McGlynn CM,19,68,81,260479,Left,70,CM,13,2900000.0,2000.0,6200000.0,273,61,48,48,75,41,356,67,75,72,73,69,346,71,69,69,65,72,311,65,60,68,57,61,274,55,55,61,72,31,67,173,52,63,58,42,5,7,12,13,5,1775,378,1,70,53,71,68,56,180,73,Philadelphia Union,2025.0,,J. McGlynn
J. Rawlins RB CB,19,60,75,260533,Right,60,RB,15,550000.0,1000.0,0.0,230,51,37,50,57,35,257,55,49,42,55,56,340,73,71,70,56,70,290,48,66,74,64,38,251,58,52,49,53,39,55,167,54,57,56,47,10,5,14,11,7,1582,343,1,72,40,54,58,54,181,73,Perth Glory,,,J. Rawlins
B. Traoré ST RM,20,67,79,260651,Right,70,CAM,12,2500000.0,10000.0,0.0,279,49,68,48,59,55,268,72,45,40,39,72,415,86,86,89,69,85,333,68,69,75,62,59,259,48,22,67,67,55,68,94,25,40,29,48,10,12,7,10,9,1696,374,1,86,65,54,74,32,172,64,Nantes,,,B. Traoré
B. Norton-Cuffy RWB RB,19,67,80,260653,Right,67,RWB,13,2300000.0,13000.0,0.0,255,67,34,59,59,36,286,72,54,41,53,66,365,79,81,73,64,68,299,43,75,73,69,39,281,66,57,58,55,45,64,183,59,61,63,52,7,12,13,11,9,1721,376,1,80,39,58,69,60,181,70,Millwall,,,B. Norton-Cuffy
H. Lintott RB,20,63,72,260717,Right,63,RB,9,1000000.0,1000.0,2000000.0,227,53,40,58,49,27,210,57,32,30,36,55,348,77,81,70,60,60,322,45,80,80,79,38,244,58,58,52,45,31,48,177,59,60,58,44,13,10,10,5,6,1572,356,1,79,40,45,58,59,185,81,Northampton Town,2025.0,,H. Lintott
Lee Tae Suk LB LWB,20,67,78,261063,Left,69,LWB,11,2100000.0,2000.0,3000000.0,236,68,32,37,59,40,301,64,61,57,53,66,380,70,74,85,67,84,267,44,43,85,44,51,271,61,65,57,53,35,47,186,64,60,62,48,13,8,8,8,11,1689,356,1,72,40,59,67,60,174,70,Seoul,2025.0,,Lee Tae Suk
A. Costa LB LWB CB,23,72,76,261097,Left,73,CB,4,3100000.0,9000.0,4900000.0,277,62,42,65,67,41,270,62,44,42,59,63,350,73,70,71,70,66,318,55,75,73,69,46,318,76,75,56,65,46,71,218,72,72,74,40,10,5,6,11,8,1791,387,1,71,46,62,64,72,179,75,Independiente,2025.0,,A. Costa
É. Michut CDM CM,20,68,80,261249,Right,71,CM,12,2800000.0,16000.0,0.0,288,59,54,54,73,48,323,73,61,48,69,72,347,65,61,77,66,78,286,65,49,68,38,66,321,68,67,61,70,55,70,192,66,67,59,50,9,13,11,8,9,1807,379,1,63,59,67,73,65,178,68,Adana Demirspor,,,É. Michut
K. Hansen LB LM,21,70,80,261313,Left,71,LWB,10,3400000.0,2000.0,6100000.0,277,64,40,59,70,44,308,65,60,55,63,65,363,77,85,71,67,63,330,50,74,88,67,51,289,60,64,60,61,44,60,190,62,65,63,61,14,15,7,11,14,1818,391,1,81,46,65,65,63,184,73,Palermo,2027.0,,K. Hansen
Kang Seong Jin RM RW,20,64,72,261401,Left,65,LM,8,1300000.0,2000.0,1900000.0,263,58,57,43,46,59,291,71,64,52,43,61,365,81,79,80,61,64,296,64,60,64,56,52,247,35,24,67,63,58,51,76,25,26,25,41,5,10,14,7,5,1579,339,1,80,58,53,67,27,178,76,Seoul,2026.0,,Kang Seong Jin
T. Douvikas ST,23,74,81,261478,Right,76,ST,7,8500000.0,19000.0,19600000.0,338,60,75,69,69,65,316,73,59,47,63,74,375,83,79,74,70,69,377,74,83,80,74,66,301,58,38,78,57,70,71,83,28,28,27,53,9,11,12,13,8,1843,395,1,81,72,62,73,34,186,76,Celta de Vigo,2028.0,,T. Douvikas
Dário Essugo CDM CM,18,69,82,261530,Right,70,CDM,13,3100000.0,2000.0,0.0,259,46,49,57,66,41,292,66,47,47,65,67,350,63,66,74,68,79,323,58,70,67,75,53,322,70,70,65,65,52,60,200,69,67,64,38,9,9,6,6,8,1784,384,1,65,52,60,68,67,178,80,Chaves,,,Dário Essugo
O. El Hilali RB RWB CB,19,71,81,261654,Right,71,RB,10,3900000.0,4000.0,7000000.0,256,65,35,60,66,30,283,65,60,30,62,66,369,80,78,75,69,67,314,55,76,75,68,40,289,66,69,52,62,40,62,206,67,70,69,60,10,13,10,13,14,1777,386,1,79,41,62,66,68,183,75,Espanyol,2027.0,,O. El Hilali
A. Hountondji ST RM,20,65,78,261766,Right,67,ST,13,1700000.0,2000.0,0.0,297,54,66,63,58,56,274,71,48,42,46,67,340,69,72,60,62,77,318,64,70,65,63,56,220,33,10,64,57,56,60,47,16,16,15,53,15,14,8,10,6,1549,333,1,71,63,54,68,19,175,64,Rodez,,,A. Hountondji
T. Arconte ST RM,19,65,76,261772,Right,67,ST,11,1600000.0,3000.0,0.0,315,63,65,58,64,65,296,71,49,51,58,67,331,72,71,69,52,67,329,69,70,59,65,66,239,35,25,66,51,62,57,75,23,27,25,48,7,9,10,15,7,1633,350,1,71,66,59,68,28,181,76,Rodez,,,T. Arconte
C. Cowell LM ST RM,19,67,81,247325,Right,68,RM,14,2400000.0,2000.0,5000000.0,282,58,61,50,59,54,287,70,58,35,60,64,397,92,94,76,59,76,367,68,85,69,86,59,261,63,34,60,59,45,57,93,30,36,27,54,9,13,12,7,13,1741,391,1,93,61,58,68,34,182,75,San Jose Earthquakes,2025.0,,C. Cowell
B. Aaronson CAM RM CM,22,73,81,247361,Right,76,RM,8,7000000.0,29000.0,0.0,297,64,65,37,72,59,354,78,67,67,65,77,392,81,74,85,71,81,327,68,56,86,50,67,315,54,52,73,73,63,68,165,59,60,46,52,12,13,7,7,13,1902,404,1,77,66,69,78,54,177,66,FC Union Berlin,,,B. Aaronson
A. Buksa ST,20,60,71,247388,Left,62,ST,11,550000.0,3000.0,0.0,265,42,61,56,52,54,250,59,57,35,38,61,306,71,50,64,64,57,316,64,68,66,61,57,208,26,21,58,52,51,52,51,19,19,13,52,10,14,5,15,8,1448,305,1,59,60,47,60,23,188,73,WSG Tirol,,,A. Buksa
Altube GK,23,63,71,247411,Right,63,GK,8,925000.0,1000.0,1600000.0,66,11,8,14,27,6,83,12,14,14,29,14,159,17,15,29,61,37,189,47,50,25,59,8,82,25,8,5,32,12,33,34,6,14,14,311,62,60,63,61,65,924,327,1,62,60,63,65,16,188,87,Albacete,2024.0,,Altube
A. Pelmard CB RB,23,71,76,247412,Right,74,CB,5,2600000.0,10000.0,5400000.0,253,60,26,63,71,33,285,69,53,27,66,70,391,81,88,76,69,77,320,53,81,81,75,30,285,73,70,45,49,48,66,213,70,72,71,43,8,14,5,7,9,1790,397,1,85,35,61,70,70,180,68,Clermont,2027.0,,A. Pelmard
J. Ngakia RB RWB,22,69,74,247623,Right,69,RB,5,2000000.0,13000.0,4000000.0,239,62,26,58,64,29,259,69,47,25,53,65,348,74,70,63,68,73,248,24,69,67,60,28,246,63,67,47,32,37,54,207,67,72,68,63,13,14,9,13,14,1610,351,1,72,28,53,67,68,178,73,Watford,2024.0,,J. Ngakia
O. Deman LWB,23,72,78,247771,Left,73,LM,6,3500000.0,14000.0,7000000.0,328,71,61,67,69,60,327,71,63,58,63,72,362,74,77,76,68,67,356,71,74,85,63,63,324,73,67,67,72,45,63,194,66,63,65,53,10,15,5,10,13,1944,414,1,76,63,68,71,65,181,70,Werder Bremen,2026.0,,O. Deman
V. Mihăilă LM LW,23,71,77,248060,Right,72,RM,6,3000000.0,3000.0,5400000.0,304,64,67,42,68,63,316,72,66,45,63,70,390,89,83,82,63,73,319,67,61,80,52,59,259,45,25,66,65,58,67,102,37,30,35,45,5,11,8,11,10,1735,379,1,86,65,65,72,33,180,71,Parma,2025.0,,V. Mihăilă
L. Mbe Soh CB,22,67,76,248603,Right,69,CB,9,2100000.0,15000.0,0.0,238,49,25,69,62,33,210,39,34,29,48,60,280,54,74,35,63,54,283,39,76,62,84,22,232,64,65,30,32,41,61,195,65,65,65,39,9,8,6,6,10,1477,329,1,65,29,48,48,65,187,86,Almere City,,,L. Mbe Soh
A. Zagré LB,21,67,75,248604,Left,68,LWB,8,2200000.0,2000.0,3600000.0,248,60,35,48,64,41,290,69,63,39,53,66,409,84,78,90,66,91,258,55,53,74,34,42,300,67,67,63,56,47,63,181,55,65,61,47,12,8,14,7,6,1733,366,1,81,43,59,71,60,168,60,Excelsior,2026.0,,A. Zagré
V. Bondar CB,24,72,78,248698,Right,74,CB,6,3400000.0,600.0,8199999.999999999,240,56,20,69,67,28,210,39,42,24,42,63,354,68,73,67,69,77,316,58,76,73,75,34,233,66,76,32,33,26,57,222,77,75,70,50,10,10,9,15,6,1625,355,1,71,32,51,53,75,185,76,Shakhtar Donetsk,2027.0,,V. Bondar
Oh Hyeon Gyu ST,22,70,77,248712,Right,72,ST,7,3300000.0,26000.0,6600000.0,313,48,70,73,60,62,268,62,53,41,45,67,367,73,81,71,68,74,372,75,80,72,83,62,300,80,29,72,55,64,55,128,38,47,43,47,10,6,10,10,11,1795,387,1,77,69,53,65,43,185,83,Celtic,2028.0,,Oh Hyeon Gyu
L. Moro ST,22,66,74,248787,Right,68,ST,8,1900000.0,5000.0,0.0,287,42,69,67,54,55,239,66,38,33,35,67,321,65,69,62,58,67,321,66,71,58,69,57,240,46,15,70,43,66,57,53,18,19,16,55,11,10,9,12,13,1516,326,1,67,65,45,65,22,189,76,Spezia,,,L. Moro
L. Greiml CB,21,67,74,250813,Right,69,CB,7,1900000.0,3000.0,3400000.0,203,25,23,67,65,23,199,31,31,23,58,56,291,54,50,60,65,62,262,42,70,49,73,28,270,69,63,48,49,41,66,202,64,70,68,48,13,13,5,9,8,1475,309,1,52,30,49,46,66,187,84,Schalke 04,2025.0,,L. Greiml
K. Yeboah ST,23,70,76,251229,Right,72,ST,6,2500000.0,13000.0,0.0,298,53,70,59,59,57,283,71,56,40,48,68,402,91,85,81,74,71,351,70,80,73,70,58,280,55,20,71,66,68,65,57,19,21,17,42,7,11,12,6,6,1713,374,1,88,67,56,71,24,185,73,Standard Liège,,,K. Yeboah
S. Weissman ST,27,75,75,251412,Right,75,ST,0,6000000.0,21000.0,0.0,355,58,77,75,68,77,315,65,63,53,60,74,367,72,76,69,74,76,386,76,85,76,78,71,318,65,28,78,68,79,75,98,43,30,25,43,7,10,7,10,9,1882,397,1,74,76,64,70,38,174,79,Salernitana,,,S. Weissman
Tiago Dantas CM CAM,22,69,78,251436,Right,73,RM,9,3100000.0,6000.0,0.0,298,66,55,50,74,53,347,72,69,62,70,74,396,75,71,84,73,93,272,65,52,72,38,45,309,54,53,66,72,64,70,146,51,49,46,44,9,15,6,8,6,1812,375,1,73,56,71,75,50,169,58,AZ Alkmaar,,,Tiago Dantas
Z. Sanusi LB,26,75,76,251528,Left,75,LB,1,6000000.0,12000.0,12500000.0,250,66,29,59,64,32,258,60,47,29,60,62,397,92,93,74,69,69,318,56,86,79,68,29,283,68,77,62,34,42,63,219,75,73,71,47,13,9,7,9,9,1772,393,1,93,37,55,63,73,182,71,Porto,2027.0,,Z. Sanusi
Costinha RWB RM,23,75,82,251942,Right,75,RWB,7,10500000.0,8000.0,24200000.0,318,75,59,68,72,44,341,73,71,49,73,75,357,77,74,69,68,69,360,69,78,80,70,63,360,82,71,74,65,68,71,207,66,70,71,62,14,13,14,13,8,2005,424,1,75,62,70,73,69,181,78,Rio Ave,2026.0,,Costinha
D. Bradarić LWB LM LB,23,71,77,252000,Left,71,LWB,6,2800000.0,15000.0,5600000.0,298,67,53,62,69,47,302,69,63,38,64,68,370,78,76,74,69,73,321,59,74,71,62,55,312,68,69,67,65,43,67,205,68,69,68,53,11,10,13,13,6,1861,400,1,77,55,65,69,68,178,69,Salernitana,2026.0,,D. Bradarić
Tomás Esteves RB RM CDM,21,68,78,252033,Right,68,RB,10,2600000.0,2000.0,4700000.0,281,68,46,56,67,44,290,69,55,45,55,66,343,74,75,64,64,66,303,54,70,70,64,45,300,71,65,54,60,50,64,185,58,64,63,42,7,11,7,9,8,1744,381,1,75,48,62,67,62,180,72,Pisa,2026.0,,Tomás Esteves
S. Esposito CM CDM,22,68,77,252290,Right,70,CM,9,2700000.0,2000.0,4900000.0,293,59,55,51,77,51,334,61,68,67,70,68,334,63,64,71,62,74,311,62,55,75,51,68,318,55,61,68,70,64,65,181,60,60,61,44,5,9,13,7,10,1815,376,1,64,60,70,65,59,178,70,Spezia,2027.0,,S. Esposito
H. Ekdal CB,24,72,77,252316,Right,74,CB,5,3200000.0,25000.0,6600000.0,233,29,30,71,67,36,240,59,28,26,63,64,320,62,66,68,69,55,296,43,80,66,79,28,264,74,70,37,55,28,72,216,72,73,71,47,5,12,12,6,12,1616,358,1,64,33,52,62,72,188,76,Burnley,2027.0,,H. Ekdal
E. Delprato RB CB,23,71,78,252442,Right,71,RB,7,3600000.0,3000.0,6500000.0,278,63,38,64,65,48,289,64,48,45,63,69,334,70,81,59,63,61,341,64,74,81,72,50,307,70,67,61,58,51,55,207,71,69,67,46,7,12,9,12,6,1802,392,1,76,48,61,64,69,183,74,Parma,2027.0,,E. Delprato
J. Chotard CDM CM,21,75,81,252541,Right,76,CDM,6,8500000.0,15000.0,18700000.0,305,68,55,58,77,47,347,75,66,57,74,75,351,65,66,76,73,71,321,61,65,77,60,58,343,75,75,64,74,55,74,211,72,73,66,48,11,6,7,14,10,1926,410,2,66,57,73,75,71,179,70,Montpellier,2025.0,,J. Chotard
J. Griffiths GK,21,64,74,252773,Right,64,GK,10,1100000.0,4000.0,2300000.0,85,13,10,12,40,10,102,13,14,14,41,20,206,26,35,37,59,49,195,46,55,21,63,10,100,20,12,10,48,10,44,34,10,10,14,316,65,62,61,62,66,1038,346,1,65,62,61,66,30,198,87,West Bromwich Albion,2025.0,,J. Griffiths
Iker Losada RM LM CAM,21,72,81,252865,Right,74,CAM,9,5500000.0,5000.0,9600000.0,343,73,75,57,73,65,367,73,71,75,74,74,342,70,69,57,72,74,324,72,65,56,58,73,297,44,46,69,70,68,59,74,43,15,16,47,8,10,7,12,10,1794,375,1,69,73,73,71,34,175,70,Racing Ferrol,2024.0,,Iker Losada
C. Ramsay RWB RB,19,65,79,252897,Right,65,RWB,14,1600000.0,10000.0,0.0,237,69,33,50,58,27,302,65,61,54,55,67,346,74,77,71,55,69,312,66,67,71,65,43,279,64,56,57,60,42,60,172,56,59,57,47,13,8,9,9,8,1695,367,1,76,43,60,66,56,177,68,Bolton Wanderers,,,C. Ramsay
V. Zagaritis LB LM LWB,22,65,74,252999,Left,65,LB,9,1500000.0,1000.0,2700000.0,245,59,33,53,59,41,255,62,50,34,51,58,367,74,82,70,63,78,294,58,63,72,56,45,250,53,59,53,48,37,57,185,61,63,61,54,13,9,9,10,13,1650,356,1,78,42,54,62,60,178,68,Parma,2024.0,,V. Zagaritis
Z. Swanson RB,22,65,72,253057,Right,65,RB,7,1400000.0,3000.0,2700000.0,275,63,45,54,65,48,299,61,64,51,60,63,344,73,72,72,60,67,296,58,68,63,65,42,293,66,59,52,60,56,59,187,60,64,63,50,9,9,13,13,6,1744,371,1,72,48,62,63,61,189,77,Portsmouth,2024.0,,Z. Swanson
A. Aouchiche CAM LM CM,20,70,77,253102,Right,72,CAM,7,3200000.0,14000.0,6700000.0,304,67,62,54,73,48,353,72,71,67,70,73,346,68,66,74,69,69,317,70,63,59,60,65,292,47,50,68,72,55,71,169,60,57,52,46,8,9,14,8,7,1827,386,1,67,63,71,72,56,181,72,Sunderland,2028.0,,A. Aouchiche
H. Nicolussi Caviglia CM,23,66,75,253162,Right,68,CAM,9,1900000.0,20000.0,3600000.0,283,56,44,57,75,51,315,70,56,49,72,68,329,72,65,60,62,70,298,71,60,65,47,55,281,58,45,65,65,48,54,166,49,60,57,47,8,10,7,10,12,1719,362,1,68,53,67,67,53,184,79,Juventus,2026.0,,H. Nicolussi Caviglia
G. Kyriakopoulos LWB LM LB,27,73,73,253213,Left,73,LWB,0,2900000.0,13000.0,0.0,277,71,40,53,73,40,333,73,56,68,63,73,327,69,66,66,70,56,326,68,66,67,68,57,273,71,72,50,45,35,64,218,73,72,73,51,12,10,5,10,14,1805,390,1,67,49,64,71,71,178,74,Monza,,,G. Kyriakopoulos
K. Yengi ST LW LM,24,65,70,253383,Right,67,ST,5,1100000.0,4000.0,2000000.0,282,53,64,57,58,50,284,66,56,53,46,63,377,78,83,80,58,78,362,70,84,66,87,55,278,67,26,65,56,64,61,79,25,30,24,52,5,12,9,13,13,1714,372,1,81,63,54,66,30,189,90,Portsmouth,2025.0,,K. Yengi
F. Azeez RM ST,22,67,74,253433,Left,68,CAM,7,2100000.0,2000.0,4099999.9999999995,292,62,62,57,64,47,315,70,62,56,60,67,367,81,77,72,63,74,342,70,75,64,68,65,258,59,22,64,60,53,61,107,25,44,38,60,14,13,6,13,14,1741,374,1,79,63,62,69,35,181,69,Reading,2024.0,,F. Azeez
M. Azeez CM CDM,20,62,76,253452,Right,65,CAM,14,950000.0,11000.0,2400000.0,287,61,53,55,66,52,312,66,61,57,65,63,330,67,66,67,62,68,308,64,65,60,62,57,297,58,56,59,63,61,63,171,58,59,54,52,14,7,5,14,12,1757,370,1,66,57,64,65,57,180,65,Arsenal,2024.0,,M. Azeez
S. McClelland CB,21,63,74,253483,Right,65,CB,11,1000000.0,1000.0,2000000.0,204,33,26,62,49,34,184,39,31,29,37,48,259,49,53,40,62,55,295,48,73,63,83,28,211,57,63,25,33,33,49,185,64,61,60,46,10,9,5,12,10,1384,300,1,51,32,39,44,62,191,79,St. Johnstone,2025.0,,S. McClelland
L. Campana ST,23,70,76,253568,Left,72,ST,6,2500000.0,5000.0,4300000.0,306,34,73,81,53,65,261,62,45,38,47,69,333,65,68,65,70,65,353,70,82,71,67,63,271,49,24,74,58,66,66,73,26,25,22,45,7,10,5,10,13,1642,345,1,67,70,48,65,30,187,76,Inter Miami,2024.0,,L. Campana
J. Nardoni CM CDM,20,72,80,253952,Right,74,CM,8,5000000.0,10000.0,8500000.0,297,65,57,50,76,49,324,72,55,48,75,74,368,76,73,75,68,76,366,67,77,81,82,59,335,72,65,70,71,57,70,195,58,70,67,38,5,12,6,9,6,1923,420,1,74,60,70,73,63,180,80,Racing Club,2027.0,,J. Nardoni
N. Gioacchini ST RM,22,69,75,254019,Right,71,ST,6,2300000.0,2000.0,4099999.9999999995,310,57,70,63,61,59,285,69,52,47,48,69,345,75,82,62,64,62,354,68,77,69,72,68,286,64,26,71,59,66,63,68,27,24,17,49,14,7,10,9,9,1697,371,1,79,69,57,67,29,183,79,Como,2027.0,,N. Gioacchini
C. Saydee ST CAM,21,65,71,254858,Right,67,ST,6,1200000.0,3000.0,2300000.0,281,42,62,59,61,57,263,63,50,39,49,62,353,76,75,69,63,70,367,67,85,71,89,55,276,75,18,62,59,62,60,122,40,47,35,50,13,5,10,14,8,1712,374,1,75,61,53,64,39,184,78,Portsmouth,2026.0,,C. Saydee
A. Mighten LM RM,21,65,74,254859,Right,66,RM,9,1600000.0,11000.0,0.0,244,58,55,27,63,41,269,72,43,32,50,72,385,87,70,88,58,82,269,62,52,58,49,48,208,30,20,54,53,51,50,87,24,34,29,50,7,14,8,14,7,1512,335,1,78,54,56,72,27,172,70,Port Vale,,,A. Mighten
J. Martínez CDM CM,28,74,74,254891,Right,74,CDM,0,3700000.0,8000.0,5600000.0,258,47,45,60,72,34,280,70,37,32,66,75,350,71,73,71,62,73,343,62,78,82,79,42,296,86,72,32,62,44,62,226,79,75,72,46,9,15,7,7,8,1799,405,1,72,47,60,71,74,176,69,Philadelphia Union,2024.0,,J. Martínez
A. Odoh LM RM RWB,22,60,67,255049,Right,61,RM,7,500000.0,2000.0,975000.0,243,54,55,37,51,46,255,64,50,40,44,57,399,86,90,82,53,88,307,52,71,61,77,46,275,75,47,53,50,50,55,142,49,49,44,44,7,8,11,12,6,1665,373,1,88,52,50,64,47,168,56,Harrogate Town,2025.0,,A. Odoh
N. Nkounkou LWB LM,22,73,81,255150,Left,73,LWB,8,6500000.0,22000.0,12400000.0,268,73,42,55,70,28,311,72,67,31,68,73,373,79,79,75,67,73,326,54,76,80,74,42,281,61,65,57,61,37,63,198,68,67,63,57,11,10,14,7,15,1814,399,1,79,44,66,72,65,180,77,Eintracht Frankfurt,2028.0,,N. Nkounkou
S. Ngapandouetnbu GK,20,66,74,255151,Right,66,GK,8,1600000.0,5000.0,3400000.0,90,21,7,25,20,17,79,13,11,10,26,19,169,28,15,36,47,43,199,47,56,26,55,15,83,18,6,5,43,11,28,51,6,20,25,334,70,65,63,65,71,1005,357,1,70,65,63,71,23,186,74,Olympique de Marseille,2026.0,,S. Ngapandouetnbu
A. Slimane CM CAM,22,67,75,255210,Right,69,CAM,8,2300000.0,10000.0,5100000.0,270,45,59,50,69,47,315,69,59,51,67,69,336,68,65,68,65,70,358,64,72,82,81,59,301,62,58,66,66,49,65,174,59,59,56,50,11,12,8,5,14,1804,391,1,66,59,62,69,58,188,80,Sheffield United,2026.0,,A. Slimane
T. Suslov CAM RM CM,21,73,82,255233,Left,75,CAM,9,7000000.0,16000.0,14000000.0,323,69,64,45,74,71,364,76,73,71,70,74,402,87,74,83,68,90,374,81,73,76,71,73,331,77,52,68,71,63,60,153,53,52,48,55,10,9,9,15,12,2002,423,1,80,70,72,76,51,173,72,Hellas Verona,2026.0,,T. Suslov
Joelson Fernandes RM LM,20,66,75,255257,Right,67,CAM,9,1900000.0,3000.0,4099999.9999999995,289,57,55,54,58,65,312,72,66,59,45,70,417,91,88,90,64,84,258,63,58,51,34,52,255,48,21,62,61,63,71,62,18,21,23,55,11,13,5,15,11,1648,342,1,89,57,57,73,24,172,64,Hatayspor,2026.0,,Joelson Fernandes
E. Bayram CB,20,67,78,255558,Right,69,CDM,11,2100000.0,8000.0,0.0,219,35,28,60,67,29,260,60,37,28,67,68,309,62,63,62,58,64,264,41,68,69,66,20,294,76,66,52,56,44,58,209,70,69,70,50,13,7,11,14,5,1605,349,1,63,31,55,63,68,192,78,Westerlo,,,E. Bayram
F. Stojilković ST,23,67,74,255562,Right,69,ST,7,2100000.0,8000.0,0.0,280,38,68,61,55,58,268,68,47,46,37,70,377,82,93,75,63,64,348,68,79,64,70,67,264,57,25,59,58,65,60,74,31,22,21,43,12,5,10,9,7,1654,367,1,88,67,49,68,29,186,80,Kaiserslautern,,,F. Stojilković
D. Zima CB,22,73,80,255687,Right,75,CB,7,5500000.0,850.0,13200000.0,230,36,30,67,64,33,267,60,51,32,61,63,342,74,72,65,73,58,326,61,81,71,78,35,272,70,76,27,55,44,73,226,78,74,74,50,5,12,13,10,10,1713,378,1,73,38,54,63,75,190,80,Slavia Praha,2028.0,,D. Zima
J. Antiste ST,20,67,77,255839,Right,69,ST,10,2300000.0,5000.0,0.0,292,35,70,62,60,65,277,65,57,40,45,70,346,76,79,76,59,56,339,69,76,64,70,60,230,31,15,65,50,69,68,44,15,15,14,59,13,11,15,7,13,1587,343,1,78,67,50,67,20,182,77,Reggiana,,,J. Antiste
M. Diomande CM LW,21,72,83,255928,Left,75,CAM,11,5000000.0,8000.0,0.0,325,64,65,64,75,57,332,74,61,48,70,79,383,79,74,79,70,81,357,70,77,73,70,67,325,69,66,70,70,50,76,187,66,64,57,48,6,10,10,11,11,1957,422,1,76,66,69,76,64,183,75,Rangers,,,M. Diomande
F. Torres RM LM CAM,23,74,80,256136,Left,75,CAM,6,6500000.0,7000.0,11100000.0,340,69,70,61,73,67,347,74,73,60,66,74,384,83,80,83,69,69,335,72,71,67,53,72,266,32,35,72,69,58,57,102,37,35,30,41,8,9,10,6,8,1815,386,1,81,70,70,74,38,178,71,Orlando City,2026.0,,F. Torres
J. Schöppner CDM,24,71,75,256292,Right,73,CB,4,2400000.0,15000.0,4500000.0,291,60,57,73,68,33,281,59,44,43,66,69,299,62,66,57,64,50,372,66,80,88,78,60,305,74,67,58,66,40,69,208,68,74,66,47,12,6,13,9,7,1803,396,1,64,57,63,62,70,190,78,Heidenheim,2025.0,,J. Schöppner
Ö. Beyaz CAM CM RW,19,62,75,256306,Left,64,CAM,13,950000.0,2000.0,0.0,279,61,54,49,66,49,306,67,54,56,63,66,359,65,65,83,57,89,211,57,42,37,34,41,255,49,31,60,61,54,60,158,47,54,57,44,8,10,8,7,11,1612,333,1,65,52,62,69,47,171,65,Hatayspor,,,Ö. Beyaz
J. Garrett CDM CM,20,66,76,256358,Left,67,CDM,10,1800000.0,8000.0,3800000.0,265,54,56,50,65,40,272,61,45,39,65,62,348,70,64,73,64,77,295,54,63,68,61,49,305,84,64,54,61,42,58,191,62,64,65,63,13,13,10,13,14,1739,372,1,67,53,60,63,62,177,73,Blackburn Rovers,2025.0,,J. Garrett
D. Caicedo CF LM ST,23,71,76,242573,Right,73,RM,5,2900000.0,3000.0,4300000.0,292,64,69,38,58,63,351,78,72,70,59,72,416,85,84,90,69,88,291,66,55,66,46,58,288,52,34,70,73,59,71,120,45,45,30,56,14,11,9,15,7,1814,384,1,84,65,64,77,41,168,69,Junior,2024.0,,D. Caicedo
S. Bornauw CB,24,74,78,242663,Right,76,CB,4,5500000.0,28000.0,9800000.0,275,57,44,84,64,26,264,52,41,42,71,58,322,67,84,49,70,52,338,61,89,67,81,40,281,78,70,48,51,34,67,219,74,72,73,46,6,7,7,11,15,1745,386,2,76,45,59,55,74,191,83,VfL Wolfsburg,2026.0,,S. Bornauw
O. Otasowie CDM CB RM,22,61,71,242732,Right,63,CB,10,700000.0,3000.0,1200000.0,247,44,43,58,64,38,277,63,40,51,61,62,262,53,68,51,52,38,307,50,70,60,80,47,271,63,53,54,58,43,54,178,52,63,63,52,6,13,13,6,14,1594,351,1,61,46,57,59,57,191,91,Club Brugge,2025.0,,O. Otasowie
N. Ferguson CB RB LB,22,66,72,242752,Right,68,CB,6,1200000.0,9000.0,2500000.0,244,59,30,59,66,30,265,63,48,33,56,65,308,60,62,56,64,66,269,49,67,45,70,38,252,64,68,36,39,45,67,203,66,68,69,51,8,9,10,13,11,1592,344,1,61,36,55,63,67,178,76,Crystal Palace,2024.0,,N. Ferguson
A. Appiah LM RM,22,64,73,242841,Left,66,LW,9,1300000.0,5000.0,0.0,269,59,62,44,54,50,265,70,45,41,42,67,399,91,90,90,51,77,255,61,52,46,38,58,234,35,19,57,58,65,61,84,29,29,26,52,9,10,8,14,11,1558,341,1,90,60,53,70,28,175,63,Rotherham United,,,A. Appiah
B. Reynolds RB RWB RM,22,70,77,242907,Right,71,RWB,7,3100000.0,6000.0,5100000.0,283,69,47,61,67,39,299,71,58,34,66,70,336,72,69,69,72,54,317,49,74,82,70,42,287,58,68,50,57,54,55,195,68,65,62,56,14,13,9,7,13,1773,386,1,70,47,63,69,66,188,75,Westerlo,2027.0,,B. Reynolds
F. Hornby ST,23,69,73,242965,Right,71,ST,4,2000000.0,11000.0,3800000.0,306,35,68,79,66,58,304,63,59,70,44,68,249,54,66,34,61,34,383,75,86,66,89,67,275,65,16,66,59,69,58,59,19,21,19,53,6,15,11,8,13,1629,348,1,61,69,55,60,25,195,85,Darmstadt 98,2027.0,,F. Hornby
Álex Domínguez GK,24,70,76,243201,Right,70,GK,6,2000000.0,8000.0,4400000.0,88,24,7,10,39,8,113,15,14,22,31,31,254,39,47,56,67,45,189,48,46,36,41,18,93,20,15,7,38,13,43,38,11,17,10,344,70,69,64,69,72,1119,386,1,70,69,64,72,42,186,82,Toulouse,2024.0,,Álex Domínguez
F. Agu LWB RWB,23,70,76,243350,Right,70,LWB,6,2400000.0,11000.0,4800000.0,293,60,46,67,68,52,280,74,61,31,43,71,408,87,79,86,71,85,281,41,70,74,45,51,299,65,65,64,65,40,62,182,62,58,62,58,11,15,10,12,10,1801,384,1,83,47,60,74,62,180,67,Werder Bremen,2025.0,,F. Agu
César Gelabert CM LM CAM,22,72,80,243491,Right,75,CAM,8,5000000.0,15000.0,11000000.0,270,56,70,32,77,35,323,74,42,63,72,72,345,74,74,61,72,64,299,46,58,60,64,71,306,38,64,69,78,57,54,152,34,68,50,61,14,13,13,10,11,1756,388,1,74,63,70,71,52,182,73,Toulouse,2027.0,,César Gelabert
F. Caligara CM,23,69,76,243527,Left,71,CM,7,2800000.0,2000.0,4900000.0,301,54,54,60,72,61,327,66,58,65,65,73,341,65,64,71,70,71,350,68,69,81,69,63,311,66,69,65,66,45,68,198,67,68,63,48,6,10,12,10,10,1876,395,1,64,59,65,69,67,180,74,Ascoli,2026.0,,F. Caligara
K. Scherpen GK,23,70,76,243675,Right,70,GK,6,2000000.0,22000.0,0.0,64,11,9,10,26,8,79,12,12,13,25,17,224,37,46,37,62,42,217,51,60,32,66,8,86,25,7,8,34,12,51,35,14,11,10,347,74,65,68,70,70,1052,388,1,74,65,68,70,41,206,85,Sturm Graz,,,K. Scherpen
G. Innocent GK,23,61,68,243710,Right,61,GK,7,550000.0,1000.0,908000.0,60,10,6,11,24,9,74,12,14,11,22,15,183,30,31,37,50,35,199,46,55,25,64,9,77,22,10,5,26,14,25,32,7,13,12,304,62,59,61,61,61,929,334,1,62,59,61,61,30,192,90,AS Eupen,2025.0,,G. Innocent
L. Ilić CAM CM,23,67,73,243834,Left,69,CAM,6,1600000.0,3000.0,3100000.0,291,67,53,47,68,56,329,70,68,58,64,69,344,74,73,75,62,60,297,60,61,61,59,56,273,56,43,63,70,41,66,130,45,46,39,47,7,10,7,10,13,1711,368,1,73,55,67,69,45,182,73,Troyes,2024.0,,L. Ilić
P. Maghoma CM CDM,22,65,73,243849,Right,67,CM,8,1600000.0,11000.0,0.0,266,55,56,45,66,44,314,66,63,53,67,65,347,71,64,71,65,76,323,62,63,72,66,60,301,70,58,58,64,51,64,186,60,64,62,51,11,7,12,11,10,1788,382,1,67,57,63,67,60,178,74,Bolton Wanderers,,,P. Maghoma
J. Łabojko CDM CM,25,66,70,243921,Right,68,CB,4,1100000.0,1000.0,1800000.0,267,57,41,57,65,47,285,60,50,46,63,66,346,73,70,67,68,68,319,59,74,65,71,50,296,68,65,57,60,46,57,196,66,66,64,49,8,11,14,8,8,1758,376,1,71,48,60,63,65,179,78,Ternana,2026.0,,J. Łabojko
B. Mendy CDM CM CB,23,73,79,244114,Right,76,CB,6,4400000.0,28000.0,9700000.0,310,58,48,72,74,58,315,67,64,42,70,72,303,54,68,60,73,48,380,74,81,74,87,64,309,69,70,53,61,56,75,219,72,76,71,45,8,12,6,6,13,1881,407,1,62,58,66,68,73,191,82,Trabzonspor,2027.0,,B. Mendy
S. Abifade LM ST,23,62,67,244188,Left,63,LM,5,600000.0,1000.0,915000.0,231,50,52,33,54,42,267,69,51,37,47,63,375,82,85,72,59,77,308,58,68,64,76,42,238,48,28,52,56,54,42,100,27,37,36,49,10,6,14,14,5,1568,352,1,84,51,52,66,32,186,84,Waldhof Mannheim,2026.0,,S. Abifade
R. Burton CDM,23,61,67,244200,Right,64,CM,6,475000.0,500.0,831000.0,245,47,43,43,71,41,290,62,49,51,62,66,312,58,60,63,60,71,243,50,37,64,42,50,275,48,55,52,66,54,65,163,56,56,51,55,11,13,10,13,8,1583,334,1,59,47,62,64,54,175,69,Sligo Rovers,2023.0,,R. Burton
L. Pfeiffer ST,26,69,70,244233,Right,70,ST,1,1700000.0,12000.0,0.0,321,42,71,74,64,70,263,63,51,39,41,69,226,41,52,34,66,33,372,75,80,69,94,54,260,65,22,71,45,57,67,83,26,38,19,51,7,6,10,15,13,1576,340,1,47,68,50,61,33,196,94,Darmstadt 98,,,L. Pfeiffer
J. Vásquez CB LB,24,72,79,244349,Left,74,CB,7,4400000.0,14000.0,8800000.0,255,62,30,72,63,28,247,50,40,40,60,57,319,63,67,51,74,64,289,38,77,77,72,25,285,81,72,40,47,45,69,220,71,75,74,50,9,12,7,12,10,1665,357,1,65,32,57,55,73,185,72,Genoa,2026.0,,J. Vásquez
M. Shaparenko CM CAM,24,77,82,244374,Right,79,CAM,5,16000000.0,1000.0,36400000.0,323,73,68,45,79,58,382,78,72,74,78,80,381,80,75,82,73,71,353,73,65,78,60,77,363,80,72,72,80,59,70,202,66,69,67,58,13,6,12,14,13,2062,437,1,77,70,77,78,66,178,72,Dynamo Kyiv,2025.0,,M. Shaparenko
M. Bülter LM ST,30,75,75,244390,Right,75,LM,0,5500000.0,31000.0,9400000.0,350,71,76,64,72,67,327,74,69,47,64,73,376,78,84,69,75,70,391,83,81,78,77,72,323,73,38,74,68,70,67,140,45,53,42,47,7,7,6,14,13,1954,423,1,81,76,68,73,48,188,85,TSG Hoffenheim,2026.0,,M. Bülter
S. van Hooijdonk ST,23,71,77,244601,Right,73,ST,6,3000000.0,19000.0,0.0,322,50,75,68,62,67,325,66,74,73,47,65,337,73,76,64,69,55,370,76,81,67,78,68,286,65,17,74,56,74,57,66,27,22,17,48,6,11,15,10,6,1754,370,1,75,73,57,65,27,188,81,Norwich City,,,S. van Hooijdonk
Puado RM ST LM,25,76,79,244622,Right,78,ST,3,10000000.0,11000.0,16800000.0,360,68,79,75,75,63,322,76,60,48,62,76,394,83,82,78,76,75,389,75,87,82,73,72,335,66,47,77,70,75,71,144,52,48,44,49,8,9,11,8,13,1993,429,1,82,76,69,76,51,177,69,Espanyol,2025.0,,Puado
T. Perry CM,21,62,70,244715,Right,65,CAM,8,900000.0,2000.0,1800000.0,265,54,56,39,64,52,321,64,66,67,61,63,342,69,68,75,60,70,293,60,51,70,57,55,277,57,53,61,62,44,59,150,47,55,48,54,13,7,11,11,12,1702,360,1,68,56,61,65,50,178,67,Shrewsbury Town,2025.0,,T. Perry
A. Gallo LB,23,71,78,244717,Left,73,LWB,7,3600000.0,9000.0,7200000.0,279,74,44,46,68,47,325,66,72,59,58,70,373,79,82,72,73,67,319,59,67,76,67,50,308,56,72,67,65,48,61,189,64,59,66,44,5,12,8,8,11,1837,396,1,81,50,67,68,63,183,73,Lecce,2026.0,,A. Gallo
23 K. Velasco LM,25,75,78,244772,Left,76,LM,3,7500000.0,5000.0,10700000.0,330,74,72,51,70,63,355,76,71,70,62,76,397,82,82,80,72,81,318,68,59,73,48,70,322,58,56,73,65,70,70,182,59,61,62,43,12,8,10,6,7,1947,413,1,82,70,69,76,59,168,70,Deportivo Cali,2022.0,23,K. Velasco
J. López CDM CM CAM,23,70,79,245061,Right,71,CDM,9,3300000.0,7000.0,5600000.0,277,55,48,55,73,46,309,72,57,45,64,71,352,72,69,76,64,71,308,55,69,75,65,44,312,73,63,62,65,49,64,208,67,73,68,53,7,6,15,13,12,1819,390,1,70,49,64,71,67,182,72,Defensa y Justicia,2026.0,,J. López
L. Suárez ST LM,25,76,79,245158,Right,78,ST,3,10000000.0,26000.0,21800000.0,355,66,79,69,68,73,327,73,68,60,57,69,392,83,84,74,76,75,389,81,83,79,75,71,335,77,42,81,66,69,63,92,26,41,25,44,6,8,13,11,6,1934,413,2,84,77,65,72,38,185,74,Almería,2029.0,,L. Suárez
Sergio López RB LM,24,66,71,245287,Right,67,RM,5,1200000.0,4000.0,1800000.0,299,67,52,64,68,48,302,73,61,41,60,67,367,76,75,78,60,78,308,63,72,57,57,59,278,66,60,50,59,43,62,188,63,62,63,55,12,12,11,7,13,1797,386,1,75,55,63,71,62,179,70,Basel,2024.0,,Sergio López
E. Ceïde LW RW,21,67,76,245537,Right,68,RM,9,2300000.0,5000.0,4400000.0,267,61,59,37,59,51,291,74,58,40,46,73,371,81,75,82,56,77,274,56,53,61,49,55,225,34,27,62,64,38,60,100,32,35,33,45,6,7,10,9,13,1573,346,1,78,56,57,73,33,175,71,Sassuolo,2026.0,,E. Ceïde
Víctor Gómez RB RWB LB,23,75,82,245597,Right,76,CM,7,10500000.0,11000.0,23100000.0,296,76,40,62,76,42,344,74,71,50,73,76,391,82,78,78,77,76,349,65,76,84,64,60,336,71,68,75,76,46,67,207,73,68,66,50,11,9,12,12,6,1973,420,1,80,51,74,75,69,169,68,Sporting Braga,2028.0,,Víctor Gómez
D. Alemdar GK,20,72,78,245822,Right,72,GK,6,2900000.0,14000.0,0.0,57,14,7,12,16,8,73,13,10,10,24,16,223,38,39,35,69,42,216,52,61,33,65,5,88,19,6,8,45,10,59,33,8,11,14,355,72,70,69,73,71,1045,393,1,72,70,69,71,38,189,73,Troyes,,,D. Alemdar
H. Hassan RM LM,21,70,82,245870,Left,71,LM,12,3900000.0,4000.0,0.0,278,63,61,40,60,54,317,82,60,48,52,75,415,92,85,92,60,86,299,63,62,61,54,59,250,45,20,64,58,63,60,77,21,31,25,55,12,10,11,8,14,1691,366,1,88,61,58,79,26,178,71,Sporting Gijón,,,H. Hassan
H. White CDM CM LB,21,62,70,245903,Left,65,CAM,8,850000.0,1000.0,1700000.0,289,62,57,57,63,50,328,64,66,70,63,65,337,67,66,72,61,71,291,64,56,64,47,60,303,62,61,57,64,59,64,178,59,61,58,60,13,13,12,9,13,1786,369,1,66,59,64,65,60,178,66,Stevenage,2025.0,,H. White
L. Matheson RB RWB,20,60,69,246002,Right,60,RB,9,525000.0,2000.0,0.0,223,55,31,48,56,33,236,52,45,38,43,58,363,77,70,77,55,84,246,43,51,69,44,39,258,53,55,53,54,43,51,159,54,52,53,45,11,9,6,11,8,1530,325,1,73,37,52,58,53,168,62,Bohemians,,,L. Matheson
P. De la Vega LM RW LW,22,75,84,246045,Right,76,RM,9,12500000.0,8000.0,21300000.0,355,73,73,71,72,66,339,75,59,68,64,73,400,81,83,83,76,77,380,77,82,80,66,75,327,75,50,69,67,66,73,142,46,47,49,49,8,9,15,8,9,1992,421,1,82,73,69,75,50,175,67,Seattle Sounders,2027.0,,P. De la Vega
M. Palacios CAM CM CDM,21,67,76,246107,Right,69,CAM,9,2300000.0,500.0,5500000.0,299,68,59,48,70,54,344,70,66,69,69,70,349,71,64,77,55,82,279,60,53,60,45,61,258,41,38,62,69,48,65,142,47,51,44,59,12,13,10,14,10,1730,359,1,67,59,69,70,46,173,75,Al Ain,2026.0,,M. Palacios
K. Etete ST,21,66,72,246296,Right,68,ST,6,1400000.0,5000.0,2900000.0,282,31,66,67,59,59,243,63,35,35,44,66,287,64,75,54,62,32,352,65,81,59,88,59,260,61,29,64,42,64,57,80,30,30,20,60,12,14,9,15,10,1564,348,1,70,64,45,61,33,198,90,Cardiff City,2025.0,,K. Etete
H. Abdelli CAM CM LM,23,71,74,246297,Right,73,CAM,3,2600000.0,5000.0,4900000.0,319,58,66,63,73,59,322,75,45,58,71,73,305,70,65,59,71,40,350,70,74,67,73,66,334,68,63,69,73,61,72,167,54,64,49,56,9,8,14,13,12,1853,402,1,67,66,68,71,59,185,81,Angers SCO,2026.0,,H. Abdelli
R. Sottil LW LM,24,76,81,246431,Right,77,CAM,5,11500000.0,44000.0,20400000.0,307,69,66,42,74,56,325,79,60,45,62,79,403,90,89,77,72,75,298,68,61,55,50,64,296,50,30,75,72,69,68,106,32,35,39,50,12,13,6,5,14,1785,388,1,89,66,69,78,34,180,70,Fiorentina,2026.0,,R. Sottil
T. Iwata CDM CM CB,26,72,75,246444,Right,73,CDM,3,2800000.0,32000.0,5300000.0,300,54,57,68,75,46,284,64,37,44,67,72,369,73,79,73,72,72,365,67,81,77,78,62,321,72,67,66,65,51,67,204,64,72,68,49,9,13,5,9,13,1892,413,1,76,60,64,68,68,178,77,Celtic,2026.0,,T. Iwata
Álvaro Valles GK,25,81,84,246657,Right,81,GK,3,26500000.0,20000.0,57600000.0,95,16,6,10,55,8,101,12,15,8,52,14,233,40,42,38,78,35,235,59,63,40,65,8,127,22,15,9,67,14,45,28,9,10,9,402,80,79,79,81,83,1221,443,1,80,79,79,83,41,192,82,Las Palmas,2024.0,,Álvaro Valles
N. Katterbach LB,22,69,77,246666,Left,69,LB,8,3000000.0,11000.0,5400000.0,252,62,40,53,66,31,268,72,41,31,53,71,363,72,70,77,68,76,257,46,61,64,54,32,265,59,67,48,50,41,70,201,66,68,67,55,12,13,12,10,8,1661,364,1,71,40,57,72,66,180,73,Hamburger SV,2024.0,,N. Katterbach
E. Ólafsson GK,23,66,74,246704,Right,66,GK,8,0.0,0.0,0.0,98,14,9,32,36,7,90,15,13,10,34,18,192,33,33,39,55,32,234,41,69,44,75,5,137,43,15,14,48,17,45,43,16,14,13,324,68,68,55,67,66,1118,357,1,68,68,55,66,33,201,85,Iceland,,,E. Ólafsson
Aihen Muñoz LB,25,74,77,246748,Left,75,LWB,3,5000000.0,23000.0,10900000.0,304,72,51,65,71,45,328,78,66,41,75,68,365,78,77,67,73,70,329,55,75,77,62,60,322,78,72,70,66,36,74,216,73,72,71,59,10,9,10,15,15,1923,415,1,77,54,69,73,72,175,68,Real Sociedad,2027.0,,Aihen Muñoz
G. Gaetano CAM CM,23,72,80,246877,Right,74,CAM,8,5000000.0,28000.0,0.0,331,67,68,56,74,66,356,74,74,65,68,75,359,72,66,73,68,80,343,74,67,72,59,71,327,64,51,74,73,65,73,149,45,54,50,59,12,12,14,10,11,1924,399,1,69,70,71,74,51,175,70,Cagliari,,,G. Gaetano
T. Čvančara ST,22,75,80,246919,Right,77,ST,5,8500000.0,24000.0,15100000.0,358,67,75,76,69,71,332,73,62,60,62,75,352,74,77,68,75,58,372,72,82,68,83,67,302,73,17,79,64,69,70,60,21,20,19,58,10,15,12,8,13,1834,389,1,76,73,66,72,25,190,86,Borussia Mönchengladbach,2028.0,,T. Čvančara
P. Akouokou CDM,25,72,74,246947,Right,73,CDM,2,2600000.0,20000.0,5100000.0,293,59,54,62,76,42,300,68,43,39,75,75,312,54,57,69,70,62,309,65,64,59,63,58,314,66,71,57,71,49,63,215,72,73,70,55,10,15,13,8,9,1798,384,1,56,56,68,70,71,182,68,Olympique Lyonnais,2027.0,,P. Akouokou
P. Šulc CAM LM RM,22,76,80,247050,Right,78,CAM,4,11000000.0,1000.0,25000000.0,350,73,75,57,78,67,342,77,62,55,73,75,369,72,70,75,76,76,325,66,64,70,54,71,308,62,32,78,76,60,79,120,35,40,45,55,12,11,8,12,12,1869,391,1,71,71,74,76,39,175,67,Viktoria Plzeň,2026.0,,P. Šulc
A. Bernabei LB,22,67,73,247106,Left,70,LM,6,1500000.0,13000.0,3000000.0,295,67,57,53,64,54,329,74,70,59,60,66,404,85,87,87,64,81,331,71,69,72,57,62,310,74,59,62,58,57,63,178,53,62,63,48,13,9,10,11,5,1895,405,1,86,61,63,72,58,169,65,Celtic,2027.0,,A. Bernabei
A. Barkok CAM CM CF,25,72,76,236624,Right,74,CAM,4,3300000.0,18000.0,0.0,318,63,67,60,71,57,349,80,65,60,67,77,352,72,69,76,68,67,354,77,73,67,68,69,304,60,53,68,67,56,64,163,47,57,59,53,7,12,13,8,13,1893,402,1,70,68,67,77,54,189,82,Hertha BSC,,,A. Barkok
M. Terrier LM ST,26,80,80,236786,Right,80,LM,0,23000000.0,54000.0,43700000.0,389,73,84,75,78,79,369,80,77,58,72,82,383,81,83,72,76,71,395,79,86,75,75,80,315,57,27,81,77,73,79,99,34,31,34,43,12,5,13,5,8,1993,425,2,82,81,75,79,36,184,78,Rennes,2025.0,,M. Terrier
21 Caballero CM CAM,26,64,65,236799,Right,65,CM,1,675000.0,2000.0,1100000.0,287,57,43,58,70,59,297,64,58,39,66,70,297,66,62,64,56,49,300,70,48,67,60,55,288,45,49,59,65,70,58,160,57,55,48,56,12,13,14,5,12,1685,359,1,64,54,64,65,54,179,69,Mirandés,2022.0,21,Caballero
Z. Youssouf CM CDM RM,23,75,80,236830,Left,77,CM,5,8500000.0,9000.0,18500000.0,306,62,57,54,78,55,371,81,69,68,75,78,347,64,67,72,71,73,369,73,71,78,80,67,359,77,72,74,74,62,74,206,72,70,64,55,13,9,10,12,11,2013,427,1,66,63,73,78,69,182,77,Famalicão,2026.0,,Z. Youssouf
A. Seydel ST LM,27,68,68,236831,Left,68,ST,0,1300000.0,11000.0,2300000.0,321,59,68,69,61,64,255,70,43,31,38,73,291,67,73,53,64,34,314,66,79,34,79,56,256,55,19,67,60,55,69,75,25,28,22,55,12,9,14,11,9,1567,348,1,70,64,55,67,29,199,90,Darmstadt 98,2024.0,,A. Seydel
H. Wolf LM CAM LWB,24,71,74,236935,Left,73,CAM,3,2600000.0,5000.0,4000000.0,320,63,68,57,69,63,347,74,73,63,64,73,372,80,74,77,67,74,344,69,73,68,66,68,313,70,38,70,70,65,66,102,25,39,38,50,13,10,13,6,8,1848,389,1,77,68,67,73,36,179,71,New York City,2027.0,,H. Wolf
23 M. Rojas RW RM CM,26,76,76,237183,Left,76,RW,0,8000000.0,21000.0,12000000.0,348,74,71,59,76,68,405,79,87,84,75,80,358,73,78,75,71,61,350,86,62,63,58,81,330,46,57,73,74,80,73,159,52,57,50,45,8,6,12,8,11,1995,417,1,76,76,76,77,55,186,72,Racing Club,2023.0,23,M. Rojas
H. Delcroix CB LB,24,72,77,237440,Left,74,CB,5,3200000.0,25000.0,6600000.0,260,58,31,70,73,28,255,55,38,27,68,67,339,64,74,65,69,67,283,45,75,64,73,26,262,69,73,36,51,33,69,215,69,75,71,44,10,11,7,8,8,1658,368,1,70,33,61,62,72,183,78,Burnley,2026.0,,H. Delcroix
N. Bajrami RW CAM,24,74,77,237640,Right,77,CAM,3,6000000.0,15000.0,10700000.0,335,71,65,54,77,68,367,77,75,64,72,79,377,77,77,78,70,75,347,74,69,76,63,65,343,67,56,75,76,69,68,184,58,62,64,46,14,6,10,7,9,1999,422,1,77,68,74,77,59,179,68,Sassuolo,2026.0,,N. Bajrami
P. Cutrone ST,25,72,74,237715,Right,74,ST,2,3000000.0,4000.0,5000000.0,331,48,74,72,66,71,296,72,63,42,44,75,350,69,74,63,70,74,350,72,79,64,72,63,275,62,14,75,56,68,72,74,36,20,18,39,10,7,7,10,5,1715,368,1,72,71,56,72,29,183,79,Como,2025.0,,P. Cutrone
J. Bowler RM RW,24,69,72,237809,Left,70,LM,3,1900000.0,23000.0,0.0,287,67,65,34,65,56,334,78,65,60,59,72,369,76,68,78,65,82,291,66,50,68,46,61,249,40,24,66,58,61,58,110,32,38,40,55,14,13,8,13,7,1695,358,1,72,64,63,75,33,175,75,Cardiff City,,,J. Bowler
P. Pomykal CM CDM CAM,23,69,74,238049,Left,71,CAM,5,2100000.0,4000.0,3200000.0,288,65,51,42,74,56,337,73,63,65,69,67,377,77,71,81,66,82,335,62,63,80,67,63,299,58,51,65,70,55,73,194,71,66,57,46,10,6,13,6,11,1876,402,1,74,57,70,72,61,173,73,Dallas,2026.0,,P. Pomykal
C. Ejuke LM RM LW,25,75,76,238050,Right,76,RW,1,6500000.0,26000.0,10200000.0,304,69,67,37,72,59,356,82,69,64,66,75,433,93,87,92,68,93,333,72,66,64,61,70,290,54,33,70,71,62,64,114,30,46,38,45,14,7,6,7,11,1875,406,1,90,68,70,80,37,176,72,Antwerp,2024.0,,C. Ejuke
D. Sterling RB CDM RM,23,70,74,238071,Right,71,RWB,4,2100000.0,21000.0,3900000.0,269,64,50,57,69,29,293,69,54,34,70,66,353,72,78,72,69,62,317,59,74,67,75,42,288,64,70,52,59,43,69,205,67,68,70,39,11,8,8,7,5,1764,394,1,75,49,64,68,67,180,81,Rangers,2027.0,,D. Sterling
J. Campaz LM CAM LW,23,76,80,238230,Left,77,CAM,4,11000000.0,15000.0,17300000.0,312,72,74,39,74,53,357,80,70,61,71,75,402,86,84,77,72,83,339,76,62,70,55,76,255,33,29,70,73,50,62,87,37,22,28,40,10,12,6,5,7,1792,391,1,85,72,72,77,30,168,68,Rosario Central,2026.0,,J. Campaz
H. Vetlesen CDM CM,23,73,79,238235,Right,76,CAM,6,4400000.0,14000.0,7500000.0,331,67,69,60,75,60,349,76,68,58,71,76,408,86,77,92,69,84,358,67,76,86,60,69,337,67,70,71,72,57,69,211,70,71,70,53,13,9,11,14,6,2047,435,1,81,68,71,77,69,174,72,Club Brugge,2027.0,,H. Vetlesen
H. Mendyl LM LB LWB,25,68,69,238346,Left,68,LM,1,1400000.0,6000.0,2100000.0,272,56,63,57,63,33,283,70,57,38,51,67,387,85,89,74,70,69,317,53,74,71,61,58,311,80,64,64,55,48,66,183,59,61,63,57,11,12,14,14,6,1810,400,1,87,58,57,69,61,179,73,OH Leuven,2025.0,,H. Mendyl
G. Kalulu RWB RB RM,25,73,76,238391,Right,75,CB,3,3700000.0,17000.0,7700000.0,260,59,35,71,68,27,276,69,46,38,55,68,383,79,82,79,69,74,332,50,87,74,79,42,275,71,69,43,51,41,69,221,73,75,73,54,10,15,7,14,8,1801,399,1,81,40,58,70,73,176,74,Lorient,2026.0,,G. Kalulu
L. Østigård CB,23,73,82,238516,Right,75,CB,9,6500000.0,28000.0,12400000.0,250,48,33,74,62,33,244,58,46,24,55,61,335,67,69,67,71,61,321,52,84,69,84,32,266,86,69,35,34,42,58,211,68,73,70,50,13,10,13,8,6,1677,368,1,68,37,50,61,71,182,80,Napoli,2026.0,,L. Østigård
R. Vargas CAM LM RM,24,74,77,238581,Right,76,CAM,3,6000000.0,21000.0,11300000.0,334,66,68,66,72,62,343,77,59,62,69,76,421,88,80,91,72,90,360,72,79,75,62,72,297,49,48,72,68,60,63,155,59,51,45,41,12,7,5,6,11,1951,417,2,84,69,68,78,54,177,70,FC Augsburg,2025.0,,R. Vargas
T. Archibald LM RM LWB,25,65,66,238846,Left,65,LM,1,850000.0,2000.0,1600000.0,273,62,59,45,58,49,301,64,64,55,56,62,370,77,80,77,58,78,331,63,64,80,61,63,294,68,51,58,59,58,49,168,53,57,58,50,13,7,6,9,15,1787,383,1,79,60,59,64,54,180,75,Leyton Orient,2024.0,,T. Archibald
M. Gómez ST,26,76,77,239207,Right,77,ST,1,9000000.0,49000.0,0.0,366,59,77,82,73,75,341,69,75,57,64,76,321,60,61,66,78,56,398,81,81,78,88,70,317,74,21,80,70,72,80,78,35,20,23,46,7,8,13,12,6,1867,389,1,61,76,68,71,31,186,84,Cádiz,,,M. Gómez
J. Chabot CB,25,76,80,239340,Left,78,CB,4,9500000.0,23000.0,17800000.0,223,33,21,76,57,36,213,49,31,30,48,55,232,33,62,34,70,33,287,49,70,55,90,23,265,91,78,23,35,38,64,227,80,78,69,44,9,13,7,8,7,1491,330,1,49,29,44,50,78,195,85,FC Köln,2026.0,,J. Chabot
N. Maksimović CM CDM,28,78,78,239433,Right,79,CDM,0,14000000.0,31000.0,29400000.0,339,65,74,73,78,49,364,75,63,72,77,77,286,49,45,58,80,54,383,72,75,82,78,76,369,77,83,79,79,51,76,232,79,82,71,67,14,10,15,15,13,2040,424,1,47,72,74,73,79,189,78,Getafe,2024.0,,N. Maksimović
D. Loader ST CAM,22,71,80,239631,Right,73,ST,9,4200000.0,8000.0,9200000.0,317,52,72,56,69,68,305,75,59,50,45,76,378,78,77,79,71,73,363,71,78,72,76,66,270,42,20,73,70,65,64,57,23,15,19,51,9,11,11,9,11,1741,374,1,77,70,61,75,23,182,76,Porto,2025.0,,D. Loader
M. Cuisance CM CAM,23,71,78,239744,Left,74,CAM,7,3700000.0,3000.0,0.0,321,76,59,49,74,63,381,75,83,69,77,77,364,77,61,83,68,75,343,76,67,63,64,73,304,57,48,63,73,63,62,162,49,59,54,57,9,14,11,8,15,1932,399,1,68,66,75,75,52,181,74,Osnabrück,,,M. Cuisance
S. Sessegnon LB RB RM,23,66,75,239800,Right,66,LB,9,1800000.0,3000.0,3500000.0,245,62,40,46,64,33,269,62,57,38,51,61,381,79,77,80,65,80,299,60,65,66,60,48,269,56,62,54,55,42,50,187,64,63,60,58,15,10,12,9,12,1708,368,1,78,46,58,64,61,174,68,Wigan Athletic,2025.0,,S. Sessegnon
K. Galanopoulos CDM CM,25,71,76,239845,Right,72,ST,5,2500000.0,750.0,5400000.0,327,65,69,63,71,59,327,70,65,48,71,73,362,75,73,72,67,75,360,73,74,75,67,71,331,75,69,70,68,49,64,209,70,70,69,40,6,12,9,6,7,1956,422,1,74,69,68,71,69,172,72,AEK Athens,2024.0,,K. Galanopoulos
R. Kouamé CM CDM,26,73,73,239894,Left,74,CDM,0,3300000.0,23000.0,6900000.0,289,62,49,65,75,38,315,72,54,43,72,74,357,69,67,74,75,72,372,67,77,89,76,63,343,75,72,68,72,56,73,210,71,70,69,42,8,6,6,11,11,1928,415,1,68,56,69,73,70,177,68,Cádiz,2026.0,,R. Kouamé
A. Boupendza LM LW ST,26,76,76,239910,Left,77,LM,0,8000000.0,9000.0,12000000.0,355,64,78,68,69,76,370,81,76,73,62,78,406,87,85,88,71,75,396,82,84,81,74,75,299,65,20,77,66,71,71,66,22,24,20,50,10,10,14,9,7,1942,412,1,86,78,67,80,27,180,79,Cincinnati,2025.0,,A. Boupendza
K. Kouao RB,25,71,76,239919,Right,72,RWB,5,2600000.0,11000.0,5400000.0,240,66,35,49,62,28,274,67,51,35,53,68,377,75,79,74,65,84,292,48,66,75,68,35,289,73,71,58,40,47,65,209,63,72,74,56,11,12,13,11,9,1737,378,1,77,39,55,69,67,173,65,Metz,2026.0,,K. Kouao
23 Paulinho LM CAM,21,74,80,239970,Right,76,CAM,6,7000000.0,29000.0,13300000.0,311,66,67,47,73,58,356,80,73,55,68,80,398,79,89,83,65,82,343,73,67,64,69,70,282,45,41,67,71,58,75,98,29,37,32,63,13,13,10,15,12,1851,401,1,85,68,70,79,36,177,80,Bayer 04 Leverkusen,2023.0,23,Paulinho
C. Holse RM CM,24,70,75,240040,Left,71,CAM,5,2400000.0,8000.0,5000000.0,288,66,64,35,68,55,329,69,67,62,61,70,401,80,77,88,65,91,334,64,61,82,62,65,306,58,57,66,69,56,64,161,54,55,52,42,6,8,10,12,6,1861,398,1,78,63,66,72,53,177,68,Samsunspor,2027.0,,C. Holse
L. Zidane GK,25,70,76,240311,Right,70,GK,6,2000000.0,5000.0,3600000.0,78,12,8,12,40,6,79,12,14,11,20,22,233,29,50,40,65,49,193,50,50,38,50,5,106,16,14,5,52,19,33,37,13,11,13,346,72,67,66,71,70,1072,383,1,72,67,66,70,37,183,78,SD Eibar,2024.0,,L. Zidane
Brenner ST,23,73,78,240332,Right,75,ST,5,4700000.0,14000.0,8800000.0,340,57,75,69,71,68,333,77,60,60,59,77,386,77,81,79,74,75,332,70,73,66,58,65,265,35,24,77,63,66,70,83,29,32,22,50,13,6,9,14,8,1789,379,1,79,71,64,77,32,175,70,Udinese,2028.0,,Brenner
L. Reis CM RB CDM,23,73,79,240683,Right,75,CAM,6,4800000.0,21000.0,8600000.0,296,54,65,54,75,48,333,76,64,44,73,76,373,71,79,82,68,73,346,66,67,86,65,62,333,72,70,65,75,51,74,202,67,71,64,57,10,15,14,11,7,1940,421,1,75,63,68,76,67,178,78,Hamburger SV,2026.0,,L. Reis
R. Yaremchuk ST,27,72,72,240702,Right,72,ST,0,2500000.0,18000.0,0.0,354,69,70,72,73,70,310,69,52,54,68,67,336,70,76,66,75,49,374,76,82,71,76,69,313,68,39,73,66,67,67,120,38,48,34,62,14,15,13,7,13,1869,396,1,73,71,68,67,44,193,83,Valencia,,,R. Yaremchuk
M. Saracchi LB LWB,25,71,74,240976,Left,72,LM,3,2300000.0,11000.0,3600000.0,302,73,58,58,65,48,330,67,69,61,63,70,394,82,78,84,66,84,346,68,74,77,62,65,344,79,67,70,70,58,73,195,64,65,66,46,8,8,11,10,9,1957,415,1,80,62,67,71,65,172,68,Boca Juniors,2027.0,,M. Saracchi
J. Ardaiz ST,24,66,71,241005,Left,68,ST,5,1300000.0,4000.0,2000000.0,309,53,65,65,62,64,282,62,52,59,45,64,355,83,82,71,56,63,358,68,87,63,81,59,283,77,22,64,59,61,64,66,21,25,20,43,9,9,5,12,8,1696,368,1,82,64,56,63,27,186,85,Luzern,2025.0,,J. Ardaiz
J. Mbom CM RWB CDM,23,67,73,241150,Right,70,CDM,6,1600000.0,4000.0,2300000.0,284,65,59,45,71,44,294,68,40,50,69,67,356,68,72,69,72,75,334,66,64,73,72,59,318,71,64,59,65,59,60,196,66,67,63,48,13,13,5,12,5,1830,400,1,70,60,66,68,64,185,80,Viborg,2026.0,,J. Mbom
F. Feuillassier LM RM,25,69,72,241467,Right,70,RM,3,1800000.0,5000.0,3000000.0,302,67,65,49,66,55,290,70,48,46,58,68,371,76,75,76,63,81,328,67,66,65,64,66,252,45,22,70,65,50,62,78,35,23,20,47,7,13,9,13,5,1668,363,1,75,65,63,70,29,172,68,SD Eibar,2024.0,,F. Feuillassier
M. Jenz CB,24,75,79,241494,Right,77,CB,4,7000000.0,30000.0,12400000.0,229,35,27,71,68,28,218,51,25,22,61,59,316,66,71,51,73,55,296,38,76,70,85,27,243,86,67,25,38,27,66,229,75,75,79,53,11,12,11,11,8,1584,357,1,69,29,50,55,73,190,86,VfL Wolfsburg,2027.0,,M. Jenz
Rogério LB,25,74,76,241629,Left,74,LB,2,4900000.0,31000.0,8700000.0,304,73,45,61,72,53,333,77,56,60,62,78,356,78,71,70,73,64,303,59,68,64,53,59,334,66,75,71,67,55,68,210,69,70,71,44,11,7,8,8,10,1884,399,1,74,53,68,75,70,178,70,VfL Wolfsburg,2027.0,,Rogério
B. Risa CB LWB,25,68,73,241737,Left,70,CB,5,1600000.0,3000.0,2400000.0,302,60,58,65,66,53,309,64,63,54,61,67,339,73,75,67,66,58,342,59,77,83,71,52,297,68,66,59,54,50,62,201,67,68,66,56,14,12,11,10,9,1846,397,1,74,56,61,65,67,188,79,New York City,2025.0,,B. Risa
M. Bayo ST,25,73,77,241821,Right,75,ST,4,4300000.0,26000.0,0.0,343,57,76,70,67,73,314,74,69,51,46,74,328,68,68,67,72,53,364,78,77,64,75,70,271,38,23,75,62,73,75,59,24,19,16,58,14,14,5,11,14,1737,366,1,68,75,60,72,26,188,76,Le Havre,,,M. Bayo
Aitor Ruibal RB RM LM,27,76,76,241867,Right,76,RB,0,7000000.0,21000.0,14700000.0,350,76,73,70,74,57,328,76,51,54,69,78,383,82,85,73,74,69,369,80,80,63,68,78,344,72,72,72,67,61,65,215,70,73,72,53,9,14,7,15,8,2042,443,1,84,74,70,75,72,176,75,Real Betis,2025.0,,Aitor Ruibal
D. Rossi LM CF,25,75,76,241907,Right,75,LM,1,6500000.0,9000.0,9900000.0,330,71,69,44,74,72,337,75,76,55,58,73,416,87,88,87,70,84,330,73,59,80,48,70,276,41,26,76,73,60,69,100,42,30,28,67,11,14,15,14,13,1856,393,1,88,70,70,76,34,170,66,Columbus Crew,2026.0,,D. Rossi
D. Hashioka RM RWB,24,70,75,242006,Right,71,RM,5,2400000.0,21000.0,5000000.0,312,69,58,65,67,53,315,71,64,53,58,69,330,66,74,61,70,59,359,62,74,89,74,60,305,66,57,66,66,50,59,193,66,65,62,40,11,6,10,7,6,1854,401,1,70,59,65,68,63,182,73,Luton Town,2027.0,,D. Hashioka
Neto Borges LWB LM LB,26,74,74,242181,Left,74,LWB,0,4200000.0,16000.0,8400000.0,290,71,48,62,69,40,295,73,49,37,63,73,343,70,70,70,74,59,349,55,79,81,84,50,305,68,69,68,66,34,73,209,70,70,69,47,10,7,14,6,10,1838,406,1,70,50,65,72,69,185,84,Clermont,2024.0,,Neto Borges
Luis Milla CM CDM,28,77,77,242201,Right,77,CM,0,10500000.0,30000.0,22100000.0,319,72,70,48,78,51,365,70,71,73,75,76,362,72,65,69,79,77,367,76,66,80,70,75,377,70,80,76,78,73,79,225,76,79,70,53,12,13,8,10,10,2068,435,2,68,72,76,73,74,175,67,Getafe,2027.0,,Luis Milla
G. Verón ST RW,22,70,77,242250,Right,72,CAM,7,3300000.0,8000.0,5600000.0,325,50,69,68,70,68,326,72,62,53,66,73,357,74,69,75,70,69,343,72,76,62,69,64,302,61,39,72,68,62,73,113,43,38,32,40,8,10,8,6,8,1806,383,1,71,68,64,72,42,184,82,Argentinos Juniors,2026.0,,G. Verón
J. Campuzano CDM CM,27,73,75,242267,Right,74,CDM,2,3300000.0,14000.0,5200000.0,237,36,30,57,72,42,274,59,38,41,69,67,361,74,71,73,70,73,320,56,71,80,66,47,286,75,73,35,67,36,68,218,72,74,72,49,15,8,15,5,6,1745,380,1,72,40,60,65,71,175,69,Boca Juniors,2025.0,,J. Campuzano
Lucas Perri GK,25,77,82,230670,Right,77,GK,5,12500000.0,24000.0,24700000.0,96,19,11,13,38,15,107,18,22,20,33,14,206,32,39,37,71,27,259,56,69,38,83,13,145,35,25,12,54,19,44,42,10,18,14,382,81,72,74,75,80,1237,417,1,81,72,74,80,35,197,98,Olympique Lyonnais,2028.0,,Lucas Perri
A. Ba Loua RM,26,67,67,230972,Left,67,RM,0,1100000.0,4000.0,1500000.0,298,61,59,54,65,59,324,65,68,64,61,66,411,87,89,90,59,86,290,63,59,64,39,65,260,54,29,60,58,59,60,69,21,25,23,56,8,12,14,8,14,1708,355,1,88,61,62,68,27,170,75,Lech Poznań,2025.0,,A. Ba Loua
E. Mor RM LM CAM,25,73,74,231240,Left,73,RM,1,3600000.0,24000.0,0.0,307,63,63,46,67,68,358,84,73,63,62,76,427,92,84,92,66,93,318,69,65,66,50,68,289,68,35,65,65,56,69,109,40,36,33,49,13,10,7,13,6,1857,395,1,88,65,65,81,38,169,60,Fatih Karagümrük,,,E. Mor
D. Lukébakio RW ST LW,25,79,80,231416,Left,79,RW,1,21000000.0,33000.0,45700000.0,352,73,77,55,73,74,372,85,76,68,60,83,390,82,86,77,74,71,364,83,74,64,68,75,281,28,26,77,70,80,76,84,31,29,24,53,9,7,14,11,12,1896,404,2,84,78,70,82,31,187,77,Sevilla,2028.0,,D. Lukébakio
R. Del Castillo RW RM,27,78,78,231612,Left,78,RW,0,15000000.0,24000.0,30000000.0,363,78,73,63,80,69,387,82,82,70,73,80,402,79,82,88,72,81,356,78,74,66,62,76,325,69,35,75,77,69,78,125,32,48,45,51,7,10,9,13,12,2009,421,2,81,74,78,81,42,172,65,Stade Brestois 29,2024.0,,R. Del Castillo
E. Riis ST,25,72,76,231616,Right,74,ST,4,3300000.0,26000.0,6500000.0,313,45,74,65,60,69,275,69,42,49,49,66,338,67,79,65,70,57,370,85,74,69,74,68,285,61,24,73,60,67,63,72,21,25,26,55,13,5,13,10,14,1708,367,1,74,74,54,67,28,190,83,Preston North End,2025.0,,E. Riis
J. Karlsson LM LW,24,76,79,231836,Right,77,CAM,3,10000000.0,27000.0,17800000.0,333,71,71,44,71,76,383,80,82,75,66,80,401,81,78,85,73,84,350,77,67,75,52,79,310,54,35,72,72,77,75,102,32,36,34,53,13,11,10,10,9,1932,398,2,79,74,71,80,35,178,68,Bologna,2028.0,,J. Karlsson
Q. Boisgard LM CM,26,68,68,231848,Right,68,LM,0,1300000.0,9000.0,2600000.0,311,67,62,50,72,60,341,70,64,69,70,68,311,59,52,65,63,72,325,61,62,73,69,60,318,61,53,66,69,69,66,169,54,62,53,42,13,5,8,9,7,1817,379,1,55,62,70,68,56,174,75,Lorient,2024.0,,Q. Boisgard
Álvaro Tejero RB RWB,26,72,73,231856,Right,72,RB,1,2500000.0,8000.0,4200000.0,296,72,64,55,67,38,348,69,72,73,64,70,395,79,82,84,66,84,359,70,71,91,61,66,330,63,67,69,69,62,66,198,64,66,68,46,13,7,10,9,7,1972,419,1,81,64,69,71,65,174,69,SD Eibar,2024.0,,Álvaro Tejero
Toni Lato LB LWB LM,25,74,77,232008,Left,74,LB,3,5000000.0,19000.0,10900000.0,324,79,55,58,73,59,330,70,75,38,75,72,379,79,76,74,70,80,312,64,69,70,56,53,306,67,67,68,65,39,64,212,68,71,73,48,7,10,13,9,9,1911,405,1,77,56,71,71,68,171,64,Mallorca,2027.0,,Toni Lato
A. Harit CM CAM,26,76,77,232097,Right,78,CAM,1,9000000.0,35000.0,17800000.0,322,69,63,55,76,59,377,83,75,66,73,80,391,80,75,81,82,73,314,64,63,74,46,67,358,64,68,75,78,73,76,168,58,62,48,57,15,13,10,13,6,1987,414,2,77,65,74,81,60,180,67,Olympique de Marseille,2027.0,,A. Harit
Wesley ST,26,68,68,232381,Right,68,ST,0,1300000.0,13000.0,2500000.0,326,58,62,71,69,66,303,62,57,49,67,68,288,53,72,54,64,45,379,74,82,71,91,61,325,83,37,70,69,66,70,87,35,37,15,53,12,13,14,8,6,1761,378,1,63,65,65,63,38,191,93,Stoke City,2024.0,,Wesley
R. Aliendro CM CDM,32,76,76,233029,Right,76,CM,0,6000000.0,19000.0,8400000.0,357,71,68,69,78,71,358,79,71,58,71,79,380,78,63,77,76,86,378,76,81,76,75,70,371,83,72,76,75,65,82,217,68,75,74,54,6,12,10,13,13,2115,442,1,70,70,74,79,72,173,72,River Plate,2026.0,,R. Aliendro
J. Latibeaudiere CB RB CDM,23,70,78,233047,Right,72,CB,8,3300000.0,18000.0,6900000.0,255,53,35,68,68,31,263,61,42,36,62,62,337,73,72,60,68,64,307,58,78,75,73,23,272,72,67,48,51,34,67,213,71,74,68,43,12,7,7,11,6,1690,375,1,72,38,58,62,71,180,81,Coventry City,2027.0,,J. Latibeaudiere
K. Itakura CB CDM,26,76,78,233152,Right,78,CB,2,8000000.0,25000.0,14200000.0,253,34,41,70,74,34,288,68,41,40,69,70,361,77,70,71,74,69,343,67,81,84,75,36,296,72,79,48,59,38,76,234,76,78,80,50,13,6,9,10,12,1825,401,2,73,45,59,70,77,188,80,Borussia Mönchengladbach,2026.0,,K. Itakura
C. Mepham CB,25,71,74,233201,Right,73,CB,3,2200000.0,24000.0,4300000.0,239,38,32,70,66,33,261,58,41,35,63,64,291,51,60,51,68,61,296,52,73,62,77,32,280,73,71,39,53,44,67,216,70,74,72,58,10,10,12,14,12,1641,352,1,56,37,55,60,72,190,75,AFC Bournemouth,2025.0,,C. Mepham
P. Tietz ST,25,74,76,233216,Right,76,ST,2,5500000.0,25000.0,10300000.0,311,37,76,73,67,58,296,66,51,56,50,73,328,62,73,63,75,55,383,77,82,74,84,66,297,66,25,78,63,65,72,85,26,36,23,40,10,7,5,11,7,1740,376,1,68,73,56,68,33,190,86,FC Augsburg,2027.0,,P. Tietz
K. Jóźwiak RM LM,25,69,70,233222,Right,69,RM,1,1700000.0,9000.0,3900000.0,277,65,59,41,63,49,293,73,61,34,56,69,397,85,84,85,62,81,317,64,66,70,68,49,257,45,33,65,62,52,62,127,47,44,36,54,10,14,8,9,13,1722,380,1,84,57,61,72,42,176,70,Granada,2025.0,,K. Jóźwiak
K. Mac Allister CB RB,25,74,77,233230,Right,76,CB,3,5000000.0,13000.0,7900000.0,283,51,54,71,69,38,280,70,39,42,58,71,384,82,71,82,72,77,363,58,86,90,73,56,327,78,73,66,64,46,71,225,74,76,75,41,8,6,7,12,8,1903,416,1,76,55,60,72,74,175,72,Union Saint-Gilloise,2026.0,,K. Mac Allister
R. Kristensen RB RWB CB,25,76,78,233301,Right,76,RB,2,8500000.0,36000.0,0.0,334,74,60,73,68,59,328,72,64,56,64,72,345,67,77,62,75,64,383,75,80,85,76,67,342,74,73,71,66,58,73,225,73,78,74,44,10,9,9,6,10,2001,429,1,73,65,67,71,75,187,70,Roma,,,R. Kristensen
S. Diarra RM RW LW,24,71,74,233373,Left,72,LM,3,2600000.0,13000.0,0.0,282,68,65,31,72,46,324,73,60,56,64,71,398,84,82,84,64,84,252,56,47,64,36,49,295,61,44,69,61,60,68,136,24,57,55,65,12,13,14,13,13,1752,372,1,83,59,66,73,42,173,58,Saint-Étienne,,,S. Diarra
J. Glesnes CB,29,73,73,233400,Right,73,CB,0,2500000.0,7000.0,3800000.0,246,44,36,68,64,34,282,60,31,61,67,63,279,54,51,41,72,61,421,88,83,91,83,76,279,75,75,42,49,38,74,216,72,75,69,41,5,12,6,6,12,1764,379,1,52,55,56,60,73,188,84,Philadelphia Union,2025.0,,J. Glesnes
R. McGree LM,24,73,76,233487,Left,74,LM,3,4200000.0,20000.0,8300000.000000001,320,67,66,52,71,64,338,72,70,62,63,71,391,81,77,84,71,78,361,68,75,78,73,67,341,67,68,72,71,63,74,186,65,63,58,47,12,9,5,8,13,1984,424,1,79,67,69,73,63,178,72,Middlesbrough,2025.0,,R. McGree
S. Grandsir LW LM,26,69,69,233550,Right,69,LW,0,1500000.0,10000.0,3000000.0,302,64,61,54,66,57,329,71,72,59,60,67,418,90,90,90,59,89,331,68,75,63,66,59,283,64,42,65,62,50,60,139,44,47,48,48,12,13,7,11,5,1850,397,1,90,61,64,71,46,170,65,Le Havre,2025.0,,S. Grandsir
M. Doucouré CB CDM,25,62,66,233728,Left,64,CB,4,500000.0,4000.0,888000.0,205,35,21,56,62,31,219,48,30,35,50,56,289,52,48,65,58,66,253,56,71,30,68,28,238,63,58,29,48,40,45,190,63,65,62,40,12,7,6,9,6,1434,303,1,50,31,49,53,62,183,78,Borussia Mönchengladbach,2024.0,,M. Doucouré
E. Cömert CB,25,74,76,233885,Right,76,CB,2,4700000.0,24000.0,0.0,268,49,30,74,74,41,286,41,48,59,67,71,351,71,74,68,71,67,380,76,84,75,78,67,295,75,73,33,59,55,66,220,73,75,72,32,6,8,5,7,6,1832,393,1,73,49,63,57,74,183,80,Nantes,,,E. Cömert
L. Mühl CB,26,67,70,233960,Right,69,CB,3,1200000.0,2000.0,2000000.0,241,45,25,68,64,39,236,51,39,22,61,63,299,60,70,54,62,53,320,59,76,62,78,45,239,67,65,30,51,26,58,198,62,69,67,61,14,14,11,12,10,1594,351,1,66,37,54,56,66,189,79,Spezia,2025.0,,L. Mühl
D. Turnbull CM CAM,23,72,74,234111,Right,74,CAM,2,3000000.0,12000.0,5900000.0,336,74,72,48,76,66,368,70,76,73,74,75,319,59,57,63,64,76,349,78,59,64,67,81,332,42,66,70,79,75,78,175,60,61,54,43,5,8,10,15,5,1922,401,1,58,75,76,71,60,185,75,Cardiff City,2027.0,,D. Turnbull
R. Sallai RM CF,26,77,77,234171,Right,77,RM,0,11500000.0,29000.0,19600000.0,353,75,75,59,76,68,328,81,58,45,64,80,377,77,71,77,75,77,339,69,73,64,68,65,328,74,39,78,75,62,65,107,32,37,38,46,7,5,11,14,9,1878,401,2,74,71,71,79,38,183,75,SC Freiburg,2025.0,,R. Sallai
G. Hein CAM RM CM,26,70,70,234239,Left,70,CAM,0,1700000.0,5000.0,3000000.0,282,63,67,31,70,51,363,76,78,69,67,73,395,79,77,90,59,90,302,74,50,57,46,75,275,61,39,62,62,51,59,100,32,35,33,49,13,7,5,9,15,1766,375,1,78,68,67,76,34,170,65,Auxerre,2026.0,,G. Hein
M. Schubert GK,25,65,69,234383,Right,65,GK,4,775000.0,2000.0,1200000.0,83,12,8,10,45,8,110,23,14,13,30,30,230,45,30,44,66,45,204,47,65,27,56,9,107,23,16,4,52,12,35,34,13,11,10,319,67,63,62,60,67,1087,358,1,67,63,62,67,39,184,82,Vitesse,2024.0,,M. Schubert
J. Eggestein ST RW,25,70,72,234399,Right,72,ST,2,2000000.0,11000.0,3400000.0,349,67,72,67,71,72,335,71,73,52,66,73,332,63,55,74,69,71,344,73,71,67,68,65,282,37,37,71,71,66,68,88,44,24,20,54,14,10,8,7,15,1784,369,1,59,70,69,72,37,183,75,St. Pauli,2026.0,,J. Eggestein
Marcão CB,27,78,81,234426,Left,80,CB,3,16000000.0,26000.0,34800000.0,245,35,31,70,75,34,305,69,56,34,72,74,327,63,63,61,79,61,328,52,79,85,83,29,303,89,79,25,58,52,78,234,80,78,76,39,8,8,8,10,5,1781,392,1,63,36,60,70,78,185,80,Sevilla,2027.0,,Marcão
E. Reynoso CAM LM,27,79,79,234468,Left,79,CAM,0,18500000.0,12000.0,26800000.0,324,71,65,59,81,48,388,81,73,77,77,80,368,77,56,84,78,73,345,70,72,68,64,71,358,71,60,83,83,61,80,173,62,57,54,41,7,11,9,5,9,1997,416,2,65,67,78,80,59,176,67,Minnesota United,2025.0,,E. Reynoso
O. El Hajjam RB,32,70,70,234514,Right,70,RB,0,1100000.0,10000.0,2200000.0,268,63,35,66,69,35,306,66,69,38,67,66,338,67,70,67,67,67,336,59,74,76,71,56,294,70,70,61,60,33,69,206,70,69,67,51,6,13,11,13,8,1799,385,1,69,45,64,66,69,181,72,Le Havre,2026.0,,O. El Hajjam
É. Mendy GK,31,81,81,234642,Right,81,GK,0,13500000.0,35000.0,23000000.0,88,10,5,10,54,9,130,18,13,14,54,31,232,33,36,50,80,33,237,56,64,36,72,9,104,22,13,6,50,13,57,34,10,11,13,394,78,79,75,79,83,1219,428,3,78,79,75,83,34,197,86,Al Ahli Jeddah,2026.0,,É. Mendy
J. Odgaard ST RW,24,73,76,234671,Left,75,ST,3,4200000.0,9000.0,0.0,353,67,71,70,72,73,331,73,67,58,62,71,354,72,76,68,74,64,401,79,82,84,81,75,298,65,32,72,70,59,69,112,45,39,28,53,8,13,13,8,11,1902,406,1,74,73,68,71,41,190,80,Bologna,,,J. Odgaard
L. Bénes CM CAM,25,73,76,234728,Left,76,CAM,3,4000000.0,23000.0,6700000.0,339,77,70,38,77,77,381,74,78,77,75,77,341,67,47,76,74,77,351,80,55,76,61,79,320,52,53,73,74,68,68,149,45,53,51,49,12,10,9,9,9,1930,393,1,56,74,76,75,49,181,72,Hamburger SV,2026.0,,L. Bénes
M. Nicolas GK,25,73,77,235018,Right,73,GK,4,3300000.0,15000.0,5900000.0,79,14,9,16,29,11,86,16,17,14,26,13,175,18,26,42,58,31,223,51,60,28,74,10,106,27,15,7,40,17,36,40,10,17,13,365,76,74,68,70,77,1074,386,1,76,74,68,77,21,193,89,Borussia Mönchengladbach,2029.0,,M. Nicolas
O. Richards LB LWB,25,72,77,235026,Left,72,LB,5,3200000.0,35000.0,6300000.0,281,66,56,56,69,34,287,71,55,34,53,74,364,79,63,76,69,77,246,43,63,61,48,31,293,77,70,56,54,36,62,218,69,74,75,54,11,9,13,10,11,1743,377,1,70,46,61,72,70,174,70,Nottingham Forest,2026.0,,O. Richards
C. Rodríguez CAM CM,26,76,79,235389,Right,78,CAM,3,0.0,0.0,0.0,315,63,72,50,80,50,354,77,64,61,75,77,388,78,77,86,73,74,341,66,68,83,62,62,342,62,70,72,76,62,80,198,66,70,62,56,12,15,11,8,10,1994,429,1,77,67,73,78,66,171,64,Mexico,,,C. Rodríguez
M. Sarr CB LB,24,73,76,235454,Left,75,CB,3,3700000.0,52000.0,7300000.0,304,68,53,72,74,37,310,61,60,59,65,65,340,64,68,67,71,70,324,66,80,60,78,40,308,68,74,59,63,44,75,222,73,75,74,49,6,9,14,12,8,1857,396,1,66,52,68,64,74,183,75,Chelsea,2025.0,,M. Sarr
V. Nelsson CB,24,77,80,235658,Right,79,CB,3,13000000.0,31000.0,25700000.0,247,46,36,65,63,37,287,63,52,38,67,67,338,59,66,64,76,73,353,60,84,83,85,41,319,81,79,47,59,53,72,239,80,81,78,49,10,6,12,7,14,1832,392,1,63,43,58,66,78,185,78,Galatasaray,2026.0,,V. Nelsson
Adryelson CB,25,75,79,235694,Right,77,CB,4,7000000.0,27000.0,13800000.0,265,42,45,73,69,36,282,54,47,42,72,67,348,68,78,64,74,64,317,55,79,68,72,43,293,81,75,35,57,45,67,229,76,78,75,55,11,14,11,13,6,1789,389,1,74,46,59,61,76,184,76,Olympique Lyonnais,2028.0,,Adryelson
B. Thomas-Asante ST,24,69,74,235744,Right,71,ST,5,2100000.0,15000.0,4099999.9999999995,315,55,70,63,65,62,287,68,55,49,49,66,418,91,91,84,67,85,358,66,84,72,73,63,272,64,26,68,58,56,66,81,31,27,23,46,11,9,6,15,5,1777,389,1,91,67,58,70,31,180,83,West Bromwich Albion,2025.0,,B. Thomas-Asante
A. Morley CM,23,65,72,235807,Right,68,RWB,7,1400000.0,3000.0,2700000.0,299,67,53,56,68,55,329,61,68,68,68,64,339,67,68,69,63,72,357,70,70,80,71,66,309,59,64,58,65,63,66,183,61,61,61,52,7,11,11,14,9,1868,391,1,68,60,67,64,61,183,72,Bolton Wanderers,2027.0,,A. Morley
M. Woud GK,24,62,67,235860,Left,62,GK,5,0.0,0.0,0.0,66,14,10,14,18,10,64,11,13,12,15,13,220,41,35,48,64,32,202,45,56,34,57,10,90,25,13,10,34,8,34,36,10,13,13,303,70,50,60,56,67,981,342,1,70,50,60,67,39,196,85,New Zealand,,,M. Woud
A. Claude-Maurice CM LW,25,74,76,236477,Right,78,CAM,2,5500000.0,32000.0,10900000.0,326,64,69,59,76,58,377,80,80,69,68,80,390,74,78,87,71,80,348,75,70,68,62,73,348,69,67,72,75,65,74,206,69,71,66,68,11,13,15,14,15,2063,431,2,76,70,72,80,68,175,62,Nice,2024.0,,A. Claude-Maurice
A. Nordin RM LM,25,73,76,236518,Left,75,CAM,3,4000000.0,18000.0,8300000.000000001,331,68,72,67,72,52,339,76,69,50,69,75,389,82,82,75,69,81,341,74,78,54,65,70,262,31,34,71,71,55,68,95,37,32,26,56,14,6,13,10,13,1813,389,1,82,70,69,75,37,170,69,Montpellier,2025.0,,A. Nordin
S. Alzate CM,24,73,77,236529,Right,75,CM,4,4300000.0,47000.0,0.0,322,66,66,60,77,53,339,76,61,56,72,74,366,66,66,78,75,81,339,63,70,76,69,61,333,74,67,65,72,55,76,200,66,69,65,34,9,6,6,7,6,1933,414,1,66,63,71,76,66,180,65,Standard Liège,,,S. Alzate
D. Hadžikadunić CB,24,70,75,236541,Right,72,CB,5,2200000.0,13000.0,3700000.0,225,34,29,68,67,27,220,43,34,23,57,63,308,58,66,60,68,56,282,42,74,67,77,22,243,79,68,24,35,37,66,206,68,70,68,49,14,9,11,7,8,1533,339,1,62,30,49,54,69,191,81,Hamburger SV,2026.0,,D. Hadžikadunić
V. Muriqi ST,29,80,80,223710,Left,80,ST,0,21000000.0,38000.0,44100000.0,352,35,84,84,78,71,340,77,58,58,64,83,265,43,64,42,82,34,407,82,83,72,91,79,320,74,18,81,66,81,75,70,23,25,22,50,8,9,14,9,10,1804,384,2,55,82,63,73,29,194,92,Mallorca,2027.0,,V. Muriqi
S. Lovrič CM CDM,25,75,78,223866,Right,77,CM,3,7500000.0,16000.0,14100000.0,312,66,66,55,78,47,355,72,68,65,74,76,319,60,55,63,76,65,339,64,65,78,68,64,340,70,72,72,78,48,70,208,68,72,68,53,11,10,12,13,7,1926,407,1,57,64,74,72,69,180,75,Udinese,2027.0,,S. Lovrič
Sergi Canós LM RWB LW,26,73,73,224013,Right,73,LM,0,3300000.0,25000.0,6900000.0,325,72,70,51,74,58,339,75,69,56,66,73,370,74,69,75,72,80,370,79,71,69,72,79,339,75,59,75,72,58,65,185,58,64,63,60,7,8,15,15,15,1988,421,1,71,73,71,74,60,175,66,Valencia,2027.0,,Sergi Canós
A. Buksa ST,26,74,75,224438,Left,75,ST,1,5000000.0,31000.0,0.0,340,47,78,80,67,68,282,68,54,46,43,71,316,65,62,68,74,47,385,75,87,72,82,69,297,68,24,76,63,66,72,85,31,23,31,50,7,13,10,6,14,1755,371,1,63,74,57,68,32,193,88,Antalyaspor,,,A. Buksa
23 P. Olayinka LM RM ST,26,76,76,224739,Right,76,LM,0,8000000.0,1000.0,17600000.0,357,72,71,77,71,66,355,74,74,64,68,75,387,82,84,78,74,69,375,71,76,88,74,66,353,74,64,77,70,68,75,195,66,67,62,55,13,9,7,15,11,2077,443,1,83,70,70,75,67,188,77,Slavia Praha,2023.0,23,P. Olayinka
G. Ferrari CB,31,72,72,224808,Left,72,CB,0,1600000.0,12000.0,2700000.0,199,20,30,72,62,15,201,38,20,24,61,58,243,34,48,47,70,44,269,36,70,68,77,18,225,74,74,24,23,30,69,221,73,76,72,50,9,16,6,10,9,1408,308,1,42,28,42,48,74,189,82,Sassuolo,2024.0,,G. Ferrari
C. Roberts RB RWB,27,75,75,225147,Right,75,RB,0,5500000.0,38000.0,0.0,324,74,60,61,75,54,328,72,67,47,69,73,365,79,77,71,68,70,361,67,76,87,70,61,316,67,69,69,70,41,66,211,70,72,69,51,6,12,8,12,13,1956,425,1,78,61,71,72,69,175,76,Leeds United,,,C. Roberts
J. Hendry CB,28,74,76,225316,Right,76,CB,2,4200000.0,25000.0,7500000.0,277,48,50,77,76,26,269,57,38,28,76,70,346,70,85,64,67,60,393,77,89,80,86,61,303,82,71,58,55,37,68,208,67,70,71,58,13,11,13,8,13,1854,413,1,78,56,62,63,70,195,88,Al Ettifaq,2026.0,,J. Hendry
İ. Kahveci RW CAM CM,27,77,77,225403,Left,78,CAM,0,11000000.0,36000.0,20900000.0,350,78,72,52,79,69,399,81,83,78,76,81,380,74,73,77,74,82,354,80,60,68,64,82,341,69,62,73,79,58,75,173,56,61,56,67,13,14,15,15,10,2064,431,1,73,75,79,80,58,176,75,Fenerbahçe,2025.0,,İ. Kahveci
R. Mandragora CM CDM,26,76,79,225439,Left,78,CM,3,9500000.0,46000.0,16900000.0,340,70,65,65,80,60,359,76,66,64,76,77,325,56,55,67,74,73,369,70,71,82,75,71,337,67,75,64,76,55,70,224,77,75,72,66,13,14,9,14,16,2020,420,2,55,66,75,75,74,183,75,Fiorentina,2026.0,,R. Mandragora
G. Kerk RM ST,27,72,72,225653,Right,72,RM,0,2500000.0,21000.0,3800000.0,330,66,72,60,65,67,314,73,67,53,52,69,396,84,90,76,70,76,367,76,83,64,78,66,294,63,32,74,66,59,68,90,38,29,23,68,12,15,12,15,14,1859,400,1,87,71,63,72,35,183,90,Antwerp,2025.0,,G. Kerk
K. Grant LM ST,25,72,73,225668,Right,72,LM,1,2800000.0,23000.0,0.0,328,66,71,62,66,63,312,72,63,63,43,71,378,85,87,73,70,63,372,74,81,76,71,70,278,35,29,72,67,75,63,87,40,23,24,63,11,10,13,15,14,1818,389,1,86,71,62,71,33,182,70,Cardiff City,,,K. Grant
K. Iheanacho ST,26,76,76,225719,Left,77,CAM,0,8500000.0,45000.0,15300000.0,353,59,77,65,76,76,366,79,74,64,69,80,358,71,72,71,77,67,371,81,76,66,73,75,328,71,30,80,77,70,73,107,39,36,32,48,8,7,7,11,15,1931,407,1,72,77,71,78,38,185,82,Leicester City,2024.0,,K. Iheanacho
B. Sheaf CDM CM,25,75,80,225779,Right,76,CDM,5,7500000.0,35000.0,14800000.0,302,65,37,65,77,58,344,72,64,62,75,71,311,52,58,65,68,68,325,57,69,75,73,51,342,75,75,63,69,60,76,221,74,76,71,64,15,10,15,13,11,1909,392,1,55,47,71,71,74,185,64,Coventry City,2026.0,,B. Sheaf
R. Manning LB LWB,27,74,75,226012,Left,74,LB,1,4400000.0,34000.0,8700000.0,303,78,58,60,71,36,363,74,76,70,70,73,364,70,68,73,73,80,350,65,70,87,65,63,344,70,69,66,73,66,69,209,68,72,69,53,12,6,11,12,12,1986,417,1,69,60,73,74,69,173,72,Southampton,2027.0,,R. Manning
Akieme LB,25,74,76,226103,Left,74,LB,2,4900000.0,18000.0,10200000.0,273,71,40,69,72,21,282,68,55,36,48,75,378,78,79,72,68,81,341,65,78,75,69,54,284,71,70,58,45,40,68,215,69,73,73,61,8,11,14,15,13,1834,400,1,79,48,60,71,71,175,74,Stade de Reims ,2028.0,,Akieme
E. Amor CB,28,71,72,226170,Right,72,CB,1,1800000.0,8000.0,2700000.0,233,33,39,72,66,23,212,48,31,17,58,58,250,50,50,42,65,43,277,45,78,52,83,19,267,77,70,27,35,58,54,211,72,71,68,64,10,14,12,14,14,1514,330,1,50,36,48,51,71,190,80,Colo-Colo,2024.0,,E. Amor
Fabián Ruiz CM CDM,27,80,80,226271,Left,80,CM,0,22500000.0,83000.0,41600000.0,364,72,75,67,83,67,378,79,75,61,80,83,323,59,51,66,79,68,377,77,69,84,67,80,366,68,76,74,81,67,83,223,70,78,75,60,16,11,7,13,13,2091,434,2,55,76,78,79,74,189,70,Paris Saint Germain,2027.0,,Fabián Ruiz
S. Britos GK,35,68,68,227154,Right,68,GK,0,130000.0,500.0,286000.0,99,16,19,15,29,20,89,17,16,14,24,18,168,22,27,32,54,33,214,47,56,27,66,18,103,20,19,20,18,26,27,47,20,11,16,339,62,70,63,77,67,1059,363,1,62,70,63,67,24,190,87,Universitario,2024.0,,S. Britos
F. Guilbert RB RWB CB,28,75,75,227222,Right,75,RB,0,5000000.0,21000.0,10000000.0,287,74,38,70,73,32,306,69,56,42,65,74,356,73,71,67,71,74,340,66,78,76,73,47,321,76,73,65,63,44,67,221,71,74,76,58,8,14,16,13,7,1889,406,2,72,47,68,71,73,178,78,Strasbourg,2026.0,,F. Guilbert
J. Larsen LM LW ST,24,73,75,227503,Right,75,ST,2,4000000.0,23000.0,0.0,337,67,72,58,72,68,357,73,73,70,67,74,390,84,83,76,72,75,352,82,76,60,68,66,328,68,59,73,66,62,66,154,56,54,44,53,14,6,11,11,11,1971,418,1,83,72,69,73,55,183,77,Burnley,,,J. Larsen
L. Haraslín LW RW LM,27,78,78,227562,Right,78,LW,0,15000000.0,1000.0,33000000.0,350,73,75,59,74,69,377,82,72,75,68,80,407,79,81,87,77,83,348,74,72,68,61,73,284,38,33,77,74,62,81,122,33,41,48,63,13,12,13,10,15,1951,408,1,80,74,73,82,40,182,71,Sparta Praha,2025.0,,L. Haraslín
P. Kpozo LB,25,66,69,227603,Left,67,LWB,3,0.0,0.0,0.0,241,62,38,44,59,38,284,64,58,48,52,62,387,80,82,82,64,79,311,55,68,76,74,38,264,55,59,52,58,40,58,182,58,61,63,61,8,12,14,13,14,1730,375,1,81,42,58,66,58,180,77,Ghana,,,P. Kpozo
F. Passlack RB RM,25,68,71,228080,Right,70,RWB,3,1500000.0,9000.0,2800000.0,291,66,61,44,67,53,330,68,67,63,64,68,368,76,63,75,70,84,332,71,63,77,66,55,333,80,61,63,63,66,66,200,66,67,67,56,10,11,10,16,9,1910,400,1,69,62,65,70,63,172,70,VfL Bochum 1848,2025.0,,F. Passlack
Pedraza LB,27,78,78,228302,Left,78,LB,0,13500000.0,31000.0,28400000.0,352,76,72,67,74,63,352,77,74,57,68,76,380,80,81,76,75,68,382,78,80,81,74,69,351,69,72,77,69,64,66,226,74,77,75,51,12,6,14,7,12,2094,450,1,81,72,72,76,74,184,73,Villarreal,2026.0,,Pedraza
F. Grillitsch CDM CB,27,76,77,228336,Right,78,CM,1,7500000.0,29000.0,13300000.0,322,66,58,64,81,53,348,74,47,66,82,79,337,61,67,67,78,64,335,64,71,69,71,60,329,50,79,70,80,50,78,214,73,73,68,53,13,12,7,14,7,1938,414,2,64,60,76,75,73,187,77,TSG Hoffenheim,2026.0,,F. Grillitsch
E. Audero GK,26,79,82,228413,Right,79,GK,3,17500000.0,5000.0,0.0,95,13,16,19,29,18,80,19,12,12,19,18,284,55,49,53,76,51,221,55,67,25,55,19,95,24,11,8,30,22,56,30,10,10,10,386,80,74,73,76,83,1191,439,1,80,74,73,83,53,192,83,Inter,,,E. Audero
J. Reine-Adélaïde CAM CM CF,25,71,74,228509,Right,73,CAM,3,2500000.0,12000.0,3800000.0,339,71,67,58,75,68,362,75,73,69,72,73,336,66,65,73,66,66,332,75,67,60,64,66,301,53,51,70,72,55,75,148,41,56,51,60,10,15,11,16,8,1878,390,2,65,68,73,73,50,184,75,RWDM,2024.0,,J. Reine-Adélaïde
G. Prömel CM CDM,28,77,77,228595,Right,77,CM,0,10500000.0,36000.0,17900000.0,357,61,73,77,78,68,331,74,55,51,75,76,346,65,69,67,78,67,400,77,82,92,76,73,355,79,77,75,73,51,78,223,74,77,72,45,8,14,7,10,6,2057,442,2,67,73,71,74,76,184,81,TSG Hoffenheim,2026.0,,G. Prömel
André Silva ST,27,80,80,228941,Right,80,ST,0,23000000.0,63000.0,0.0,381,60,79,83,79,80,361,80,77,58,63,83,383,76,72,77,83,75,404,82,90,77,77,78,374,75,59,82,74,84,84,110,36,40,34,53,14,13,7,11,8,2066,429,3,74,80,71,81,46,185,80,Real Sociedad,,,André Silva
T. Ouwejan LB LM,26,71,72,229155,Left,73,CM,1,2000000.0,8000.0,3400000.0,315,81,54,56,73,51,376,70,82,77,74,73,358,69,74,72,70,73,361,76,68,76,68,73,310,61,68,68,74,39,72,188,64,64,60,51,7,12,13,7,12,1959,414,1,72,62,76,71,64,183,78,Schalke 04,2024.0,,T. Ouwejan
S. Gartenmann CB,26,69,72,229436,Right,71,CB,3,1600000.0,12000.0,0.0,235,60,22,65,61,27,260,57,51,28,58,66,314,55,68,56,70,65,319,54,75,76,82,32,281,67,69,51,57,37,68,205,68,70,67,57,12,8,9,14,14,1671,358,1,62,33,57,61,68,185,75,Aberdeen,,,S. Gartenmann
M. Matviienko CB LB,27,76,78,229528,Left,78,CB,2,8000000.0,950.0,18200000.0,304,66,46,76,79,37,284,68,42,31,75,68,368,75,78,71,75,69,352,73,85,75,75,44,297,70,71,61,60,35,72,234,78,80,76,45,10,10,5,9,11,1884,417,1,77,51,68,69,77,182,74,Shakhtar Donetsk,2027.0,,M. Matviienko
A. Bardakcı CB,28,80,80,229905,Left,80,CB,0,18000000.0,48000.0,34200000.0,303,68,38,81,78,38,311,68,58,35,78,72,325,60,62,62,77,64,350,66,85,82,83,34,346,86,79,64,69,48,76,242,81,81,80,54,13,7,12,7,15,1931,410,1,61,45,71,69,81,185,80,Galatasaray,2025.0,,A. Bardakcı
P. Lees-Melou CDM CM,30,78,78,230020,Right,79,CM,0,12000000.0,20000.0,24000000.0,343,78,69,58,80,58,381,75,78,69,79,80,340,64,61,72,78,65,384,77,70,88,72,77,368,71,80,74,78,65,78,214,75,74,65,51,14,6,12,9,10,2081,437,2,62,72,78,76,73,186,70,Stade Brestois 29,2025.0,,P. Lees-Melou
S. Serdar CM CAM CDM,26,75,76,230065,Right,76,CAM,1,6500000.0,15000.0,0.0,342,62,70,70,75,65,363,81,78,52,72,80,362,69,67,73,77,76,377,75,76,78,74,74,354,82,76,70,73,53,78,219,72,74,73,51,15,8,5,13,10,2068,439,2,68,71,71,79,73,184,75,Hellas Verona,,,S. Serdar
F. Sacko RB RWB,28,73,73,230147,Right,73,RB,0,2800000.0,18000.0,5600000.0,286,67,43,63,68,45,290,70,59,34,58,69,399,87,87,83,68,74,324,53,79,88,66,38,288,65,67,59,56,41,73,203,66,69,68,54,9,8,12,10,15,1844,404,1,87,45,62,71,67,179,68,Montpellier,2026.0,,F. Sacko
Diego Essler LB LM,23,79,79,230184,Left,79,LB,0,18500000.0,32000.0,33299999.999999996,314,78,45,60,76,55,312,76,54,49,59,74,436,90,89,87,80,90,333,78,67,76,44,68,334,73,75,69,68,49,76,228,75,77,76,59,13,13,16,8,9,2016,427,1,89,58,70,77,74,168,65,Atlético Mineiro,2026.0,,Diego Essler
Laure Santeiro CAM LM LW,23,80,80,230271,Left,80,CAM,0,24500000.0,27000.0,46600000.0,335,73,72,44,79,67,375,82,56,75,80,82,416,87,75,85,80,89,299,67,55,67,35,75,308,41,31,82,80,74,77,65,29,13,23,48,9,7,8,14,10,1846,382,1,80,72,77,82,26,171,63,Fluminense,2026.0,,Laure Santeiro
Jason Bardeira ST,23,78,78,230442,Right,78,ST,0,16500000.0,31000.0,31400000.0,372,59,86,91,66,70,295,69,59,33,64,70,352,77,70,70,68,67,414,87,94,74,79,80,273,62,16,74,65,56,80,74,38,19,17,56,13,9,6,12,16,1836,393,1,73,82,62,70,31,187,85,Corinthians,2026.0,,Jason Bardeira
Cryzan ST LM,26,76,77,230601,Right,77,ST,1,9000000.0,24000.0,14600000.0,359,66,78,73,72,70,342,76,67,57,68,74,379,81,80,80,68,70,396,78,90,75,83,70,309,73,19,77,70,70,75,57,20,21,16,54,10,5,10,15,14,1896,404,1,80,76,69,75,25,191,85,Shandong Taishan,2024.0,,Cryzan
J. Justin LB RB,25,75,76,231554,Right,75,LB,1,6000000.0,35000.0,11300000.0,310,74,53,68,73,42,324,69,60,60,67,68,367,74,83,67,73,70,312,54,75,76,67,40,311,66,70,65,67,43,66,221,71,76,74,45,13,7,6,5,14,1890,409,1,79,50,70,69,72,183,80,Leicester City,2026.0,,J. Justin
T. Lawrence CAM LM,29,73,73,211513,Right,73,CAM,0,3000000.0,41000.0,5400000.0,351,73,72,69,73,64,358,73,74,72,65,74,361,75,73,76,67,70,371,78,75,74,66,78,315,77,28,72,72,66,74,126,48,42,36,50,10,7,13,13,7,1932,407,1,74,74,72,73,43,180,75,Rangers,2025.0,,T. Lawrence
G. Evans CDM CM CB,28,66,66,211595,Right,66,CDM,0,750000.0,6000.0,1300000.0,301,58,59,62,66,56,312,59,64,55,69,65,311,59,63,62,65,62,334,68,70,63,72,61,295,66,65,57,59,48,63,194,64,66,64,61,10,9,15,13,14,1808,379,1,61,60,63,62,65,184,76,Wrexham,2025.0,,G. Evans
D. Kohr CDM CM CB,29,75,75,212212,Right,76,CB,0,4800000.0,24000.0,8600000.0,291,42,58,73,73,45,306,69,51,48,65,73,374,77,88,67,75,67,393,77,86,82,77,71,333,93,74,52,67,47,76,224,76,75,73,43,6,11,9,10,7,1964,436,2,83,63,62,71,75,183,80,FSV Mainz 05,2026.0,,D. Kohr
G. Zardes ST,31,69,69,212478,Right,69,ST,0,1200000.0,5000.0,1700000.0,307,41,67,76,60,63,274,63,60,39,45,67,323,67,69,63,70,54,371,75,86,70,79,61,297,62,37,72,59,67,62,114,39,45,30,54,11,7,11,14,11,1740,369,3,68,67,53,64,43,188,80,Austin,2025.0,,G. Zardes
B. Davies CB,27,73,75,213017,Left,75,CB,2,3200000.0,36000.0,6000000.0,282,61,36,71,71,43,280,60,44,40,68,68,332,65,69,65,71,62,305,42,81,65,78,39,258,64,72,37,37,48,72,220,74,74,72,52,6,15,10,15,6,1729,374,1,67,39,59,64,73,185,74,Rangers,2026.0,,B. Davies
N. Bentaleb CDM CM,28,78,78,213296,Left,78,CDM,0,12500000.0,33000.0,23800000.0,338,65,65,57,83,68,382,80,70,71,79,82,324,56,51,72,76,69,380,83,69,74,76,78,379,77,73,65,81,83,80,213,72,74,67,59,9,10,16,9,15,2075,427,2,53,72,77,79,71,187,78,LOSC Lille,2026.0,,N. Bentaleb
L. Abergel CDM CM,30,76,76,213367,Right,76,CDM,0,6500000.0,21000.0,13000000.0,275,67,42,53,76,37,318,70,54,47,70,77,363,72,61,74,73,83,345,69,68,89,68,51,319,77,75,58,67,42,64,222,70,77,75,51,7,14,15,8,7,1893,405,1,66,50,69,73,72,170,65,Lorient,2026.0,,L. Abergel
J. Wilson ST,27,63,63,213642,Left,63,ST,0,525000.0,2000.0,919000.0,293,53,63,63,56,58,272,58,59,42,52,61,334,68,70,69,57,70,348,68,74,72,73,61,240,34,24,63,58,61,63,66,20,22,24,62,9,15,14,8,16,1615,339,1,69,63,55,61,26,183,73,Port Vale,2024.0,,J. Wilson
A. Hamdallah ST CAM,32,77,77,213761,Right,77,ST,0,8500000.0,42000.0,13600000.0,375,66,80,81,72,76,358,77,74,72,63,72,324,57,66,74,81,46,386,77,76,83,80,70,325,65,20,81,74,85,75,75,30,25,20,54,9,11,9,15,10,1897,393,2,62,78,70,74,31,179,75,Al Ittihad,2025.0,,A. Hamdallah
S. Gallagher ST RM,27,69,69,213905,Right,69,ST,0,1500000.0,21000.0,2900000.0,331,58,69,74,59,71,282,65,54,45,53,65,315,62,74,58,67,54,381,78,83,73,82,65,306,75,44,68,59,60,62,124,40,41,43,60,12,11,16,13,8,1799,383,1,69,70,57,64,45,193,84,Blackburn Rovers,2024.0,,S. Gallagher
Aketxe CAM RM,29,74,74,213937,Left,74,CAM,0,4099999.9999999995,11000.0,6600000.0,332,79,74,40,79,60,395,71,84,90,78,72,355,65,54,84,63,89,360,91,57,57,66,89,309,51,41,62,82,73,66,138,40,50,48,64,15,14,12,15,8,1953,395,1,59,79,80,73,44,174,69,SD Eibar,2024.0,,Aketxe
21 W. Barrios CDM CM,26,79,81,214394,Right,80,CDM,2,0.0,0.0,0.0,250,59,30,59,80,22,260,64,31,31,65,69,372,76,71,75,77,73,342,53,78,92,80,39,321,84,80,60,65,32,77,238,84,80,74,71,13,14,13,15,16,1854,408,1,73,38,66,68,79,178,74,Colombia,,21,W. Barrios
L. Rodríguez LB LWB,29,68,68,214660,Left,68,LB,0,1100000.0,5000.0,1700000.0,272,67,46,50,63,46,331,67,71,68,60,65,355,73,74,73,65,70,333,71,66,70,64,62,317,70,66,66,64,51,70,198,65,67,66,68,14,15,15,15,9,1874,391,1,74,55,64,67,64,169,68,Instituto,2024.0,,L. Rodríguez
P. Mullin ST,28,68,68,214896,Right,68,ST,0,1200000.0,10000.0,2100000.0,309,55,69,66,58,61,300,65,64,59,47,65,365,74,77,71,67,76,368,70,78,83,71,66,278,58,34,68,55,63,68,104,42,35,27,48,14,8,10,9,7,1772,377,1,76,68,56,66,39,178,71,Wrexham,2027.0,,P. Mullin
M. Casco LB RB,35,74,74,215071,Right,75,CAM,0,1300000.0,11000.0,1800000.0,339,73,64,65,76,61,367,78,77,61,74,77,394,79,74,82,74,85,378,77,80,77,75,69,361,78,65,77,75,66,76,206,67,68,71,54,15,8,13,12,6,2099,439,1,76,68,74,78,67,170,69,River Plate,2025.0,,M. Casco
L. Montipò GK,27,77,80,215363,Right,77,GK,3,10500000.0,21000.0,19700000.0,91,15,20,17,21,18,94,19,17,15,23,20,254,40,45,46,74,49,216,52,60,35,55,14,133,31,18,15,40,29,38,40,10,19,11,375,75,73,69,75,83,1203,417,1,75,73,69,83,42,191,82,Hellas Verona,2025.0,,L. Montipò
B. Petković ST CAM,28,76,76,215455,Right,77,CAM,0,7500000.0,1000.0,16500000.0,378,66,74,79,83,76,384,79,69,76,76,84,333,69,75,73,69,47,392,83,90,68,90,61,306,48,23,65,84,86,79,108,38,41,29,59,11,15,9,14,10,1960,416,1,72,73,78,78,39,193,88,Dinamo Zagreb,2025.0,,B. Petković
A. Petagna ST,28,74,74,215689,Left,74,ST,0,4300000.0,44000.0,0.0,349,60,74,73,74,68,324,73,59,50,62,80,301,52,64,49,69,67,382,79,82,65,93,63,312,63,24,75,72,78,75,91,40,30,21,17,3,3,3,5,3,1776,385,2,59,73,67,72,35,190,85,Cagliari,,,A. Petagna
K. Baldé ST LM,28,72,72,215785,Right,72,ST,0,2400000.0,9000.0,3800000.0,352,71,70,70,70,71,333,71,69,58,64,71,380,86,85,75,68,66,371,75,85,69,73,69,297,65,31,71,70,60,69,74,17,29,28,56,12,8,13,8,15,1863,396,2,85,70,69,71,30,184,77,Espanyol,2025.0,,K. Baldé
D. Zappacosta RWB RM LM,31,79,79,216150,Right,79,RWB,0,12500000.0,48000.0,21300000.0,354,81,60,69,75,69,353,76,76,59,68,74,367,77,78,71,73,68,375,78,76,81,66,74,350,75,76,72,68,59,73,229,74,77,78,45,11,9,8,6,11,2073,439,2,78,67,73,74,75,182,75,Atalanta,2025.0,,D. Zappacosta
Ander Capa RB,31,72,72,216189,Right,72,RB,0,1700000.0,9000.0,2700000.0,313,70,56,63,70,54,330,64,72,58,67,69,352,69,70,69,67,77,376,80,77,72,80,67,338,73,73,69,69,54,74,214,72,72,70,54,12,13,6,12,11,1977,416,1,70,63,69,67,71,175,75,Levante,2024.0,,Ander Capa
L. Shankland ST CF CAM,27,75,75,216218,Right,75,ST,0,6000000.0,10000.0,10800000.0,345,48,82,75,71,69,324,72,62,49,64,77,352,66,64,74,71,77,392,78,83,81,82,68,320,70,19,77,70,84,80,69,26,23,20,63,13,15,14,10,11,1865,388,1,65,78,64,74,28,185,80,Hearts,2025.0,,L. Shankland
S. Fofana CM CDM,28,81,81,216320,Right,81,CM,0,25500000.0,54000.0,0.0,344,62,74,58,82,68,373,80,72,62,80,79,353,71,71,69,80,62,424,83,79,91,87,84,371,79,79,78,79,56,77,219,68,80,71,47,9,8,9,11,10,2131,461,3,71,77,76,78,73,185,74,Al Ettifaq,,,S. Fofana
A. Halilović CAM CM,27,71,71,216349,Left,71,CAM,0,2000000.0,10000.0,3000000.0,290,67,58,30,73,62,382,76,82,71,73,80,328,65,35,77,69,82,265,64,37,65,34,65,293,42,44,64,77,66,68,131,50,46,35,60,15,11,11,13,10,1749,349,1,49,62,73,77,44,170,68,Fortuna Sittard,2024.0,,A. Halilović
A. Kramarić CF CM CAM,32,81,81,216354,Right,81,CF,0,21000000.0,50000.0,35700000.0,382,73,80,69,81,79,389,82,82,77,65,83,393,74,70,82,83,84,390,82,76,85,69,78,354,71,29,83,79,92,81,81,35,20,26,58,8,14,14,7,15,2047,417,3,72,81,76,82,32,177,73,TSG Hoffenheim,2025.0,,A. Kramarić
J. Seri CDM CM,31,73,73,216451,Right,74,CM,0,2100000.0,14000.0,4000000.0,317,72,60,53,78,54,376,71,77,74,78,76,347,66,50,76,72,83,333,72,61,72,58,70,346,67,71,62,79,67,78,199,68,67,64,58,14,13,9,10,12,1976,402,2,57,65,77,74,66,171,74,Hull City,2025.0,,J. Seri
A. Sørloth ST,27,79,79,216549,Left,79,ST,0,19000000.0,40000.0,39900000.0,374,66,81,82,74,71,348,77,74,60,59,78,344,74,83,57,75,55,418,82,93,82,90,71,330,74,36,77,73,70,82,83,39,23,21,58,15,12,8,15,8,1955,421,2,79,78,69,74,36,195,94,Villarreal,2028.0,,A. Sørloth
Abner LB LWB LM,27,68,69,216755,Left,68,LB,1,1300000.0,7000.0,2000000.0,254,67,38,52,67,30,285,71,43,41,65,65,368,75,78,75,61,79,316,71,66,67,61,51,286,62,67,59,48,50,57,189,59,64,66,42,11,7,8,10,6,1740,379,1,77,48,60,69,62,180,73,RWDM,2024.0,,Abner
G. Simeone ST,27,77,77,216816,Right,77,ST,0,11500000.0,52000.0,19600000.0,359,55,81,77,69,77,344,72,69,66,61,76,372,76,74,72,77,73,388,83,86,71,74,74,317,78,24,80,60,75,75,118,44,38,36,61,12,15,9,14,11,1959,407,2,75,79,63,74,41,181,81,Napoli,2026.0,,G. Simeone
A. Blake GK,32,77,77,216939,Right,77,GK,0,5000000.0,7000.0,7500000.0,92,12,13,24,32,11,108,11,24,12,33,28,253,43,49,48,71,42,241,53,68,41,68,11,114,27,15,12,41,19,62,41,14,14,13,377,78,70,71,78,80,1226,422,2,78,70,71,80,45,188,79,Philadelphia Union,2024.0,,A. Blake
Cafú CDM CM,30,67,67,218623,Right,67,CDM,0,850000.0,6000.0,1600000.0,323,63,63,62,67,68,313,66,66,48,65,68,300,60,57,59,63,61,367,82,76,60,81,68,349,81,67,68,64,69,64,188,59,64,65,56,11,9,13,12,11,1896,395,1,58,69,64,65,63,185,82,Rotherham United,2024.0,,Cafú
B. Meling LB,28,74,74,219466,Left,74,LB,0,3800000.0,20000.0,4900000.0,288,74,54,55,72,33,330,70,63,55,70,72,397,80,79,83,72,83,320,64,66,84,53,53,327,77,71,72,68,39,72,208,71,69,68,51,8,10,15,12,6,1921,412,2,79,55,70,73,69,173,67,København,2027.0,,B. Meling
I. Pussetto ST,27,70,70,219536,Right,70,ST,0,1700000.0,9000.0,2600000.0,334,65,72,65,68,64,291,73,43,42,61,72,354,74,71,74,66,69,324,71,74,48,66,65,243,33,12,71,58,69,68,68,25,18,25,52,6,14,11,11,10,1666,355,1,72,70,62,72,24,180,74,Huracán,2024.0,,I. Pussetto
S. Gigot CB,29,77,77,219581,Right,77,CB,0,9000000.0,36000.0,17100000.0,271,61,35,74,71,30,258,56,37,33,67,65,316,61,67,58,77,53,314,44,82,71,84,33,320,86,80,54,55,45,67,229,74,78,77,59,11,15,13,10,10,1767,382,2,64,38,62,60,77,187,83,Olympique de Marseille,2025.0,,S. Gigot
T. Bakayoko CDM CM,28,73,73,219809,Right,73,CDM,0,2700000.0,18000.0,5400000.0,275,55,42,70,72,36,296,68,51,37,68,72,275,49,52,52,72,50,348,72,75,65,86,50,324,80,70,59,70,45,74,217,72,73,72,61,11,15,11,14,10,1796,384,2,51,50,65,67,72,189,85,Lorient,2025.0,,T. Bakayoko
S. Scuffet GK,27,73,76,220048,Right,73,GK,3,3000000.0,15000.0,5600000.0,112,20,20,18,34,20,114,14,20,22,36,22,276,50,50,60,71,45,237,49,67,40,65,16,120,35,20,12,35,18,61,57,15,24,18,357,73,71,65,72,76,1273,407,1,73,71,65,76,50,193,77,Cagliari,2026.0,,S. Scuffet
23 M. Diagne ST,30,75,75,220131,Right,75,ST,0,5500000.0,26000.0,11000000.0,346,56,77,83,62,68,293,63,67,48,45,70,291,65,64,52,73,37,361,82,61,62,88,68,287,55,19,79,55,79,74,75,21,25,29,45,7,10,10,10,8,1698,363,1,64,76,56,64,29,191,86,Fatih Karagümrük,2023.0,23,M. Diagne
J. Denayer CB,28,74,75,220182,Right,75,CB,1,4000000.0,25000.0,6900000.0,276,52,41,74,74,35,280,62,52,29,70,67,331,66,72,64,68,61,319,55,81,71,76,36,287,74,73,36,65,39,74,223,73,75,75,62,7,10,15,15,15,1778,389,2,69,42,64,65,74,184,80,Al Fateh,2025.0,,J. Denayer
Aarón GK,27,74,77,220383,Right,74,GK,3,4099999.9999999995,13000.0,8900000.0,105,20,15,24,27,19,115,19,25,18,31,22,242,39,34,41,72,56,224,53,59,45,51,16,118,22,24,12,39,21,42,67,30,19,18,363,72,74,71,72,74,1234,400,1,72,74,71,74,37,185,71,Las Palmas,2025.0,,Aarón
M. Dúbravka GK,34,78,78,220407,Right,78,GK,0,2400000.0,69000.0,4600000.0,93,12,10,12,48,11,139,19,15,13,59,33,265,43,43,47,72,60,236,59,62,38,60,17,143,28,25,12,58,20,59,48,19,15,14,389,78,76,79,76,80,1313,432,2,78,76,79,80,43,190,80,Newcastle United,2025.0,,M. Dúbravka
H. Kamara LWB LM LB,29,74,74,220421,Left,74,LWB,0,3700000.0,15000.0,6700000.0,294,71,57,50,69,47,315,73,66,41,68,67,415,86,83,83,71,92,354,68,76,80,73,57,326,77,70,68,65,46,72,207,66,70,71,55,8,9,16,9,13,1966,426,1,84,59,67,73,67,168,67,Udinese,2026.0,,H. Kamara
C. Lenglet CB,28,76,76,220440,Left,76,CB,0,6500000.0,95000.0,0.0,289,55,39,77,81,37,295,57,59,31,75,73,328,64,68,61,77,58,331,58,81,71,75,46,322,72,78,54,69,49,77,229,80,76,73,48,10,10,9,12,7,1842,395,2,66,45,69,64,77,186,81,Aston Villa,,,C. Lenglet
J. Bednarek CB,27,74,75,220570,Right,75,CB,1,4200000.0,34000.0,8300000.000000001,229,44,19,78,68,20,213,50,23,26,55,59,277,49,48,52,69,59,273,25,80,64,81,23,265,79,76,26,52,32,54,217,74,72,71,56,11,13,16,7,9,1530,329,1,48,22,54,55,74,189,77,Southampton,2025.0,,J. Bednarek
A. Živković RW LW,26,77,77,220746,Left,77,RW,0,11500000.0,2000.0,25300000.0,336,75,73,47,73,68,383,82,84,71,65,81,401,84,80,78,71,88,338,78,64,72,54,70,339,60,64,71,77,67,78,163,49,61,53,40,9,11,8,6,6,2000,425,1,82,73,73,81,56,170,62,PAOK,2027.0,,A. Živković
R. Thomas CM CAM CDM,28,67,67,220763,Right,68,CAM,0,1000000.0,5000.0,1500000.0,291,65,56,42,68,60,335,70,63,63,70,69,356,72,66,72,68,78,299,66,58,60,60,55,340,74,67,64,73,62,72,166,60,54,52,45,10,12,6,8,9,1832,386,1,69,59,68,70,57,174,64,PEC Zwolle,2024.0,,R. Thomas
C. Starfelt CB,28,74,76,220821,Right,76,CB,2,4200000.0,19000.0,9100000.0,223,27,25,73,72,26,258,68,33,24,64,69,350,71,78,67,69,65,307,52,82,75,75,23,274,77,74,32,52,39,67,220,73,76,71,51,8,15,13,7,8,1683,377,1,75,31,53,68,74,185,81,Celta de Vigo,2027.0,,C. Starfelt
D. Machado LWB LM,29,76,76,220837,Left,76,LWB,0,6500000.0,31000.0,12400000.0,342,75,66,66,74,61,339,76,64,61,63,75,398,83,84,76,76,79,381,80,83,74,76,68,345,75,70,72,71,57,74,214,70,72,72,56,13,12,8,12,11,2075,446,1,84,69,71,76,70,180,75,Lens,2026.0,,D. Machado
R. Borré ST,27,76,76,220883,Right,76,ST,0,8000000.0,37000.0,0.0,371,71,75,74,77,74,365,75,78,67,69,76,393,83,70,84,76,80,387,79,83,85,67,73,353,85,41,78,77,72,80,118,44,45,29,58,11,14,14,11,8,2045,423,2,76,75,74,77,45,174,70,Werder Bremen,,,R. Borré
C. Baker-Richardson ST,27,63,63,220893,Right,63,ST,0,525000.0,3000.0,919000.0,259,28,62,62,51,56,239,58,50,38,30,63,311,65,73,54,59,60,352,65,76,72,78,61,238,44,20,63,52,59,60,61,21,22,18,58,12,15,8,9,14,1518,328,1,69,62,43,59,25,188,83,Crewe Alexandra,2024.0,,C. Baker-Richardson
N. Keïta CM,28,75,75,220971,Right,76,CAM,0,5500000.0,24000.0,9900000.0,326,63,69,42,77,75,365,81,64,67,72,81,381,72,60,85,77,87,320,74,57,60,56,73,356,75,74,72,77,58,80,205,66,72,67,59,7,14,15,14,9,2012,417,3,65,71,72,81,67,172,64,Werder Bremen,2026.0,,N. Keïta
E. Mammana CB,27,72,74,221551,Right,74,CDM,2,2500000.0,10000.0,3900000.0,266,59,28,69,74,36,294,68,44,34,75,73,372,80,76,75,72,69,329,65,74,67,75,48,307,69,68,49,59,62,77,220,73,73,74,51,6,11,12,14,8,1839,401,1,78,43,65,71,72,183,72,Vélez Sarsfield,2024.0,,E. Mammana
M. Thorsby CM LM,27,72,73,222475,Right,75,CB,1,2700000.0,23000.0,0.0,341,68,62,83,73,55,320,70,56,48,72,74,331,66,60,65,74,66,374,69,86,84,75,60,343,81,73,71,69,49,73,207,68,73,66,57,13,14,10,7,13,1973,416,2,63,62,69,71,72,189,79,Genoa,,,M. Thorsby
L. Gooch LB RB LWB,27,66,66,222528,Right,66,LB,0,825000.0,8000.0,1600000.0,289,60,61,53,62,53,301,62,61,58,58,62,386,80,81,83,62,80,347,62,77,73,76,59,313,78,57,54,62,62,64,180,55,60,65,59,13,13,11,14,8,1875,401,1,81,60,61,65,58,173,75,Stoke City,2025.0,,L. Gooch
R. Rúnarsson GK,28,72,73,222562,Right,72,GK,1,1900000.0,13000.0,2600000.0,88,18,14,17,26,13,122,13,17,14,46,32,259,45,46,43,70,55,228,55,61,41,56,15,131,23,12,16,58,22,42,46,12,19,15,358,72,70,73,71,72,1232,403,1,72,70,73,72,45,186,76,København,2027.0,,R. Rúnarsson
Iván Villar GK,25,74,78,222572,Right,74,GK,4,4600000.0,14000.0,10000000.0,76,13,12,16,23,12,95,21,20,15,22,17,212,32,33,38,72,37,204,53,54,30,52,15,117,18,18,12,46,23,46,40,10,15,15,366,73,72,71,74,76,1110,398,1,73,72,71,76,32,189,76,Celta de Vigo,2027.0,,Iván Villar
Álex Fernández CM CAM,30,77,77,199247,Right,77,CM,0,10000000.0,30000.0,21000000.0,333,77,69,58,84,45,381,67,81,76,79,78,334,61,45,79,78,71,339,68,62,75,57,77,369,64,65,76,79,85,77,207,68,73,66,64,16,14,12,16,6,2027,406,2,52,70,80,73,68,182,72,Cádiz,2025.0,,Álex Fernández
Sergi Roberto RB CM,31,80,80,199564,Right,80,RB,0,15500000.0,125000.0,31800000.0,345,81,63,70,81,50,374,78,78,60,78,80,366,70,77,69,77,73,361,65,74,87,69,66,350,67,76,69,81,57,76,224,74,76,74,66,14,16,11,15,10,2086,441,3,74,63,79,77,75,178,68,FC Barcelona,2024.0,,Sergi Roberto
S. Rode CDM CM,32,76,76,200215,Right,76,CDM,0,5000000.0,31000.0,8500000.0,325,67,63,64,76,55,327,72,56,52,73,74,345,69,60,65,77,74,333,68,74,51,72,68,353,82,79,69,72,51,78,233,79,78,76,49,9,8,14,7,11,1965,418,2,64,64,71,73,77,180,71,Eintracht Frankfurt,2024.0,,S. Rode
23 Paco Alcácer ST,28,79,79,200454,Right,79,ST,0,18000000.0,42000.0,37800000.0,379,60,82,76,78,83,390,77,82,83,68,80,391,75,74,80,82,80,346,81,67,55,61,82,304,57,26,83,67,71,82,89,43,24,22,53,12,11,11,10,9,1952,399,2,74,81,71,79,35,175,70,Villarreal,2025.0,23,Paco Alcácer
R. Tafazolli CB,31,68,68,200697,Left,68,CB,0,825000.0,5000.0,1400000.0,214,38,18,70,53,35,204,41,22,40,46,55,207,37,41,31,66,32,308,37,73,69,90,39,213,65,64,21,31,32,60,201,69,67,65,71,16,13,14,13,15,1418,301,1,39,28,42,46,67,196,93,Wycombe Wanderers,2024.0,,R. Tafazolli
C. Christie RB,30,70,70,200778,Right,70,RB,0,1400000.0,10000.0,2700000.0,303,68,54,65,69,47,324,72,68,52,63,69,344,72,78,74,64,56,362,72,79,75,77,59,315,71,64,67,64,49,60,201,65,70,66,55,11,15,7,12,10,1904,411,1,75,59,66,70,66,188,82,Hull City,2024.0,,C. Christie
C. Jenkinson RB CB,31,63,63,200841,Right,63,RB,0,350000.0,700.0,438000.0,282,60,52,57,61,52,291,60,60,52,59,60,316,64,66,64,60,62,315,58,70,66,74,47,294,67,59,58,59,51,62,181,59,61,61,65,12,15,15,11,12,1744,368,1,65,52,60,61,60,185,77,Newcastle Jets,2024.0,,C. Jenkinson
G. Baldock RWB,30,71,71,200855,Right,71,RWB,0,1600000.0,20000.0,3200000.0,274,69,50,55,67,33,285,68,54,37,58,68,366,78,73,75,67,73,310,46,73,80,67,44,301,74,64,58,60,45,64,203,66,69,68,57,13,13,6,10,15,1796,392,1,75,47,63,69,66,175,67,Sheffield United,2024.0,,G. Baldock
M. Schulze Niehues GK,34,66,66,200989,Right,66,GK,0,150000.0,1000.0,218000.0,74,14,11,18,19,12,78,15,12,14,15,22,205,38,42,39,64,22,244,50,69,32,80,13,134,34,28,14,36,22,39,54,21,19,14,327,62,65,66,68,66,1116,367,1,62,65,66,66,40,192,90,Preußen Münster,2024.0,,M. Schulze Niehues
A. Marchesín GK,35,77,77,201095,Right,77,GK,0,1200000.0,12000.0,2500000.0,95,18,14,11,37,15,109,24,16,15,34,20,302,54,51,64,74,59,227,56,64,38,57,12,157,45,15,18,65,14,64,52,22,15,15,379,77,75,74,76,77,1321,432,1,77,75,74,77,53,188,85,Celta de Vigo,2025.0,,A. Marchesín
M. Dæhli CAM CM,28,69,69,201877,Right,69,CAM,0,1400000.0,4000.0,1800000.0,253,51,52,24,72,54,342,78,62,65,62,75,385,79,58,91,69,88,303,50,54,90,56,53,267,39,42,64,66,56,68,102,40,35,27,44,6,12,10,7,9,1696,359,1,67,53,64,78,36,172,70,Molde,2027.0,,M. Dæhli
C. Coady CB,30,75,75,202048,Right,77,CDM,0,4600000.0,36000.0,8300000.000000001,332,67,52,77,80,56,337,60,60,57,83,77,270,41,50,48,77,54,342,65,73,71,73,60,329,65,78,51,75,60,79,230,80,78,72,53,8,15,10,12,8,1893,392,1,46,57,75,65,78,186,80,Leicester City,2026.0,,C. Coady
T. Meunier RB RM,31,76,76,202371,Right,76,RB,0,5500000.0,41000.0,11000000.0,375,82,70,80,67,76,353,75,76,56,75,71,317,66,69,62,73,47,408,80,87,80,84,77,362,76,74,74,73,65,74,223,72,74,77,51,8,13,15,6,9,2089,441,3,68,74,72,71,74,191,90,Trabzonspor,2025.0,,T. Meunier
23 Fernando CDM CM,30,78,78,202642,Right,78,CDM,0,12000000.0,27000.0,24000000.0,327,75,65,62,80,45,394,70,82,84,80,78,368,73,71,72,71,81,391,79,79,82,74,77,357,80,76,66,74,61,75,226,71,78,77,52,16,9,13,8,6,2115,443,1,72,69,78,73,74,173,66,Antalyaspor,2023.0,23,Fernando
J. Tarkowski CB,30,79,79,202695,Right,79,CB,0,14500000.0,43000.0,27600000.0,287,59,40,82,66,40,299,55,54,53,73,64,285,47,56,55,74,53,337,63,82,68,86,38,318,85,76,43,62,52,75,245,81,83,81,50,14,8,12,9,7,1821,383,1,52,45,64,60,81,188,81,Everton,2026.0,,J. Tarkowski
B. De Cordova-Reid RM LM,30,76,76,203502,Right,76,RM,0,7000000.0,66000.0,13300000.0,365,71,74,69,76,75,344,74,65,64,66,75,398,78,72,86,76,86,358,69,75,83,60,71,334,54,59,77,73,71,70,173,59,59,55,51,8,12,13,8,10,2023,420,1,75,72,72,76,60,170,68,Fulham,2024.0,,B. De Cordova-Reid
S. Arias RB RM,31,75,75,204259,Right,75,RB,0,4099999.9999999995,8000.0,6200000.0,310,72,51,72,72,43,327,74,55,54,72,72,376,77,77,76,73,73,328,56,80,77,65,50,339,79,72,70,62,56,76,218,73,74,71,66,14,7,14,15,16,1964,417,2,77,53,68,74,73,178,72,Cincinnati,2023.0,,S. Arias
B. Sarr RB RM,31,71,71,204472,Right,73,RW,0,1400000.0,28000.0,2300000.0,342,75,67,65,76,59,329,75,68,44,69,73,363,73,67,76,72,75,348,78,73,65,63,69,346,73,68,74,71,60,72,199,65,66,68,58,9,15,14,8,12,1985,417,2,70,69,72,74,66,178,71,FC Bayern München,2024.0,,B. Sarr
L. Advíncula RB RW RM,33,76,76,204539,Right,76,RB,0,3900000.0,17000.0,5900000.0,331,73,65,62,72,59,352,74,76,63,67,72,413,90,90,82,71,80,403,77,85,88,79,74,351,75,71,74,67,64,62,207,69,71,67,62,11,12,13,15,11,2119,453,1,90,69,70,74,69,180,80,Boca Juniors,2024.0,,L. Advíncula
B. Mendy LWB LB LM,28,72,72,204884,Left,73,CB,0,2100000.0,16000.0,4200000.0,296,80,38,64,77,37,338,74,78,42,67,77,334,66,73,65,67,63,329,76,76,38,77,62,339,74,71,72,74,48,73,220,69,75,76,47,7,7,9,15,9,1903,408,2,70,53,74,73,71,185,85,Lorient,2025.0,,B. Mendy
I. Touray LB CB LWB,28,65,65,204979,Left,65,LB,0,650000.0,5000.0,1100000.0,263,64,48,51,55,45,292,61,65,58,53,55,381,82,85,81,56,77,336,57,78,90,61,50,282,68,57,54,55,48,59,170,56,58,56,53,10,10,10,11,12,1777,380,1,84,50,57,62,56,177,68,Stockport County,2025.0,,I. Touray
Juan Bernat LB LWB,30,77,77,205069,Left,77,LB,0,9000000.0,61000.0,0.0,340,81,63,56,79,61,365,81,78,51,73,82,392,73,71,81,80,87,297,70,64,49,52,62,358,75,77,77,76,53,80,232,75,80,77,56,8,9,12,11,16,2040,425,2,72,64,76,82,75,170,67,Benfica,,,Juan Bernat
R. Fredericks RB,30,73,73,205346,Right,73,RB,0,2600000.0,33000.0,4900000.0,288,70,44,55,69,50,305,71,64,41,60,69,388,88,89,67,71,73,306,58,76,62,65,45,325,73,68,63,60,61,64,209,70,68,71,55,16,7,8,15,9,1876,406,1,89,49,64,70,68,181,74,AFC Bournemouth,2024.0,,R. Fredericks
Bernard LW CAM,30,76,76,205525,Right,76,LW,0,7000000.0,1000.0,15400000.0,346,72,70,59,75,70,382,81,77,76,70,78,414,85,73,90,74,92,288,76,60,54,30,68,294,41,42,74,76,61,73,98,31,42,25,52,6,11,13,10,12,1874,383,2,78,71,74,81,39,164,60,Panathinaikos,2024.0,,Bernard
T. Savanier CAM CM,31,80,80,205686,Right,80,CAM,0,17500000.0,31000.0,35000000.0,354,83,73,47,83,68,409,81,82,81,83,82,378,67,57,86,78,90,354,78,61,73,62,80,401,82,77,76,84,82,84,205,67,71,67,58,12,11,15,10,10,2159,440,2,62,76,83,82,68,172,69,Montpellier,2026.0,,T. Savanier
C. Chambers CB RB CDM,28,74,74,205989,Right,74,CB,0,3600000.0,56000.0,6800000.0,316,70,54,70,75,47,321,66,60,49,72,74,323,61,62,60,74,66,321,60,74,54,75,58,327,77,74,57,65,54,67,225,75,76,74,56,11,14,12,7,12,1889,401,2,62,56,70,68,75,182,77,Aston Villa,2025.0,,C. Chambers
J. Willems LWB,29,69,69,205995,Left,69,LWB,0,1200000.0,4000.0,1700000.0,311,71,58,62,68,52,343,69,76,62,66,70,336,67,65,62,68,74,366,77,76,64,78,71,313,69,65,64,69,46,68,201,67,69,65,56,9,14,16,7,10,1926,408,2,66,64,69,69,67,177,87,Heracles Almelo,2024.0,,J. Willems
M. De Sciglio RB LB RM,30,76,76,206058,Right,76,RB,0,6500000.0,72000.0,11100000.0,295,78,33,69,74,41,336,74,78,39,70,75,353,64,68,73,72,76,329,67,71,74,66,51,317,66,75,64,63,49,74,230,76,79,75,21,5,3,5,5,3,1881,400,2,66,46,70,74,76,183,78,Juventus,2025.0,,M. De Sciglio
J. Murphy LM RM LW,28,67,67,206083,Right,67,LM,0,1000000.0,5000.0,1800000.0,281,65,60,38,60,58,305,68,60,50,61,66,396,85,85,83,62,81,293,66,58,56,53,60,254,41,27,63,65,58,66,84,30,27,27,62,10,12,10,15,15,1675,358,1,85,61,62,69,29,173,67,Oxford United,2024.0,,J. Murphy
23 Y. Benzia CAM CM,27,69,69,206436,Right,69,CAM,0,1500000.0,4000.0,2600000.0,330,62,66,64,69,69,354,72,77,71,64,70,346,68,64,77,65,72,332,71,81,58,55,67,333,62,55,67,73,76,72,117,33,46,38,51,6,9,14,13,9,1863,377,2,66,68,68,72,45,179,77,Dijon,2023.0,23,Y. Benzia
W. Hughes CM CDM,28,74,74,206516,Left,74,CM,0,4200000.0,34000.0,8000000.0,328,73,65,58,78,54,357,74,67,64,76,76,293,62,34,63,73,61,303,60,63,60,58,62,356,74,69,70,78,65,78,217,69,75,73,55,7,15,12,9,12,1909,390,1,47,63,75,73,70,185,74,Crystal Palace,2024.0,,W. Hughes
S. March RM,28,79,79,206594,Left,79,RM,0,17500000.0,87000.0,33299999.999999996,333,80,71,48,78,56,377,83,77,67,70,80,375,77,74,74,75,75,356,74,66,82,61,73,338,58,69,79,77,55,79,203,70,68,65,55,9,11,7,13,15,2037,435,1,75,71,76,80,67,180,77,Brighton & Hove Albion,2026.0,,S. March
Pablo Marí CB,29,75,75,206654,Left,75,CB,0,4700000.0,40000.0,8000000.0,244,32,38,78,68,28,227,49,27,30,61,60,275,56,66,49,71,33,308,49,82,57,80,40,250,74,77,34,34,31,70,229,75,78,76,52,6,14,7,13,12,1585,355,2,62,40,49,54,77,193,87,Monza,2024.0,,Pablo Marí
Insua CB,29,70,70,207431,Right,70,CB,0,1300000.0,6000.0,2100000.0,244,40,36,68,66,34,237,44,42,23,62,66,254,43,47,45,63,56,272,46,69,50,78,29,267,70,72,41,52,32,59,207,72,72,63,49,9,6,7,13,14,1530,329,1,45,37,54,53,71,187,80,Sporting Gijón,2024.0,,Insua
William Carvalho CDM CAM,31,81,81,207566,Right,81,CDM,0,18000000.0,30000.0,37800000.0,336,66,66,70,84,50,377,82,82,50,82,81,252,46,44,45,75,42,390,75,75,81,90,69,372,76,80,73,83,60,86,222,78,74,70,45,6,6,5,14,14,1994,427,2,45,68,78,76,76,187,79,Real Betis,2026.0,,William Carvalho
E. Krafth RB CB,28,73,73,207650,Right,73,RB,0,2800000.0,63000.0,5300000.0,313,70,56,69,72,46,341,69,72,54,73,73,322,60,62,62,74,64,328,70,73,55,72,58,309,69,73,53,60,54,72,227,77,76,74,57,8,13,15,14,7,1897,399,1,61,58,68,70,75,184,83,Newcastle United,2025.0,,E. Krafth
Y. Poulsen ST,29,77,77,207791,Right,77,ST,0,10500000.0,53000.0,17900000.0,379,68,76,86,74,75,318,76,70,42,53,77,349,77,71,68,79,54,384,73,93,80,80,58,344,81,54,79,72,58,73,146,53,59,34,54,6,11,15,14,8,1974,423,2,74,71,67,74,56,192,84,RB Leipzig,2026.0,,Y. Poulsen
Felipe CB,34,78,78,207863,Right,78,CB,0,4600000.0,58000.0,8700000.0,277,45,40,81,67,44,245,55,32,32,65,61,278,48,54,56,73,47,329,57,83,62,86,41,297,87,79,34,50,47,71,231,78,78,75,50,9,11,14,9,7,1707,366,3,51,44,55,58,78,190,84,Nottingham Forest,2024.0,,Felipe
E. Forsberg CAM CF LM,31,79,79,208448,Right,79,CAM,0,14500000.0,12000.0,21000000.0,346,81,73,44,83,65,396,81,79,75,77,84,361,66,64,73,78,80,324,71,57,65,59,72,340,61,44,77,82,76,77,98,38,27,33,55,13,7,9,15,11,1920,396,3,65,72,81,81,36,177,76,New York RB,2026.0,,E. Forsberg
T. Foket RB,28,73,73,208509,Right,73,RB,0,2800000.0,18000.0,5600000.0,312,68,50,63,70,61,339,70,70,57,69,73,353,73,67,70,72,71,349,67,74,76,70,62,326,71,73,68,65,49,69,216,72,72,72,54,14,6,11,13,10,1949,409,1,70,57,68,71,71,177,72,Stade de Reims ,2025.0,,T. Foket
Y. Bounou GK,32,85,85,209981,Left,85,GK,0,26500000.0,54000.0,42400000.0,95,15,14,14,39,13,107,20,12,19,44,12,232,38,37,47,81,29,256,59,66,43,69,19,133,25,12,10,62,24,57,53,20,18,15,415,82,83,79,84,87,1291,453,3,82,83,79,87,38,195,78,Al Hilal,2026.0,,Y. Bounou
C. Burgess CB,31,76,76,210044,Right,76,CB,0,5000000.0,16000.0,7500000.0,245,30,36,82,68,29,229,45,26,25,73,60,222,35,38,34,68,47,299,46,78,73,81,21,258,78,75,25,46,34,78,232,84,76,72,43,6,13,9,6,9,1528,331,1,37,34,53,51,78,196,84,Union Saint-Gilloise,2025.0,,C. Burgess
R. Ghezzal RW RM,31,77,77,210372,Left,77,RW,0,8500000.0,29000.0,16200000.0,348,80,70,56,80,62,397,80,84,74,79,80,364,69,70,76,76,73,338,72,64,68,57,77,309,48,32,75,79,75,75,83,31,29,23,55,12,6,15,7,15,1894,391,2,70,72,80,79,32,182,70,Beşiktaş,2024.0,,R. Ghezzal
R. Haps LWB LM LB,30,71,71,210384,Left,71,LWB,0,1600000.0,3000.0,0.0,309,71,63,58,68,49,315,70,70,47,60,68,396,80,86,83,64,83,347,67,73,80,64,63,306,68,65,68,55,50,66,192,64,66,62,55,13,8,15,6,13,1920,414,1,83,63,64,71,64,175,66,Genoa,,,R. Haps
Samu Castillejo RW RM CAM,28,74,74,210617,Left,74,RW,0,4200000.0,31000.0,0.0,309,73,60,43,75,58,371,80,75,69,68,79,386,75,77,85,70,79,314,72,54,65,49,74,322,66,52,72,73,59,69,121,48,43,30,66,13,16,15,8,14,1889,396,2,76,66,73,79,45,182,67,Sassuolo,,,Samu Castillejo
K. Hause CB,27,72,72,210635,Left,72,CB,0,2200000.0,43000.0,4200000.0,259,58,35,69,66,31,242,54,36,26,63,63,290,53,64,53,67,53,326,66,77,47,86,50,277,78,71,32,56,40,60,212,72,70,70,69,15,16,14,10,14,1675,364,1,59,44,58,58,71,191,77,Aston Villa,2025.0,,K. Hause
W. Falcone GK,28,76,78,210676,Right,76,GK,2,6500000.0,14000.0,12200000.0,87,17,19,13,25,13,87,13,16,12,26,20,179,26,28,33,58,34,221,53,58,28,62,20,92,15,8,5,35,29,44,33,6,11,16,380,77,77,71,74,81,1079,407,1,77,77,71,81,27,196,85,Lecce,2028.0,,W. Falcone
Jung Woo Young CDM CB CM,33,70,70,211003,Right,70,CDM,0,800000.0,7000.0,1300000.0,289,55,50,65,75,44,319,58,61,65,68,67,289,57,58,56,63,55,352,69,71,77,73,62,326,73,68,61,71,53,56,189,66,65,58,50,9,6,13,11,11,1814,383,1,58,57,68,61,65,187,78,Al Khaleej,2024.0,,Jung Woo Young
V. Lazaro LWB RM LM,27,72,72,211147,Right,73,CAM,0,2300000.0,26000.0,3900000.0,332,72,68,49,75,68,364,73,77,69,72,73,380,78,70,80,75,77,340,69,68,67,66,70,346,65,67,75,72,67,76,194,64,65,65,48,8,13,11,8,8,2004,420,2,74,69,73,74,64,181,76,Torino,2027.0,,V. Lazaro
G. Lapadula ST,33,73,73,211302,Left,73,ST,0,1900000.0,22000.0,3400000.0,344,52,76,73,68,75,316,70,58,64,52,72,377,71,73,78,74,81,354,75,79,70,70,60,327,83,29,79,63,73,74,112,35,39,38,62,9,15,15,11,12,1892,390,2,72,73,61,72,39,178,71,Cagliari,2025.0,,G. Lapadula
J. Lowe ST LM,28,70,70,211384,Right,70,ST,0,1600000.0,27000.0,0.0,321,59,70,64,62,66,312,71,70,48,51,72,394,82,87,88,66,71,358,67,82,67,75,67,291,58,33,70,65,65,71,113,35,45,33,43,8,7,9,10,9,1832,396,1,85,68,60,73,40,183,79,Swansea City,,,J. Lowe
21 M. Mandžukić ST LW,34,78,78,181783,Right,78,ST,0,7000000.0,43000.0,11900000.0,390,72,78,84,74,82,330,74,64,49,67,76,323,57,67,65,81,53,377,80,82,67,87,61,379,85,64,81,74,75,78,183,59,64,60,46,10,8,5,8,15,2028,427,3,63,75,71,73,64,190,85,Milan,2021.0,21,M. Mandžukić
23 A. Ranocchia CB,34,74,74,182168,Right,74,CB,0,1400000.0,35000.0,2500000.0,233,45,22,76,66,24,250,58,30,34,65,63,220,34,54,37,63,32,291,59,69,54,78,31,268,68,78,32,56,34,69,228,75,78,75,65,12,15,11,12,15,1555,336,2,45,32,56,57,77,195,81,Monza,2024.0,23,A. Ranocchia
F. Muslera GK,37,80,80,182494,Right,80,GK,0,2300000.0,24000.0,4400000.0,91,15,10,12,44,10,123,25,14,10,47,27,268,30,42,55,79,62,233,54,61,40,68,10,148,32,23,13,56,24,60,44,12,16,16,392,78,81,72,83,78,1299,427,3,78,81,72,78,35,190,74,Galatasaray,2024.0,,F. Muslera
T. Deeney ST,35,65,65,183125,Right,65,ST,0,300000.0,4000.0,525000.0,323,55,64,70,64,70,299,60,63,53,59,64,263,38,40,57,67,61,346,74,73,48,87,64,329,83,31,70,67,78,71,93,38,30,25,64,10,11,16,12,15,1717,341,2,39,67,61,62,36,183,90,Forest Green Rovers,2024.0,,T. Deeney
C. Clark CB,33,69,69,183129,Left,69,CB,0,675000.0,12000.0,1300000.0,267,39,44,73,60,51,248,50,50,36,54,58,236,36,34,54,62,50,307,71,69,46,73,48,298,74,69,49,51,55,62,212,69,72,71,59,14,7,12,14,12,1627,328,2,35,51,51,54,71,185,88,Stoke City,2024.0,,C. Clark
J. Rodwell CB CDM CM,32,65,65,183465,Right,65,CB,0,475000.0,2000.0,594000.0,291,57,49,65,64,56,289,56,58,50,63,62,303,63,62,61,58,59,320,65,75,45,76,59,309,73,61,58,60,57,63,190,61,66,63,57,9,10,15,11,12,1759,368,1,62,55,61,59,63,188,78,Sydney FC,2024.0,,J. Rodwell
S. Terodde ST,35,72,72,183714,Right,72,ST,0,1000000.0,8000.0,1600000.0,347,50,77,78,65,77,249,57,38,44,40,70,286,44,56,51,77,58,360,72,80,66,84,58,307,74,23,80,59,71,74,98,37,42,19,56,8,9,15,16,8,1703,355,1,51,72,55,62,38,192,87,Schalke 04,2026.0,,S. Terodde
J. Boateng CB,34,74,74,183907,Right,74,CB,0,1400000.0,25000.0,2500000.0,296,63,30,76,75,52,306,57,60,41,80,68,247,34,50,47,68,48,318,76,73,34,77,58,303,73,72,43,69,46,77,227,77,77,73,45,7,12,15,6,5,1742,361,4,43,47,70,60,76,190,94,Salernitana,2026.0,,J. Boateng
Fernando CDM CB CM,35,82,82,184134,Right,82,CDM,0,8500000.0,25000.0,17900000.0,327,62,54,74,81,56,346,70,65,53,80,78,339,60,66,69,82,62,385,76,80,80,81,68,361,84,83,62,78,54,77,249,83,83,83,29,7,5,9,3,5,2036,435,2,63,62,74,73,82,183,76,Sevilla,2024.0,,Fernando
Azpilicueta CB RB,33,79,79,184432,Right,79,CB,0,8500000.0,51000.0,17900000.0,332,78,46,78,79,51,346,68,68,58,77,75,345,64,58,67,83,73,351,68,80,72,71,60,366,84,82,62,72,66,78,243,82,81,80,43,13,9,10,6,5,2026,419,3,61,55,76,72,81,178,77,Atlético Madrid,2024.0,,Azpilicueta
P. Gulácsi GK,33,82,82,185122,Right,82,GK,0,10000000.0,50000.0,17000000.0,94,16,10,23,35,10,104,19,18,11,31,25,248,42,44,41,79,42,251,56,72,37,74,12,136,34,23,11,44,24,45,61,25,16,20,403,82,82,75,83,81,1297,446,3,82,82,75,81,43,191,86,RB Leipzig,2025.0,,P. Gulácsi
J. King ST CF LW,31,75,75,185422,Right,75,ST,0,4800000.0,32000.0,9100000.0,358,68,75,68,74,73,344,77,72,54,65,76,382,77,85,77,70,73,383,77,84,68,81,73,329,70,34,76,73,76,75,98,33,38,27,51,12,9,11,12,7,1945,416,1,81,75,70,76,38,184,82,Fenerbahçe,2024.0,,J. King
L. Ayling RB,31,71,71,186156,Right,71,RB,0,1400000.0,24000.0,0.0,305,67,54,66,69,49,291,70,45,43,63,70,301,55,54,64,69,59,347,67,70,76,72,62,302,67,73,66,58,38,71,215,70,73,72,48,9,11,11,9,8,1809,387,2,54,58,63,69,71,185,72,Middlesbrough,,,L. Ayling
K. Bartley CB,32,70,70,186158,Right,70,CB,0,1000000.0,17000.0,1900000.0,222,39,26,71,63,23,220,44,33,34,53,56,235,48,50,34,67,36,289,43,71,68,87,20,261,80,68,35,38,40,66,204,70,70,64,47,6,10,14,10,7,1478,324,1,49,29,49,48,69,194,94,West Bromwich Albion,2024.0,,K. Bartley
J. Ward RB CB,33,73,73,186392,Right,74,CB,0,1600000.0,28000.0,3000000.0,299,74,46,74,72,33,286,64,50,34,69,69,289,50,52,61,73,53,325,64,73,58,71,59,322,74,78,64,66,40,71,229,78,75,76,43,8,7,7,10,11,1793,381,1,51,52,68,65,77,188,83,Crystal Palace,2024.0,,J. Ward
M. Ritchie LM LB,33,71,71,186395,Left,72,CAM,0,1200000.0,51000.0,2300000.0,330,76,66,39,74,75,367,75,77,69,72,74,326,62,54,65,70,75,313,75,53,52,60,73,370,82,70,73,73,72,73,206,68,72,66,61,15,8,11,14,13,1973,404,1,58,70,74,73,67,172,76,Newcastle United,2024.0,,M. Ritchie
A. Budimir ST,31,77,77,188335,Left,77,ST,0,9000000.0,31000.0,18900000.0,356,50,82,86,66,72,307,79,44,62,41,81,275,54,63,53,72,33,380,77,86,63,83,71,294,77,24,81,39,73,72,91,29,35,27,64,11,14,8,16,15,1767,375,2,59,78,52,74,35,190,75,Osasuna,2027.0,,A. Budimir
T. Kaminski GK,30,75,75,188400,Right,75,GK,0,3700000.0,31000.0,7400000.0,99,18,14,10,40,17,101,11,11,17,46,16,262,47,45,59,69,42,224,53,63,31,62,15,144,29,17,18,56,24,47,45,17,11,17,369,73,75,70,74,77,1244,415,1,73,75,70,77,46,190,78,Luton Town,2026.0,,T. Kaminski
20 S. Doumbia ST,31,71,71,188428,Right,71,ST,0,2100000.0,21000.0,3000000.0,319,46,66,71,69,67,328,65,67,69,63,64,384,89,85,70,70,70,340,68,87,44,75,66,307,60,29,68,70,80,69,105,32,39,34,58,12,15,13,6,12,1841,387,3,87,67,64,66,38,179,81,Sion,2020.0,20,S. Doumbia
G. Bou ST LM,33,75,75,188955,Right,75,ST,0,3600000.0,17000.0,5400000.0,343,67,74,67,67,68,340,72,64,69,62,73,367,73,74,72,73,75,389,90,78,68,74,79,322,65,37,79,71,70,74,71,22,27,22,50,6,6,15,16,7,1882,394,1,74,78,67,73,31,175,72,Talleres Córdoba,2025.0,,G. Bou
R. Bürki GK,32,77,77,189117,Right,77,GK,0,5000000.0,7000.0,7300000.0,90,15,8,17,37,13,84,12,13,12,24,23,270,44,50,49,75,52,246,45,71,40,76,14,133,35,18,10,50,20,64,40,11,13,16,369,81,73,60,74,81,1232,415,3,81,73,60,81,46,187,85,Saint Louis City,2025.0,,R. Bürki
J. Fleck CM CDM,31,70,70,189177,Left,70,CM,0,1300000.0,23000.0,2500000.0,330,73,64,44,73,76,357,69,76,70,71,71,356,64,60,79,69,84,347,77,57,78,64,71,341,78,68,65,70,60,74,205,70,67,68,41,7,8,7,13,6,1977,410,1,62,68,72,72,66,170,72,Blackburn Rovers,2024.0,,J. Fleck
L. Cooper CB,31,72,72,189456,Left,72,CB,0,1600000.0,27000.0,3000000.0,247,45,26,73,70,33,234,53,31,26,65,59,269,46,44,51,72,56,296,52,72,60,74,38,263,75,73,37,44,34,67,218,71,74,73,56,10,12,10,9,15,1583,335,1,45,35,55,56,73,187,73,Leeds United,2024.0,,L. Cooper
C. Smalling CB,33,84,84,189881,Right,84,CB,0,20000000.0,88000.0,34000000.0,306,52,54,86,65,49,259,59,49,22,64,65,307,52,71,54,87,43,320,42,83,75,85,35,327,84,84,51,56,52,88,262,88,89,85,71,10,15,16,15,15,1852,398,3,62,47,58,62,87,194,81,Roma,2025.0,,C. Smalling
De Marcos RB,34,80,80,190149,Right,80,RB,0,7500000.0,31000.0,15800000.0,336,77,64,61,77,57,352,72,77,53,71,79,388,79,79,75,78,77,364,73,78,82,75,56,356,82,77,71,71,55,73,235,79,80,76,51,8,6,13,15,9,2082,447,2,79,64,74,75,77,182,78,Athletic Club,2024.0,,De Marcos
K. Glik CB,35,66,66,190547,Right,66,CB,0,230000.0,2000.0,311000.0,206,29,27,72,61,17,228,49,35,26,57,61,208,34,30,32,62,50,291,57,74,56,84,20,222,74,62,24,23,39,71,189,66,62,61,47,10,14,5,8,10,1391,299,3,32,32,43,53,64,190,80,Cracovia Kraków,2025.0,,K. Glik
M. Antonio ST,33,78,78,190717,Right,78,ST,0,9000000.0,71000.0,17100000.0,377,74,75,84,74,70,352,78,66,60,72,76,376,74,82,65,81,74,395,78,93,70,86,68,355,84,45,78,73,75,72,157,48,56,53,57,12,13,8,14,10,2069,436,2,78,74,72,76,54,180,82,West Ham United,2024.0,,M. Antonio
S. Chhetri ST LW,38,67,67,190939,Right,67,ST,0,350000.0,850.0,473000.0,314,55,68,66,58,67,305,63,66,66,46,64,361,76,73,73,63,76,367,65,85,83,69,65,279,59,25,70,57,68,67,98,30,24,44,47,10,7,11,9,10,1771,365,1,74,67,56,65,32,169,69,Bengaluru,2024.0,,S. Chhetri
C. Wickham ST,30,66,66,191089,Right,66,ST,0,850000.0,5000.0,1500000.0,325,62,67,72,62,62,309,64,53,67,57,68,217,44,33,39,67,34,329,73,76,33,82,65,283,71,18,67,59,68,65,77,29,28,20,52,8,16,6,10,12,1592,324,1,38,68,60,61,30,191,90,Charlton Athletic,2024.0,,C. Wickham
Fontàs CB,33,70,70,192476,Left,71,CDM,0,750000.0,5000.0,1100000.0,289,58,45,66,74,46,310,58,58,52,75,67,223,31,30,54,70,38,315,58,65,67,78,47,301,74,70,43,62,52,72,208,70,72,66,66,16,14,11,16,9,1712,350,1,30,48,67,61,70,185,89,Sporting Kansas City,2026.0,,Fontàs
Marc Muniesa CB LB,31,70,70,192766,Left,70,CB,0,1100000.0,7000.0,1400000.0,278,67,42,68,69,32,292,61,66,40,56,69,294,40,57,62,69,66,285,46,63,70,69,37,323,77,74,61,61,50,72,213,70,71,72,67,14,12,16,15,10,1752,362,1,49,43,63,65,71,179,72,Lyngby,2025.0,,Marc Muniesa
C. Tosun ST LW,32,74,74,192991,Right,74,ST,0,3400000.0,24000.0,6500000.0,362,66,74,79,69,74,354,70,72,73,65,74,339,65,67,66,75,66,370,77,82,65,72,74,323,75,31,76,65,76,74,82,33,34,15,59,12,14,12,12,9,1889,386,2,66,75,67,71,36,183,78,Beşiktaş,2024.0,,C. Tosun
M. Rojas LM RM,31,69,69,193092,Right,69,LM,0,1200000.0,3000.0,1500000.0,289,60,66,31,67,65,344,75,72,64,64,69,384,75,79,83,65,82,258,67,41,51,33,66,286,49,45,65,70,57,67,141,49,47,45,44,8,8,7,9,12,1746,368,1,77,66,66,73,45,168,64,Brisbane Roar,2024.0,,M. Rojas
M. Gonalons CDM CM,34,73,73,193116,Right,73,CDM,0,1000000.0,15000.0,2000000.0,318,61,55,69,73,60,321,63,57,57,72,72,266,47,34,51,75,59,312,70,66,48,68,60,355,80,76,60,71,68,73,221,73,75,73,46,11,11,11,8,5,1839,372,3,40,60,68,65,74,187,76,Clermont,2024.0,,M. Gonalons
M. Braithwaite ST LM,32,77,77,193290,Right,77,ST,0,8500000.0,13000.0,13600000.0,370,68,80,72,75,75,363,77,72,72,65,77,385,82,79,79,76,69,387,77,86,78,75,71,337,73,34,82,73,75,76,94,35,33,26,53,14,13,11,7,8,1989,418,2,80,77,71,77,37,180,77,Espanyol,2025.0,,M. Braithwaite
Víctor Ruiz CB,34,71,71,193469,Left,71,CB,0,600000.0,7000.0,960000.0,263,51,37,68,68,39,300,53,65,46,70,66,266,49,48,46,72,51,303,59,69,62,75,38,292,71,72,39,64,46,69,216,72,72,72,46,12,8,6,6,14,1686,354,1,48,42,63,58,72,185,78,Espanyol,2024.0,,Víctor Ruiz
I. Gueye CDM CM,33,76,76,193474,Right,76,CDM,0,3700000.0,34000.0,7000000.0,289,60,54,69,73,33,334,68,60,66,67,73,349,66,56,77,74,76,345,77,68,77,58,65,332,82,84,51,60,55,72,233,76,80,77,47,8,6,8,12,13,1929,404,2,61,60,66,71,78,174,66,Everton,2024.0,,I. Gueye
23 G. Medel CB CDM,34,73,73,193532,Right,73,CB,0,1000000.0,23000.0,1700000.0,281,50,37,64,72,58,276,63,35,45,66,67,354,58,55,72,79,90,346,65,78,69,75,59,341,85,75,58,65,58,78,218,72,74,72,42,14,7,9,6,6,1858,384,3,56,50,62,68,72,171,76,Bologna,2023.0,23,G. Medel
S. Okazaki CAM ST,37,66,66,194365,Right,67,ST,0,275000.0,3000.0,399000.0,342,64,66,71,70,71,307,68,53,50,66,70,296,46,41,70,70,69,316,70,69,46,67,64,320,70,45,70,65,70,65,142,41,56,45,42,10,6,14,6,6,1765,356,2,43,67,65,69,50,175,70,Sint-Truiden,2024.0,,S. Okazaki
J. Matip CB,31,80,80,197061,Right,80,CB,0,14500000.0,100000.0,26800000.0,299,54,36,83,76,50,304,73,63,23,72,73,297,52,69,53,81,42,342,66,81,67,80,48,325,82,81,48,72,42,79,243,81,82,80,53,11,15,10,7,10,1863,402,2,61,46,67,70,81,194,90,Liverpool,2024.0,,J. Matip
Pizzi CM RM CAM,33,76,76,197965,Right,77,CAM,0,4600000.0,15000.0,9200000.0,344,73,71,45,79,76,389,80,79,74,76,80,319,59,63,57,79,61,328,75,63,59,59,72,367,63,63,80,83,78,84,186,67,67,52,62,15,14,9,9,15,1995,412,3,61,73,78,77,63,177,72,Sporting Braga,2024.0,,Pizzi
J. McClean LWB,34,67,67,198489,Left,67,LWB,0,375000.0,7000.0,656000.0,313,68,61,60,65,59,319,64,67,61,62,65,338,65,67,70,66,70,352,70,72,77,71,62,337,88,59,63,62,65,64,188,61,63,64,68,6,16,16,15,15,1915,395,2,66,63,64,65,61,180,70,Wrexham,2024.0,,J. McClean
M. Silva GK,40,75,75,198653,Right,75,GK,0,625000.0,500.0,1400000.0,82,9,13,9,38,13,86,11,13,12,33,17,197,30,32,34,62,39,181,54,46,23,43,15,141,33,23,13,47,25,66,55,24,18,13,374,77,73,72,73,79,1116,405,1,77,73,72,79,31,187,88,Libertad,2027.0,,M. Silva
Pablo Sarabia RW ST LW,31,77,77,198950,Left,78,CAM,0,8500000.0,65000.0,16200000.0,359,80,71,63,81,64,396,80,83,75,78,80,374,72,67,81,76,78,342,76,69,66,56,75,336,49,58,78,79,72,76,163,60,54,49,58,16,7,15,6,14,2028,417,2,69,73,80,80,57,174,70,Wolverhampton Wanderers,2025.0,,Pablo Sarabia
Pepe Reina GK,40,76,76,24630,Right,76,GK,0,825000.0,13000.0,1700000.0,86,11,14,13,37,11,94,10,11,11,39,23,274,43,49,50,72,60,242,58,65,34,70,15,156,32,22,13,65,24,64,66,20,22,24,378,75,75,77,77,74,1296,423,3,75,75,77,74,45,188,92,Villarreal,2024.0,,Pepe Reina
23 Joaquín RM LM CAM,40,78,78,45186,Right,80,CAM,0,0.0,18000.0,0.0,383,86,78,65,85,69,409,80,86,77,84,82,341,60,64,69,79,69,276,74,31,34,60,77,329,55,35,80,84,75,79,127,41,47,39,50,9,14,6,10,11,1915,398,2,62,77,85,79,44,179,75,Real Betis,2023.0,23,Joaquín
18 T. Motta CDM,34,80,80,49370,Left,78,CDM,0,4500000.0,80000.0,8300000.000000001,354,66,53,77,82,76,362,65,67,67,82,81,220,29,29,38,74,50,372,73,84,61,83,71,367,93,81,50,73,70,78,223,68,82,73,46,10,10,7,5,14,1944,390,3,29,62,76,67,76,188,82,Paris Saint Germain,2018.0,18,T. Motta
17 S. Squillaci CB,35,74,74,51105,Right,73,CB,0,575000.0,15000.0,0.0,234,26,28,78,71,31,235,52,35,26,60,62,241,42,32,57,62,48,261,59,78,32,70,22,279,77,70,29,50,53,61,232,72,81,79,49,14,6,9,12,8,1531,317,2,37,34,52,56,76,185,80,Bastia,2018.0,17,S. Squillaci
Isaac ST LW RW,23,71,80,69967,Left,73,ST,9,4200000.0,15000.0,9700000.0,353,68,74,74,71,66,323,71,70,50,62,70,328,69,67,65,71,56,351,71,77,65,68,70,243,30,12,71,65,65,60,32,10,12,10,48,5,12,11,8,12,1678,353,1,68,72,67,69,17,184,70,Sevilla,2025.0,,Isaac
M. Hamilton LW RW,19,62,77,70035,Right,63,ST,15,950000.0,11000.0,2400000.0,284,56,60,51,59,58,306,65,68,59,52,62,355,80,73,82,51,69,294,74,63,51,53,53,230,33,23,56,51,67,53,90,25,28,37,46,7,7,9,10,13,1605,336,1,76,61,56,65,29,177,74,Manchester City,2024.0,,M. Hamilton
L. Orford CDM CM,17,57,77,70230,Right,59,CM,20,425000.0,500.0,1200000.0,235,50,39,45,63,38,270,55,50,47,61,57,298,60,62,58,55,63,268,50,53,64,59,42,261,57,50,49,60,45,63,153,47,55,51,53,13,15,6,9,10,1538,329,1,61,43,58,57,50,182,70,West Ham United,2025.0,,L. Orford
A. Boiro LB LM,21,64,78,70344,Left,64,LB,14,1400000.0,4000.0,3800000.0,261,61,48,58,56,38,281,62,60,45,58,56,321,73,71,60,60,57,300,47,72,65,70,46,258,50,59,52,53,44,51,182,55,66,61,52,12,9,12,12,7,1655,359,1,72,47,56,59,60,183,76,Athletic Club,2029.0,,A. Boiro
Kevin LW,20,68,80,70571,Right,70,RM,12,2900000.0,500.0,7000000.0,294,66,63,46,65,54,300,73,55,43,62,67,357,76,78,68,64,71,294,62,59,61,51,61,264,48,28,66,68,54,65,96,30,34,32,41,7,7,6,14,7,1646,359,1,77,62,64,70,33,176,73,Shakhtar Donetsk,2028.0,,Kevin
J. King CM,16,58,83,70786,Right,61,CAM,25,625000.0,1000.0,1800000.0,245,46,46,43,63,47,284,60,54,47,60,63,332,67,65,70,57,73,262,56,48,64,54,40,275,59,49,60,55,52,57,153,52,52,49,47,7,9,11,12,8,1598,339,1,66,48,56,62,50,173,66,Fulham,2026.0,,J. King
J. Wright CDM,17,62,82,70996,Right,64,CAM,20,1000000.0,700.0,2900000.0,269,54,52,55,68,40,289,61,51,50,63,64,315,65,63,69,58,60,270,56,49,64,51,50,299,66,57,54,64,58,58,172,58,58,56,48,8,13,10,6,11,1662,354,1,64,52,62,62,57,173,70,Manchester City,2026.0,,J. Wright
J. Kumi CM,18,65,82,71401,Right,68,RM,17,1800000.0,2000.0,4200000.0,305,69,48,54,73,61,336,70,60,62,73,71,325,66,68,64,59,68,315,70,57,68,54,66,260,43,49,50,59,59,59,156,48,57,51,50,7,12,9,11,11,1747,368,1,67,57,68,69,52,180,70,Sassuolo,2027.0,,J. Kumi
K. Smit CM CAM,17,64,84,71532,Right,66,CAM,20,1600000.0,500.0,4000000.0,267,51,48,52,65,51,308,67,56,49,68,68,343,69,72,68,65,69,291,60,60,62,58,51,311,56,61,62,66,66,63,177,59,60,58,47,9,9,10,12,7,1744,371,1,71,53,62,67,59,184,77,AZ Alkmaar,2028.0,,K. Smit
20 B. Schweinsteiger CB,34,75,75,121944,Right,75,CB,0,0.0,0.0,0.0,358,70,65,73,78,72,380,70,82,70,79,79,263,32,36,53,80,62,348,73,68,60,75,72,370,77,71,68,80,74,87,215,73,71,71,65,14,14,13,13,11,1999,394,4,34,69,77,71,72,183,79,Germany,,20,B. Schweinsteiger
20 P. Zabaleta RB,34,74,74,142784,Right,77,CB,0,2000000.0,53000.0,3800000.0,319,74,49,74,72,50,343,71,68,66,64,74,303,52,47,61,79,64,328,66,76,60,69,57,362,85,80,67,66,64,76,235,79,79,77,51,10,14,15,7,5,1941,395,3,49,56,70,71,79,178,74,West Ham United,2020.0,20,P. Zabaleta
Santi Cazorla CM LM CAM,38,76,76,146562,Right,76,CM,0,2400000.0,9000.0,3800000.0,365,80,73,60,82,70,406,78,82,85,81,80,345,61,58,71,67,88,322,74,63,54,56,75,368,65,61,73,82,87,81,188,67,64,57,42,6,9,5,7,15,2036,414,3,59,74,82,78,63,168,65,Real Oviedo,2024.0,,Santi Cazorla
11 Grafite ST RF,31,80,84,152820,Right,80,ST,4,0.0,0.0,0.0,377,58,87,84,72,76,318,78,66,55,46,73,383,78,77,63,80,85,384,85,82,68,85,64,349,86,25,79,73,86,0,82,16,43,23,44,14,11,6,5,8,1937,411,3,77,81,64,75,33,189,88,VfL Wolfsburg,2012.0,11,Grafite ST RF
H. Herrera CM CDM,33,78,78,156519,Right,78,CM,0,8500000.0,11000.0,12300000.0,335,64,71,60,80,60,365,75,68,67,79,76,336,63,64,66,77,66,394,80,74,83,80,77,377,82,77,77,75,66,76,221,77,78,66,54,6,10,15,7,16,2082,442,3,64,74,74,74,75,185,78,Houston Dynamo,2024.0,,H. Herrera
22 R. Babel LM ST,34,74,74,157301,Right,75,LM,0,2000000.0,44000.0,4000000.0,352,72,75,65,73,67,361,78,77,63,66,77,360,73,76,70,71,70,386,85,74,60,85,82,305,56,34,72,73,70,71,106,45,38,23,62,16,8,12,11,15,1932,413,3,75,78,71,76,41,185,85,Galatasaray,2022.0,22,R. Babel
Dante CB,39,79,79,158625,Left,79,CB,0,3100000.0,29000.0,5900000.0,310,58,47,78,79,48,321,61,51,55,77,77,242,32,32,41,78,59,343,62,75,67,86,53,327,76,83,43,65,60,80,240,85,79,76,51,14,8,10,6,13,1834,379,3,32,52,69,66,81,188,89,Nice,2024.0,,Dante
G. İnler CDM CM,39,69,69,158810,Right,69,CDM,0,275000.0,7000.0,523000.0,333,68,56,64,75,70,355,66,73,68,76,72,246,34,34,49,70,59,339,82,60,50,69,78,338,66,65,61,70,76,80,197,68,66,63,46,11,14,6,10,5,1854,370,3,34,68,72,67,66,183,80,Beşiktaş,2024.0,,G. İnler
20 E. Lavezzi CF ST,34,80,80,159065,Right,81,CAM,0,8000000.0,22000.0,12400000.0,368,77,77,57,80,77,391,82,83,78,65,83,411,81,80,84,81,85,374,79,78,68,71,78,337,70,31,82,83,71,78,111,40,37,34,53,6,15,11,9,12,2045,427,3,80,78,78,83,38,173,75,Hebei,2019.0,20,E. Lavezzi
23 B. Gomis ST,36,75,75,159145,Right,75,ST,0,1900000.0,44000.0,3600000.0,378,64,82,80,72,80,321,68,61,62,54,76,218,38,40,33,72,35,366,84,76,44,90,72,322,52,38,82,73,77,81,89,22,32,35,56,14,11,9,9,13,1750,357,3,39,80,67,66,35,184,86,Galatasaray,2023.0,23,B. Gomis
23 Cesc Fàbregas CM CAM CDM,35,72,72,162895,Right,72,CM,0,950000.0,2000.0,1500000.0,341,74,61,57,81,68,389,73,78,79,80,79,264,37,34,56,70,67,264,70,44,32,53,65,343,54,59,68,84,78,83,175,65,57,53,54,6,10,8,15,15,1830,360,4,35,65,80,73,59,179,76,Como,2024.0,23,Cesc Fàbregas
19 L. Diarra CDM CB,33,78,78,163711,Right,76,CDM,0,4200000.0,60000.0,7800000.0,273,60,38,59,79,37,326,73,57,41,75,80,377,67,67,79,77,87,349,74,66,79,66,64,324,75,77,50,73,49,83,226,78,75,73,51,9,5,12,10,15,1926,412,3,67,52,70,77,75,174,74,Paris Saint Germain,2019.0,19,L. Diarra
S. Fletcher ST,36,63,63,164769,Left,63,ST,0,160000.0,4000.0,280000.0,309,54,63,69,58,65,250,59,34,40,54,63,271,43,48,55,61,64,323,71,67,53,74,58,288,55,34,66,62,71,68,69,33,22,14,61,13,10,13,16,9,1571,323,1,46,64,55,61,32,186,76,Wrexham,2024.0,,S. Fletcher
Ł. Fabiański GK,38,79,79,164835,Right,79,GK,0,1900000.0,35000.0,3600000.0,87,14,13,11,32,17,116,14,18,12,50,22,267,50,47,53,73,44,227,51,66,25,65,20,153,43,16,15,57,22,63,39,14,12,13,383,78,80,68,79,78,1272,432,2,78,80,68,78,49,190,83,West Ham United,2024.0,,Ł. Fabiański
23 Diego Alves GK,37,76,76,165580,Left,76,GK,0,825000.0,11000.0,1700000.0,110,24,20,20,33,13,107,14,24,21,33,15,306,55,54,69,71,57,252,53,79,41,67,12,164,44,19,13,64,24,70,48,20,13,15,370,80,71,70,72,77,1357,425,3,80,71,70,77,55,187,82,Celta de Vigo,2023.0,23,Diego Alves
20 E. Juárez RB,31,67,67,167519,Right,67,CDM,0,550000.0,2000.0,688000.0,281,66,48,59,67,41,312,63,68,51,63,67,325,66,68,65,64,62,336,64,64,80,72,56,322,74,65,65,67,51,64,191,63,66,62,45,7,7,10,10,11,1812,387,1,67,53,65,64,64,180,76,Vålerenga,2019.0,20,E. Juárez
21 S. Ruffier GK,33,79,79,167628,Right,79,GK,0,5500000.0,28000.0,11000000.0,80,11,11,12,33,13,90,12,17,12,34,15,276,45,50,51,75,55,252,56,72,37,76,11,142,31,25,12,49,25,66,36,13,12,11,390,80,79,74,78,79,1266,438,3,80,79,74,79,48,188,93,Saint-Étienne,2021.0,21,S. Ruffier
23 G. Higuaín ST,34,75,75,167664,Right,75,ST,0,2700000.0,10000.0,3900000.0,365,65,77,74,74,75,365,75,74,74,65,77,276,47,48,50,75,56,359,85,72,43,80,79,293,50,18,81,74,70,78,68,32,20,16,39,5,12,7,5,10,1765,362,4,48,79,71,72,28,186,89,Inter Miami,2022.0,23,G. Higuaín
16 Anderson CM CAM CDM,27,73,73,167963,Left,75,CAM,0,2900000.0,60000.0,0.0,335,71,60,70,81,53,370,77,81,54,79,79,384,77,76,79,74,78,318,75,75,40,68,60,340,68,65,71,74,62,0,201,64,70,67,56,12,11,13,8,12,2004,421,2,76,63,76,78,67,176,69,Internacional,2019.0,16,Anderson
S. Sirigu GK,36,74,74,168435,Right,74,GK,0,475000.0,11000.0,950000.0,69,13,10,11,23,12,83,15,11,11,28,18,258,46,42,48,71,51,231,51,65,31,70,14,138,34,20,10,55,19,65,38,14,11,13,361,73,69,68,77,74,1178,405,3,73,69,68,74,44,192,85,Fatih Karagümrük,2024.0,,S. Sirigu
21 Renato Augusto CM CAM LM,32,83,83,169195,Right,83,CM,0,28500000.0,33000.0,45600000.0,380,75,78,65,85,77,409,82,80,83,83,81,376,73,70,73,86,74,376,81,49,85,80,81,374,67,72,74,83,78,82,212,75,73,64,56,6,11,16,15,8,2183,462,2,71,79,82,81,72,186,86,Beijing Guoan,2021.0,21,Renato Augusto
A. Ulmer LB,37,72,72,169324,Left,72,LB,0,525000.0,9000.0,788000.0,322,72,53,57,70,70,354,70,73,70,67,74,353,66,67,73,67,80,354,73,68,72,69,72,316,62,70,70,64,50,75,212,74,69,69,41,8,11,7,5,10,1952,408,1,67,62,69,72,70,175,71,Salzburg,2024.0,,A. Ulmer
C. Vela RW ST,34,79,79,169416,Left,80,CF,0,8000000.0,13000.0,12000000.0,379,77,78,67,75,82,393,82,84,78,65,84,391,77,75,77,79,83,358,76,76,60,67,79,316,51,30,82,81,72,82,64,31,19,14,53,8,14,8,13,10,1954,404,3,76,78,76,82,29,177,77,Los Angeles FC,2028.0,,C. Vela
23 R. Bertrand LB,32,71,71,169705,Left,71,LB,0,1300000.0,38000.0,2500000.0,312,76,50,68,75,43,352,71,71,66,69,75,318,58,64,61,67,68,300,59,70,51,66,54,323,75,69,63,64,52,73,218,71,74,73,64,11,13,15,10,15,1887,391,2,61,53,71,71,71,179,85,Leicester City,2023.0,23,R. Bertrand
L. De Silvestri RB RWB RM,35,73,73,170320,Right,73,RB,0,925000.0,16000.0,1600000.0,350,76,66,76,74,58,333,67,66,62,68,70,329,64,71,65,71,58,374,72,84,70,78,70,334,71,69,77,65,52,72,211,69,71,71,64,15,11,10,14,14,1995,420,2,68,67,71,68,71,186,84,Bologna,2024.0,,L. De Silvestri
A. Candreva CF RM CM,36,78,78,173221,Right,79,CAM,0,4800000.0,29000.0,8600000.0,369,79,74,55,82,79,394,81,77,73,80,83,367,68,65,79,75,80,366,88,63,75,55,85,362,66,67,80,80,69,73,178,62,63,53,46,10,4,14,4,14,2082,431,3,66,79,80,81,62,180,70,Salernitana,2024.0,,A. Candreva
D. Button GK,34,63,63,173533,Right,63,GK,0,80000.0,1000.0,140000.0,101,13,12,19,46,11,116,23,12,15,33,33,262,55,52,50,60,45,186,47,51,35,40,13,100,12,24,12,41,11,58,35,7,17,11,310,64,62,63,61,60,1110,364,1,64,62,63,60,54,191,87,Reading,2025.0,,D. Button
22 Pedro León RM CAM ST,34,76,76,175379,Right,76,RM,0,3500000.0,9000.0,5400000.0,350,87,69,36,82,76,407,75,86,84,84,78,322,59,51,66,77,69,311,82,32,57,62,78,325,55,43,77,79,71,71,132,50,46,36,64,11,12,10,15,16,1911,390,2,55,74,83,75,45,183,73,Fuenlabrada,2022.0,22,Pedro León
K. Gameiro ST CAM,36,75,75,176600,Right,76,CF,0,1900000.0,18000.0,3800000.0,367,69,79,68,74,77,362,72,74,70,69,77,373,72,75,75,80,71,353,77,73,66,64,73,336,66,38,78,73,81,75,113,44,33,36,38,6,10,8,8,6,1942,403,3,74,77,72,74,41,172,69,Strasbourg,2024.0,,K. Gameiro
21 L. Bender RB CDM CM,31,79,79,177457,Right,79,RB,0,12500000.0,59000.0,21300000.0,341,71,58,78,77,57,316,71,49,47,74,75,328,62,59,64,79,64,369,74,75,73,76,71,354,77,82,69,74,52,82,246,83,82,81,44,12,6,7,12,7,1998,425,3,60,64,72,72,82,185,78,Bayer 04 Leverkusen,2021.0,21,L. Bender
Adán GK,36,78,78,178086,Left,78,GK,0,1600000.0,8000.0,3200000.0,95,12,11,23,34,15,93,12,11,12,43,15,292,56,54,55,76,51,257,59,77,32,77,12,139,41,20,11,42,25,63,52,20,14,18,384,76,78,78,77,75,1312,439,2,76,78,78,75,55,190,94,Sporting CP,2024.0,,Adán
23 Juan Mata CAM,34,74,74,178088,Left,74,CAM,0,2000000.0,49000.0,3800000.0,348,76,68,56,79,69,393,75,85,79,72,82,317,50,44,67,71,85,275,65,58,55,31,66,318,39,39,80,80,80,83,90,38,31,21,46,9,10,14,5,8,1787,346,3,47,68,78,77,36,170,63,Galatasaray,2023.0,23,Juan Mata
23 L. Rémy ST,35,69,69,179527,Right,69,ST,0,600000.0,9000.0,1200000.0,337,60,69,72,68,68,314,68,66,51,60,69,311,65,55,67,61,63,329,75,83,34,69,68,323,57,48,74,70,74,74,80,35,24,21,60,9,10,15,14,12,1754,359,2,60,70,65,68,37,185,82,Stade Brestois 29,2023.0,23,L. Rémy
23 A. Taarabt CM CAM,33,75,75,179605,Right,77,CAM,0,3500000.0,13000.0,7000000.0,322,74,65,36,74,73,394,85,81,71,73,84,370,67,65,80,80,78,315,76,37,63,71,68,368,78,68,74,78,70,83,197,68,66,63,24,4,6,4,4,6,1990,427,2,66,69,75,84,64,181,77,Benfica,2023.0,23,A. Taarabt
R. Fährmann GK,34,70,70,179783,Right,70,GK,0,275000.0,6000.0,440000.0,80,14,11,15,29,11,102,15,18,11,34,24,233,38,47,39,73,36,218,36,66,32,75,9,133,36,23,11,42,21,61,32,10,12,10,329,70,65,48,71,75,1127,371,2,70,65,48,75,42,197,98,Schalke 04,2025.0,,R. Fährmann
23 Alexandre Pato ST RM LM,32,71,71,180175,Right,71,ST,0,1500000.0,6000.0,2300000.0,342,68,68,67,71,68,348,74,81,70,53,70,352,70,72,70,71,69,344,74,81,50,70,69,307,63,29,75,66,74,74,77,35,23,19,59,16,7,13,15,8,1829,376,3,71,70,67,72,32,175,72,Orlando City,2022.0,23,Alexandre Pato
14 A. Nesta CB,37,73,73,1088,Right,72,CB,0,0.0,6000.0,0.0,231,36,22,71,65,37,257,54,46,25,62,70,243,50,34,38,70,51,263,48,74,33,74,34,277,67,76,37,55,42,0,221,74,77,70,56,8,9,14,12,13,1548,322,3,41,32,54,58,75,187,79,CF Montréal,2013.0,14,A. Nesta
16 J. Saviola CF ST,33,75,75,1803,Right,75,CAM,0,2700000.0,50000.0,0.0,336,65,67,55,72,77,356,79,79,59,54,85,385,75,69,82,69,90,276,57,64,54,37,64,302,45,24,79,79,75,0,69,23,25,21,55,16,9,16,8,6,1779,359,3,72,66,69,81,27,168,70,River Plate,2016.0,16,J. Saviola
17 Ricardo Carvalho CB,38,79,79,3622,Right,77,CB,0,0.0,0.0,0.0,303,48,48,81,74,52,271,51,55,36,65,64,261,33,46,48,71,63,269,53,70,32,75,39,305,84,80,51,52,38,79,233,81,80,72,61,16,13,8,12,12,1703,349,3,40,47,60,56,80,183,79,Portugal,,17,Ricardo Carvalho
18 T. Rosický CAM CM RM,36,79,79,8473,Right,78,CAM,0,4200000.0,2000.0,9300000.0,338,77,65,46,83,67,392,82,81,70,76,83,382,76,71,78,77,80,331,78,58,68,56,71,348,74,49,72,79,74,84,133,32,45,56,55,14,11,6,11,13,1979,410,2,73,70,79,82,43,179,72,Sparta Praha,2018.0,18,T. Rosický
S. Altunashvili CM CDM CAM,26,65,67,276491,Right,67,CAM,2,875000.0,4000.0,1300000.0,272,61,56,41,68,46,312,64,56,60,66,66,356,73,61,76,60,86,287,63,49,68,46,61,316,66,64,58,70,58,60,182,62,62,58,56,11,14,11,14,6,1781,373,1,66,58,66,67,60,169,63,Wolfsberger AC,2025.0,,S. Altunashvili
A. Petkov CB,23,66,75,276492,Right,68,CB,9,1800000.0,2000.0,2800000.0,210,29,27,69,60,25,186,39,32,26,42,47,279,58,62,48,55,56,314,52,75,64,78,45,239,67,66,34,32,40,47,194,60,66,68,54,12,12,10,7,13,1476,320,1,60,37,42,44,65,193,85,Śląsk Wrocław,2026.0,,A. Petkov
Hugo Souza GK,24,68,74,276570,Right,68,GK,6,1500000.0,2000.0,3500000.0,62,11,8,13,23,7,81,10,11,10,28,22,183,33,17,53,58,22,214,50,62,22,71,9,97,28,8,6,39,16,30,29,5,11,13,339,70,64,67,65,73,1005,366,1,70,64,67,73,27,199,95,Chaves,2024.0,,Hugo Souza
Lee Hyun Ju CAM CF,20,66,76,276600,Right,68,CAM,10,1900000.0,4000.0,3300000.0,277,53,64,39,69,52,290,71,48,41,60,70,384,81,75,85,61,82,250,49,53,60,48,40,243,38,33,59,64,49,61,92,34,27,31,55,8,15,14,11,7,1591,347,1,78,55,61,72,32,171,68,Wehen Wiesbaden,2025.0,,Lee Hyun Ju
H. Koch ST,16,57,77,276611,Right,59,ST,20,450000.0,500.0,1100000.0,236,29,58,59,43,47,209,53,38,30,33,55,319,65,70,59,58,67,270,55,59,55,53,48,242,50,33,59,45,55,53,70,30,22,18,37,7,9,9,7,5,1383,299,1,68,55,38,55,30,180,73,DSC Arminia Bielefeld,2026.0,,H. Koch
Rafael Navarro ST CF,23,65,71,276619,Right,67,ST,6,1100000.0,2000.0,1800000.0,296,41,70,69,60,56,270,66,57,40,41,66,312,72,68,66,51,55,337,62,78,66,71,60,226,31,15,67,48,65,48,53,14,21,18,50,13,9,7,13,8,1544,333,1,70,65,50,64,22,183,84,Colorado Rapids,2024.0,,Rafael Navarro
N. Mendy LB CB,18,60,74,276633,Left,60,LB,14,550000.0,500.0,0.0,244,51,43,55,56,39,245,53,46,41,50,55,296,64,74,52,57,49,282,49,65,60,66,42,256,60,55,48,53,40,56,171,56,58,57,61,10,15,9,14,13,1555,339,1,70,44,52,54,56,187,80,Real Betis,,,N. Mendy
Ž. Vipotnik ST,21,67,75,276716,Right,69,ST,8,2300000.0,3000.0,4600000.0,316,53,69,67,65,62,246,67,42,28,41,68,303,64,63,58,64,54,325,66,71,67,68,53,234,29,12,71,56,66,69,56,18,19,19,45,9,8,6,15,7,1525,330,1,63,65,54,66,22,185,81,Bordeaux,2028.0,,Ž. Vipotnik
O. Goodman GK,19,62,75,276806,Left,62,GK,13,825000.0,2000.0,0.0,83,13,5,14,44,7,131,30,12,10,44,35,231,37,40,55,54,45,224,48,63,35,73,5,92,17,9,8,46,12,48,32,5,13,14,310,64,59,64,59,64,1103,348,1,64,59,64,64,38,193,84,Colchester United,,,O. Goodman
Dotor CM CDM,22,72,81,276949,Right,74,CM,9,5000000.0,14000.0,11500000.0,271,41,64,56,75,35,331,72,58,54,74,73,318,56,58,67,69,68,315,57,60,71,59,68,317,63,70,69,71,44,66,195,64,71,60,45,8,7,11,14,5,1792,383,1,57,61,65,71,66,180,70,Celta de Vigo,2028.0,,Dotor
M. Molendowski CAM,16,54,75,276992,Right,56,CAM,21,350000.0,500.0,823000.0,234,48,46,45,56,39,273,62,60,41,52,58,299,56,64,75,46,58,251,57,47,51,53,43,217,42,25,46,52,52,58,96,36,33,27,55,13,13,9,11,9,1425,304,1,60,48,52,61,33,186,72,Radomiak Radom,2026.0,,M. Molendowski
C. Traorè LW,18,66,82,277013,Right,67,ST,16,2200000.0,7000.0,0.0,306,57,71,58,60,60,299,66,65,47,55,66,380,81,81,80,59,79,315,63,71,59,58,64,264,50,28,62,63,61,60,84,30,27,27,54,12,13,6,10,13,1702,362,1,81,67,59,67,31,175,70,Palermo,,,C. Traorè
M. Tomič RB RM,24,72,75,277027,Right,73,RM,3,3000000.0,750.0,6800000.0,318,73,59,58,70,58,334,71,62,62,66,73,362,75,77,72,72,66,353,71,70,76,62,74,311,68,67,66,66,44,68,197,63,66,68,58,9,6,14,15,14,1933,411,1,76,64,68,71,65,181,77,Slavia Praha,2026.0,,M. Tomič
J. Husseck CB,19,57,69,277184,Right,59,CB,12,375000.0,500.0,619000.0,174,24,18,57,50,25,185,40,26,30,43,46,289,59,64,61,53,52,238,32,64,57,68,17,194,52,56,24,28,34,44,174,55,58,61,52,7,15,10,8,12,1306,285,1,62,22,37,45,57,188,78,Borussia Dortmund II,2024.0,,J. Husseck
C. Cassano CAM RW ST,19,67,81,277376,Right,69,CAM,14,2400000.0,750.0,5200000.0,293,59,62,42,65,65,344,72,71,68,63,70,394,83,78,86,62,85,287,68,51,63,41,64,246,39,31,60,63,53,52,106,37,37,32,51,8,11,9,11,12,1721,362,1,80,63,64,72,36,172,60,Cittadella,2028.0,,C. Cassano
I. Babadi CAM CM LW,18,66,83,277465,Right,68,CAM,17,2200000.0,2000.0,4500000.0,257,46,52,42,62,55,308,72,62,41,59,74,367,78,75,83,69,62,237,54,48,50,41,44,269,49,42,58,68,52,69,126,38,52,36,48,12,11,10,7,8,1612,347,1,76,51,59,73,43,178,68,PSV,2028.0,,I. Babadi
M. Courcoul CB CDM,16,58,76,277484,Right,60,CB,18,475000.0,500.0,1200000.0,178,35,24,51,41,27,169,31,25,32,38,43,280,58,62,47,49,64,250,39,56,68,59,28,227,62,61,31,35,38,46,183,58,64,61,45,12,8,8,6,11,1332,288,1,60,29,37,40,60,182,70,Angers SCO,2026.0,,M. Courcoul
L. Suzuki CB,19,55,69,277507,Right,57,CB,14,275000.0,1000.0,598000.0,212,35,34,59,52,32,170,31,24,31,46,38,297,63,68,58,44,64,252,46,62,62,59,23,213,53,56,24,38,42,42,165,50,59,56,50,8,11,10,8,13,1359,295,1,66,34,42,39,55,183,73,Eintracht Braunschweig,2024.0,,L. Suzuki
Fabricio ST,22,71,78,277514,Right,73,ST,7,3800000.0,8000.0,6800000.0,327,55,74,65,70,63,313,70,58,56,55,74,361,78,80,70,63,70,343,66,77,69,68,63,297,48,42,75,67,65,66,87,33,28,26,60,10,15,11,14,10,1788,383,1,79,69,63,71,36,186,73,Levante,2027.0,,Fabricio
S. Shpendi ST,20,63,75,277515,Right,65,ST,12,1200000.0,2000.0,2400000.0,273,43,66,59,50,55,259,67,52,38,36,66,310,70,64,58,60,58,312,61,67,58,63,63,238,45,13,65,50,65,55,59,19,19,21,60,11,8,12,15,14,1511,321,1,67,64,46,64,22,181,75,Empoli,2025.0,,S. Shpendi
A. Rrahmani ST,22,71,79,277565,Right,73,ST,8,4200000.0,8000.0,6500000.0,312,36,75,72,64,65,274,64,50,45,47,68,339,71,73,67,68,60,360,70,82,70,74,64,269,56,21,75,45,72,69,72,20,28,24,45,11,7,10,9,8,1671,357,1,72,71,50,66,28,188,80,Rapid Bucuresti,2026.0,,A. Rrahmani
J. Ayres ST,17,52,68,277612,Right,54,ST,16,200000.0,600.0,495000.0,229,40,52,49,40,48,193,45,38,31,31,48,298,62,68,63,51,54,283,56,58,57,65,47,233,68,25,53,36,51,47,77,24,30,23,50,7,14,10,7,12,1363,294,1,65,52,37,49,28,190,82,Rotherham United,2026.0,,J. Ayres
Xavi Grande RB,18,61,75,277639,Right,62,RWB,14,725000.0,550.0,1600000.0,270,60,40,52,62,56,285,59,64,45,61,56,300,64,60,58,57,61,231,47,47,59,43,35,262,60,59,49,45,49,46,180,57,62,61,51,15,7,7,11,11,1579,328,1,62,42,57,57,59,178,68,Levante,2024.0,,Xavi Grande
K. Andrews CM CAM CDM,16,55,71,277657,Right,59,ST,16,325000.0,800.0,821000.0,255,40,55,55,60,45,240,57,41,30,52,60,327,73,77,53,47,77,290,60,62,60,53,55,261,48,49,53,51,60,43,138,45,53,40,41,6,6,6,9,14,1552,342,1,75,56,51,57,49,186,72,Coventry City,2026.0,,K. Andrews
V. Crespi ST CAM,18,64,81,277692,Left,66,ST,17,1500000.0,4000.0,0.0,304,55,64,61,59,65,292,61,61,57,53,60,355,77,75,70,63,70,340,65,82,58,77,58,278,50,35,64,58,71,60,86,27,32,27,46,6,6,12,9,13,1701,359,1,76,63,57,62,34,185,75,Cosenza,,,V. Crespi
T. Corazza LB LM RB,19,65,80,277704,Right,65,LB,15,1600000.0,4000.0,3700000.0,267,65,41,53,65,43,296,64,64,50,52,66,340,65,73,71,56,75,304,63,62,54,61,64,278,63,63,59,50,43,48,189,64,62,63,46,9,8,10,9,10,1720,366,1,69,51,59,65,62,174,72,Bologna,2026.0,,T. Corazza
M. Puch CDM,19,61,74,277754,Right,62,CDM,13,725000.0,700.0,1700000.0,196,44,31,23,64,34,283,59,56,49,59,60,366,74,72,81,56,83,253,56,46,56,51,44,278,62,63,49,54,50,56,177,59,60,58,61,14,12,13,12,10,1614,342,1,73,41,56,62,56,175,70,Ajaccio,2027.0,,M. Puch
G. Swiderski GK,17,59,79,277814,Right,59,GK,20,550000.0,500.0,1500000.0,54,11,9,10,18,6,63,6,14,12,18,13,161,17,28,39,40,37,158,44,40,19,49,6,91,21,11,8,37,14,31,29,6,11,12,301,61,60,59,60,61,857,322,1,61,60,59,61,21,187,72,Bordeaux,2024.0,,G. Swiderski
C. Favasuli CM,19,60,74,277870,Right,63,RM,14,575000.0,4000.0,0.0,270,60,42,56,66,46,280,61,49,45,63,62,313,64,63,56,66,64,267,53,58,56,52,48,286,62,57,60,56,51,60,160,52,57,51,46,6,7,12,8,13,1622,341,1,63,47,60,61,55,178,64,Ternana,,,C. Favasuli
D. Tıknaz CDM CM,18,59,72,277871,Right,63,CM,13,500000.0,1000.0,1300000.0,256,44,39,57,68,48,281,63,45,43,69,61,294,63,69,59,57,46,287,61,64,60,61,41,273,57,51,59,61,45,47,153,50,50,53,50,9,15,7,10,9,1594,343,1,66,46,60,60,51,193,76,Beşiktaş,2026.0,,D. Tıknaz
D. Kochen GK,17,57,77,277908,Right,57,GK,20,400000.0,500.0,1200000.0,61,14,7,13,20,7,75,7,14,12,29,13,171,21,21,39,55,35,179,43,51,17,62,6,73,21,6,8,22,16,35,33,6,13,14,279,54,58,57,53,57,871,300,1,54,58,57,57,21,188,82,FC Barcelona,2025.0,,D. Kochen
E. Kroupi CF ST,17,67,81,277909,Right,70,CAM,14,2300000.0,2000.0,6000000.0,296,55,59,55,72,55,330,72,66,49,68,75,340,69,72,70,58,71,304,65,68,57,53,61,275,46,36,67,64,62,68,137,41,52,44,53,14,6,7,13,13,1735,367,1,71,61,65,72,45,179,70,Lorient,2026.0,,E. Kroupi
S. Sazonov CB,21,75,82,278013,Right,77,CB,7,10500000.0,25000.0,20000000.0,281,61,31,75,72,42,252,58,38,31,60,65,322,62,72,60,70,58,328,70,80,70,78,30,285,80,75,33,42,55,60,221,74,75,72,45,11,8,7,12,7,1734,378,1,68,40,58,61,74,194,84,Torino,2027.0,,S. Sazonov
J. Van Neck GK,19,58,74,278095,Right,58,GK,16,475000.0,2000.0,1200000.0,64,14,8,11,25,6,86,10,12,14,27,23,169,25,32,30,57,25,186,42,53,23,63,5,92,24,10,7,39,12,23,28,5,11,12,286,58,57,56,55,60,911,314,1,58,57,56,60,28,191,80,Olympique de Marseille,2027.0,,J. Van Neck
L. Amatucci CDM CM,19,61,77,278096,Right,62,CM,16,800000.0,4000.0,0.0,244,49,42,52,68,33,286,62,51,44,65,64,318,63,57,66,58,74,254,57,51,55,46,45,279,67,55,48,60,49,53,166,51,59,56,48,11,11,11,9,6,1595,337,1,60,46,60,63,55,172,71,Ternana,,,L. Amatucci
I. Camara RM RWB RB,20,67,78,278107,Right,68,RM,11,2200000.0,5000.0,3600000.0,285,72,58,52,65,38,317,70,63,60,59,65,369,74,75,77,65,78,285,54,63,62,55,51,294,71,61,59,66,37,63,183,60,64,59,62,14,14,10,11,13,1795,384,1,75,54,65,69,61,174,72,RWDM,2026.0,,I. Camara
N. Edjouma RM,17,60,82,278207,Right,61,RM,22,775000.0,500.0,2300000.0,264,53,55,42,60,54,266,63,54,39,50,60,323,72,73,59,54,65,274,66,51,62,53,42,213,31,17,52,53,60,50,89,30,26,33,43,9,6,10,12,6,1472,322,1,73,55,54,61,28,181,73,Toulouse,2026.0,,N. Edjouma
A. Ola-Adebomi ST,19,63,77,278254,Left,65,ST,14,1100000.0,5000.0,0.0,296,42,67,68,58,61,239,58,39,42,39,61,287,63,59,55,54,56,320,64,74,55,72,55,251,60,20,64,47,60,52,102,39,29,34,57,11,15,13,12,6,1552,330,1,61,63,48,58,35,195,85,Burton Albion,,,A. Ola-Adebomi
Rodri Mendoza CM LM RM,18,63,79,278523,Right,65,CAM,16,1200000.0,800.0,2700000.0,237,32,60,45,65,35,268,64,38,42,62,62,296,59,60,56,63,58,265,50,49,54,51,61,287,55,60,64,66,42,50,163,43,67,53,53,14,6,8,11,14,1569,341,1,60,56,56,62,55,182,72,Elche,2025.0,,Rodri Mendoza
R. Münz CB,17,59,74,278750,Left,61,CB,15,475000.0,500.0,1100000.0,179,31,29,55,34,30,185,35,34,29,35,52,274,60,61,40,55,58,253,43,64,57,65,24,228,55,60,32,34,47,55,189,60,65,64,51,9,10,11,12,9,1359,292,1,61,32,33,44,61,185,75,Bayer 04 Leverkusen,2028.0,,R. Münz
T. Köhler CB,18,59,75,278751,Right,61,CB,16,550000.0,2000.0,1300000.0,182,30,26,59,34,33,165,34,28,30,31,42,251,55,55,41,56,44,266,49,65,55,70,27,209,52,58,28,30,41,49,186,59,65,62,49,12,13,10,9,5,1308,280,1,55,32,31,39,61,191,81,RB Leipzig,2026.0,,T. Köhler
J. Nonge CM,18,64,81,278926,Left,66,CAM,17,1500000.0,6000.0,3500000.0,290,58,44,64,68,56,318,67,64,57,62,68,327,67,68,64,63,65,288,50,67,61,59,51,308,58,64,63,68,55,58,191,66,64,61,46,13,6,12,9,6,1768,371,1,68,49,64,66,64,184,69,Juventus,2026.0,,J. Nonge
N. Aberdin CB RB,20,57,71,278934,Right,59,CB,14,375000.0,3000.0,1000000.0,194,53,22,51,53,15,173,30,28,23,47,45,278,56,60,44,56,62,227,38,55,57,59,18,194,56,58,22,26,32,45,177,55,64,58,53,13,11,12,12,5,1296,283,1,58,25,44,40,58,180,75,Getafe,2024.0,,N. Aberdin
B. Ibrahim CDM,18,61,76,279124,Right,62,CDM,15,725000.0,650.0,1600000.0,247,51,33,53,65,45,277,58,47,50,61,61,303,62,66,58,57,60,280,52,62,57,64,45,260,63,59,44,61,33,62,172,56,57,59,52,14,9,10,13,6,1591,341,1,64,40,59,59,57,181,76,Hertha BSC,2027.0,,B. Ibrahim
F. Rispoli CAM RW,16,60,79,279473,Right,62,CAM,19,625000.0,500.0,1400000.0,276,56,55,47,64,54,312,61,67,65,58,61,365,73,71,80,53,88,279,67,55,50,50,57,269,55,41,57,56,60,55,112,44,35,33,48,6,5,10,15,12,1661,345,1,72,58,60,64,40,169,75,Como,2026.0,,F. Rispoli
M. Smits CM CDM,18,59,73,279475,Right,61,CAM,14,525000.0,2000.0,1100000.0,231,54,41,39,65,32,294,62,55,51,62,64,340,74,70,76,52,68,276,59,51,60,52,54,253,50,51,45,59,48,48,140,43,52,45,42,8,6,13,7,8,1576,343,1,72,47,60,63,47,179,65,Antwerp,2025.0,,M. Smits
S. Terzi LB,19,61,74,279616,Left,62,LWB,13,750000.0,2000.0,1900000.0,205,54,27,36,53,35,244,65,38,39,42,60,345,73,67,75,58,72,228,39,46,62,47,34,258,61,62,50,37,48,48,178,63,58,57,54,13,11,6,14,10,1512,326,1,70,33,47,64,58,176,68,Beşiktaş,2026.0,,S. Terzi
J. Ruiz CF LW RW,18,67,80,279777,Right,70,RM,13,2400000.0,2000.0,5100000.0,315,67,63,56,68,61,339,74,68,64,60,73,354,76,73,72,60,73,329,65,71,69,63,61,288,70,29,65,61,63,62,83,35,23,25,55,9,14,10,8,14,1763,371,1,74,63,65,72,31,170,67,Independiente,2027.0,,J. Ruiz
T. Verón RW RM LW,22,68,74,279922,Right,68,RW,6,1900000.0,500.0,4500000.0,297,67,72,55,48,55,293,78,55,45,45,70,355,78,78,77,55,67,307,64,68,60,55,60,251,32,22,63,55,79,48,115,33,42,40,54,9,14,11,11,9,1672,358,1,78,67,53,72,36,173,67,Racing,2026.0,,T. Verón
R. Květ CM CDM,25,69,71,272872,Right,73,CAM,2,1700000.0,500.0,0.0,328,68,71,49,74,66,338,71,64,69,63,71,343,73,72,71,71,56,377,80,71,78,76,72,326,61,62,65,70,68,69,173,58,59,56,52,14,11,6,10,11,1937,415,1,72,72,70,70,58,187,84,Sivasspor,,,R. Květ
F. Watson CAM CM LM,20,69,80,272911,Right,71,CAM,11,3100000.0,6000.0,5300000.0,292,64,64,39,73,52,302,67,56,39,70,70,333,68,70,54,68,73,280,63,53,45,59,60,308,64,48,69,73,54,68,177,57,62,58,42,9,6,9,13,5,1734,377,1,69,62,68,67,55,176,72,Lanús,2027.0,,F. Watson
A. Duarte LW CAM,19,69,82,272953,Left,70,LM,13,3300000.0,500.0,9200000.0,306,61,68,58,60,59,307,75,43,58,60,71,371,83,82,85,63,58,334,69,72,65,59,69,239,30,31,67,56,55,58,99,35,34,30,48,11,10,7,7,13,1704,371,1,82,67,58,73,36,175,68,Defensor Sporting,2026.0,,A. Duarte
J. Low CB,21,64,69,273020,Right,66,CB,5,825000.0,2000.0,1500000.0,184,27,25,67,44,21,179,43,31,22,42,41,228,49,56,34,55,34,268,43,66,55,85,19,236,78,61,31,32,34,47,185,62,63,60,56,12,14,8,8,14,1336,296,1,53,28,36,42,62,196,91,Wycombe Wanderers,2025.0,,J. Low
S. Pino CB,20,61,76,273118,Right,63,CB,15,750000.0,3000.0,2100000.0,196,29,28,56,50,33,160,32,30,34,29,35,254,55,62,49,51,37,283,45,70,65,79,24,210,53,58,28,30,41,45,195,54,73,68,48,15,7,11,8,7,1346,296,1,59,32,37,36,62,195,86,Deportivo Alavés,2026.0,,S. Pino
Matheus Martins LW RW,19,69,78,273458,Right,72,CAM,9,3000000.0,6000.0,0.0,322,55,67,60,70,70,331,72,69,52,65,73,340,68,69,72,62,69,325,75,65,60,55,70,277,46,21,72,69,69,60,76,30,22,24,48,7,8,14,10,9,1719,358,1,69,70,65,71,28,179,77,Watford,,,Matheus Martins
T. Adeyemo ST,18,55,74,273540,Right,57,ST,19,325000.0,2000.0,821000.0,227,29,56,54,47,41,191,46,33,30,28,54,294,67,64,56,54,53,290,57,64,51,67,51,210,32,17,54,43,64,52,47,20,12,15,56,7,8,14,12,15,1315,284,1,65,55,38,50,20,192,81,Watford,2026.0,,T. Adeyemo
F. González CAM CF RM,19,68,79,273661,Right,71,RM,11,2600000.0,500.0,6200000.0,296,64,64,37,71,60,334,69,63,65,62,75,393,82,79,81,70,81,298,59,54,75,48,62,278,58,42,58,58,62,57,101,39,29,33,51,11,13,11,11,5,1751,372,1,80,62,65,72,36,165,60,Peñarol,2025.0,,F. González
Pedro Santos CM RM CDM,22,67,76,273663,Right,71,CDM,9,2300000.0,3000.0,5300000.0,261,57,53,32,68,51,304,65,53,51,66,69,362,71,74,75,64,78,325,61,64,80,63,57,322,71,65,65,68,53,63,210,69,73,68,61,11,14,14,12,10,1845,396,1,73,56,64,68,66,174,61,Arouca,2026.0,,Pedro Santos
G. Gheorghe CAM LM CM,16,57,81,273678,Right,59,CAM,24,525000.0,500.0,1200000.0,205,35,41,32,58,39,272,60,52,44,53,63,352,78,74,80,50,70,239,50,47,52,48,42,243,60,36,52,55,40,56,113,31,44,38,44,7,9,10,13,5,1468,321,1,76,43,51,63,37,177,75,Rapid Bucuresti,2024.0,,G. Gheorghe
S. Telalovic ST,23,63,70,273771,Right,65,ST,7,975000.0,8000.0,2000000.0,284,42,65,64,54,59,275,56,53,58,48,60,303,58,62,60,60,63,338,68,72,63,74,61,267,56,30,63,53,65,58,87,30,30,27,54,10,11,12,11,10,1608,334,1,60,64,51,58,33,187,78,Blackburn Rovers,2026.0,,S. Telalovic
A. Aourir CAM CF,18,61,77,273772,Right,63,CAM,16,825000.0,3000.0,1900000.0,270,56,54,44,60,56,304,65,59,57,58,65,345,64,67,79,55,80,227,60,37,50,33,47,248,43,30,57,60,58,60,137,42,48,47,62,7,15,15,10,15,1593,326,1,66,54,59,66,42,172,62,Bayer 04 Leverkusen,2025.0,,A. Aourir
T. Foran CB,19,60,71,273925,Right,62,CB,11,500000.0,6000.0,1000000.0,212,41,28,63,49,31,193,32,40,29,48,44,232,46,62,34,54,36,270,47,69,48,77,29,229,68,56,29,34,42,44,170,58,59,53,51,13,9,12,5,12,1357,295,1,55,33,43,38,58,196,86,Arsenal,2024.0,,T. Foran
D. González LW RW,20,68,77,273934,Left,69,CAM,9,2600000.0,14000.0,4900000.0,323,64,67,57,70,65,314,71,67,44,61,71,360,76,65,83,58,78,296,74,63,46,49,64,300,54,52,63,62,69,61,155,44,55,56,46,6,14,11,7,8,1794,374,1,70,68,64,71,51,177,67,Lazio,2027.0,,D. González
M. Soumano ST,17,65,77,273962,Right,67,ST,12,1600000.0,500.0,3100000.0,290,44,66,63,58,59,248,60,44,42,40,62,338,74,76,61,63,64,344,71,75,63,70,65,248,45,19,64,56,64,65,70,25,26,19,55,15,10,9,6,15,1593,344,1,75,66,51,61,27,185,80,Ajaccio,2026.0,,M. Soumano
Kim Ju Chan RW LW RM,19,64,79,274022,Left,64,RW,15,1400000.0,850.0,2600000.0,254,53,62,35,49,55,269,69,58,44,40,58,386,77,81,82,69,77,282,59,61,56,52,54,260,55,29,68,55,53,50,67,20,24,23,44,8,11,8,6,11,1562,333,1,79,59,50,66,25,174,71,Suwon Bluewings,2028.0,,Kim Ju Chan
C. Ligue ST,18,56,73,274096,Left,58,ST,17,375000.0,850.0,778000.0,236,27,55,55,53,46,198,51,28,32,33,54,324,70,74,65,50,65,305,56,68,63,68,50,230,48,21,55,50,56,45,61,17,26,18,50,6,9,9,15,11,1404,309,1,72,54,42,54,24,180,79,Zürich,2028.0,,C. Ligue
23 A. Abdullahi ST,18,58,75,274219,Right,60,ST,17,525000.0,2000.0,1100000.0,245,28,67,48,35,67,233,64,43,42,22,62,339,78,84,71,38,68,298,64,71,51,61,51,175,16,17,46,31,65,42,40,10,19,11,54,9,10,14,12,9,1384,305,1,81,62,32,62,18,181,65,Gent,2023.0,23,A. Abdullahi
L. Agazzi RW RM RB,18,65,76,274347,Right,66,RW,11,1500000.0,500.0,3500000.0,295,62,68,48,60,57,281,65,58,42,53,63,347,70,71,82,55,69,319,61,62,69,67,60,299,63,59,68,64,45,60,199,66,68,65,44,13,9,7,8,7,1784,388,1,71,63,59,66,63,182,74,Defensor Sporting,2024.0,,L. Agazzi
N. Opoku ST,21,66,73,274359,Right,68,ST,7,1800000.0,10000.0,0.0,300,54,69,60,56,61,276,67,60,39,45,65,364,80,82,77,58,67,325,70,75,51,65,64,268,60,16,62,60,70,55,62,23,22,17,50,8,8,7,13,14,1645,354,1,81,68,54,66,24,183,78,OH Leuven,,,N. Opoku
R. Walters RB CB,18,61,79,274387,Right,63,CB,18,800000.0,4000.0,2000000.0,197,52,27,55,34,29,218,59,44,37,39,39,309,63,66,54,60,66,244,34,61,60,58,31,234,62,61,43,41,27,47,202,62,71,69,43,8,13,7,9,6,1447,311,1,65,30,40,52,65,183,65,Arsenal,2024.0,,R. Walters
João Marques CAM LW CF,21,70,81,274465,Right,72,CAM,11,3600000.0,4000.0,8300000.000000001,308,62,68,48,68,62,342,73,62,64,70,73,351,74,66,76,67,68,302,67,57,63,50,65,272,52,28,66,70,56,71,130,43,45,42,57,8,11,15,12,11,1762,371,1,70,66,67,73,41,179,73,Estoril,2026.0,,João Marques
A. Amraoui LB CB,19,68,78,274550,Left,68,LB,10,2500000.0,7000.0,0.0,245,59,35,56,60,35,274,65,49,39,57,64,344,73,72,67,65,67,301,54,68,74,60,45,284,73,65,59,45,42,62,200,64,68,68,48,6,11,13,10,8,1696,366,1,72,42,55,65,65,184,69,Amiens SC,,,A. Amraoui
R. Brajković RM LM ST,17,62,81,274554,Right,63,ST,19,1000000.0,500.0,2800000.0,280,50,64,54,56,56,275,67,46,44,51,67,366,81,77,80,52,76,306,59,71,62,61,53,239,52,21,54,52,60,55,68,24,23,21,50,12,9,7,9,13,1584,344,1,79,60,52,67,26,176,68,Hajduk Split,2024.0,,R. Brajković
Álex Calvo RW RM,19,66,78,274828,Left,67,CAM,12,2000000.0,2000.0,3500000.0,288,63,60,46,63,56,310,68,64,54,57,67,382,82,75,82,60,83,280,69,55,53,44,59,269,57,33,65,60,54,62,106,38,34,34,52,8,14,6,10,14,1687,354,1,78,61,61,69,36,170,66,FC Andorra,2028.0,,Álex Calvo
O. Højlund CM CDM,18,62,78,274952,Right,65,CDM,16,1000000.0,1000.0,1900000.0,271,52,48,56,65,50,290,63,53,48,62,64,362,74,72,79,63,74,304,54,70,68,64,48,294,68,61,62,58,45,64,183,60,61,62,46,9,10,6,8,13,1750,374,1,73,50,59,66,60,184,71,København,2024.0,,O. Højlund
Marciano ST RM,19,62,79,274977,Right,64,ST,17,1000000.0,3000.0,0.0,272,45,62,57,59,49,263,61,45,47,51,59,352,80,81,69,58,64,334,64,75,66,70,59,243,54,15,61,49,64,48,45,12,16,17,46,7,6,13,10,10,1555,340,1,81,61,52,61,19,180,74,Alcorcón,,,Marciano
A. Motaraghebjafarpour RB,20,59,72,275004,Right,60,RWB,13,525000.0,500.0,984000.0,234,58,40,51,53,32,256,61,50,37,46,62,329,76,75,60,52,66,285,45,69,68,65,38,233,53,53,50,42,35,52,150,48,52,50,57,7,14,9,14,13,1544,341,1,75,40,50,61,51,183,80,Kalmar,2025.0,,A. Motaraghebjafarpour
E. Diop RM CAM,18,66,82,275019,Right,67,CAM,16,2200000.0,5000.0,5600000.0,288,64,59,48,65,52,316,70,60,59,60,67,341,71,69,73,61,67,273,66,54,47,49,57,271,50,36,63,64,58,63,123,47,36,40,52,11,6,13,13,9,1664,351,1,70,60,63,68,41,173,70,Monaco,2028.0,,E. Diop
E. Gökay RM,17,58,77,275071,Left,59,LM,19,500000.0,500.0,1300000.0,238,54,50,41,54,39,252,64,42,40,49,57,339,76,75,75,48,65,245,53,49,52,47,44,197,33,20,46,49,49,52,67,22,24,21,54,10,9,10,14,11,1392,307,1,75,49,51,62,24,181,72,Sivasspor,2025.0,,E. Gökay
F. Leysen CB LB,19,63,74,275207,Left,65,CB,11,975000.0,2000.0,1700000.0,239,37,40,65,63,34,225,42,34,37,58,54,272,60,52,53,54,53,269,31,69,60,69,40,256,73,57,36,39,51,56,187,60,65,62,49,6,15,8,8,12,1497,323,1,56,38,50,49,62,191,77,Union Saint-Gilloise,2026.0,,F. Leysen
T. Helguera CDM CM,17,65,79,275248,Right,66,CDM,14,1500000.0,500.0,4200000.0,221,36,44,40,68,33,260,63,38,32,62,65,342,72,71,62,62,75,275,50,58,69,62,36,294,63,62,52,65,52,45,183,60,65,58,59,12,13,9,14,11,1634,359,1,71,44,57,63,60,179,70,Nacional,2026.0,,T. Helguera
S. Nhaga LB,17,65,80,275254,Left,65,LB,15,1600000.0,650.0,4000000.0,272,63,44,54,63,48,278,65,53,46,49,65,358,74,68,68,64,84,277,55,60,64,51,47,275,62,58,52,54,49,61,181,57,62,62,45,8,7,13,11,6,1686,359,1,71,48,58,66,59,170,65,Paris Saint Germain,2025.0,,S. Nhaga
J. Sticker RB,19,58,69,275262,Right,58,RB,11,425000.0,700.0,701000.0,208,52,26,47,58,25,224,53,40,34,49,48,309,69,64,55,59,62,223,26,55,60,55,27,229,47,58,44,40,40,47,157,48,57,52,37,5,6,5,7,14,1387,304,1,66,28,50,52,53,183,74,Viktoria Köln,2026.0,,J. Sticker
M. Ouro-Tagba ST,18,60,78,275274,Right,62,ST,18,625000.0,500.0,1300000.0,242,39,57,55,55,36,239,64,33,30,49,63,366,79,82,69,67,69,299,47,77,59,72,44,253,67,29,57,42,58,49,84,31,27,26,32,6,7,8,5,6,1515,341,1,81,51,46,64,31,190,72,1860 München,2024.0,,M. Ouro-Tagba
Z. El Ouahdi RB RM,21,70,78,275353,Right,72,RWB,8,3400000.0,6000.0,5800000.0,277,72,58,28,67,52,334,75,65,63,60,71,384,78,69,82,72,83,287,48,52,81,51,55,282,35,70,52,67,58,70,188,54,69,65,46,8,8,11,14,5,1798,385,1,73,55,67,75,60,172,66,Genk,2027.0,,Z. El Ouahdi
P. Diallo LM,19,62,80,275372,Right,63,CAM,18,1000000.0,2000.0,2600000.0,267,47,61,58,57,44,282,65,53,43,53,68,330,73,67,64,58,68,283,61,60,59,48,55,236,35,18,61,56,66,64,54,15,23,16,52,9,13,8,14,8,1504,319,1,70,59,53,66,22,182,67,Metz,2026.0,,P. Diallo
Jorge Pascual ST,20,65,79,275415,Left,68,CAM,14,1700000.0,2000.0,3700000.0,309,55,68,60,66,60,305,66,58,55,59,67,323,65,65,64,70,59,312,61,65,69,59,58,273,37,27,70,65,74,65,93,32,32,29,45,10,12,6,9,8,1660,349,1,65,65,62,66,34,187,77,Villarreal II,2026.0,,Jorge Pascual
B. Castro LM,19,67,80,275434,Left,68,LM,13,2400000.0,1000.0,4900000.0,281,62,70,49,65,35,263,72,40,27,60,64,340,68,70,71,66,65,280,43,63,63,69,42,232,26,20,70,59,57,54,89,25,34,30,40,10,9,7,6,8,1525,342,1,69,57,59,68,30,176,77,Millonarios,2026.0,,B. Castro
C. Cabellos RW,18,62,69,275462,Right,64,RM,7,750000.0,500.0,1800000.0,268,64,53,44,66,41,273,63,43,44,61,62,336,69,65,72,60,70,249,52,42,60,44,51,284,64,53,59,56,52,55,166,49,60,57,52,13,12,6,14,7,1628,348,1,67,52,61,63,53,172,71,Alianza Lima,2026.0,,C. Cabellos
Manu Bueno CM CAM CDM,18,65,79,275520,Left,67,CAM,14,1700000.0,2000.0,4600000.0,261,42,65,52,68,34,283,66,38,45,66,68,314,66,61,59,62,66,287,52,57,60,54,64,300,63,65,64,60,48,52,184,58,64,62,55,15,12,10,7,11,1684,364,1,63,60,58,65,61,178,73,Sevilla,2025.0,,Manu Bueno
D. Balestrero CM CDM CB,27,66,66,275547,Right,68,ST,0,900000.0,1000.0,1400000.0,330,61,65,71,69,64,312,64,59,57,67,65,324,63,69,60,70,62,373,73,82,70,80,68,319,67,64,63,65,60,62,184,62,62,60,57,14,15,5,11,12,1899,400,1,66,67,65,64,63,190,80,FeralpiSalò,2025.0,,D. Balestrero
M. Tonetto LM LB,22,64,71,275553,Left,65,LM,7,1200000.0,950.0,2100000.0,274,63,49,55,60,47,305,63,63,57,59,63,365,81,80,73,60,71,308,54,74,61,66,53,290,58,59,58,56,59,57,181,58,62,61,52,11,5,12,14,10,1775,379,1,80,52,60,64,59,179,74,FeralpiSalò,2024.0,,M. Tonetto
Ronald RM RW LW,22,70,76,275785,Right,71,RM,6,2600000.0,14000.0,5500000.0,296,63,66,52,63,52,281,71,46,43,48,73,388,85,88,71,72,72,299,73,62,73,46,45,250,44,23,65,60,58,66,101,23,44,34,43,6,14,7,8,8,1658,364,1,87,62,58,71,33,177,69,Swansea City,2027.0,,Ronald
J. van de Kamp RM RWB CM,19,64,77,275861,Right,65,CAM,13,1400000.0,1000.0,2900000.0,248,49,42,47,68,42,287,67,44,45,66,65,339,75,74,73,62,55,272,64,49,68,40,51,294,68,59,58,61,48,63,151,43,60,48,52,9,12,11,8,12,1643,354,1,74,49,60,66,52,177,72,Almere City,2025.0,,J. van de Kamp
Víctor Barberá ST RW,18,65,77,275881,Right,68,CAM,12,1700000.0,2000.0,2900000.0,299,53,62,59,65,60,282,65,56,41,52,68,387,86,79,83,64,75,311,62,71,60,54,64,226,29,12,66,59,60,59,52,15,17,20,39,5,10,11,6,7,1596,341,1,82,62,58,68,20,180,75,Club Brugge,2027.0,,Víctor Barberá
P. Ratkov ST,19,65,76,275978,Right,67,ST,11,1600000.0,3000.0,2700000.0,289,42,67,69,59,52,256,63,40,42,42,69,306,61,73,68,58,46,324,64,71,60,68,61,262,66,15,61,58,62,52,89,27,30,32,62,14,7,15,14,12,1588,343,1,68,64,51,64,30,193,76,Salzburg,2028.0,,P. Ratkov
D. Marczuk RM,19,62,76,276066,Right,63,RM,14,950000.0,1000.0,1900000.0,265,54,57,45,61,48,269,61,53,45,50,60,338,70,71,68,59,70,281,49,53,75,53,51,259,50,54,59,54,42,53,155,45,57,53,47,11,5,6,14,11,1614,349,1,71,53,55,61,51,177,74,Jagiellonia Białystok,2026.0,,D. Marczuk
V. Reyes GK,19,59,76,276117,Right,59,GK,17,525000.0,2000.0,0.0,84,13,10,13,40,8,121,12,23,13,46,27,183,42,29,26,50,36,205,47,60,24,68,6,94,23,8,8,43,12,45,35,10,12,13,297,58,61,62,57,59,1019,334,1,58,61,62,59,37,194,80,Forest Green Rovers,,,V. Reyes
D. Beleme ST RM LM,22,62,71,276183,Right,64,ST,9,900000.0,5000.0,0.0,284,52,66,59,51,56,220,62,35,29,29,65,323,72,77,62,53,59,302,57,71,57,68,49,201,28,16,62,44,51,42,58,17,22,19,51,10,13,7,8,13,1439,320,1,75,59,45,61,23,187,83,VfB Lübeck,,,D. Beleme
J. Hallard LB,19,53,66,276242,Left,53,LB,13,210000.0,1000.0,499000.0,190,48,22,46,49,25,190,52,26,28,44,40,304,66,69,57,47,65,221,20,54,62,59,26,203,48,49,42,32,32,40,148,48,51,49,43,7,12,11,8,5,1299,289,1,68,24,42,49,49,178,71,AFC Wimbledon,2024.0,,J. Hallard
I. Ansah ST,18,63,78,276372,Right,65,ST,15,1100000.0,2000.0,2400000.0,280,42,65,64,57,52,228,63,28,31,45,61,297,68,65,54,63,47,326,63,77,57,77,52,249,53,16,59,61,60,54,63,24,21,18,47,6,6,13,13,9,1490,329,1,66,61,50,60,25,194,84,Paderborn,2028.0,,I. Ansah
D. Veroli CB LB,20,67,81,276443,Left,69,CB,14,2300000.0,6000.0,0.0,251,55,33,70,60,33,255,60,44,37,52,62,319,69,71,56,63,60,327,65,76,66,71,49,259,66,63,41,44,45,62,201,68,67,66,43,5,7,9,13,9,1655,363,1,70,44,53,60,67,188,77,Catanzaro,,,D. Veroli
A. Marcandalli CB,21,64,73,276477,Right,66,CB,9,1200000.0,700.0,2100000.0,196,33,33,63,48,19,165,31,25,26,43,40,294,62,70,49,62,51,267,31,75,59,77,25,223,66,63,24,35,35,44,193,63,66,64,40,6,9,12,7,6,1378,308,1,66,30,39,39,64,190,81,Reggiana,2026.0,,A. Marcandalli
K. Peersman GK,19,61,79,270351,Right,61,GK,18,750000.0,900.0,1500000.0,70,10,8,14,29,9,61,9,13,12,16,11,135,15,31,23,44,22,152,46,36,23,42,5,83,17,11,7,38,10,25,32,8,13,11,310,61,64,61,61,63,843,331,1,61,64,61,63,21,194,71,PSV,2026.0,,K. Peersman
T. Himeur GK,22,63,72,270365,Right,63,GK,9,925000.0,3000.0,2000000.0,60,10,6,10,25,9,68,9,10,11,20,18,211,55,30,38,50,38,178,46,57,17,52,6,82,17,11,8,32,14,22,31,6,14,11,317,65,63,61,63,65,947,362,1,65,63,61,65,45,187,72,Toulouse,2024.0,,T. Himeur
S. Earley LB LWB,20,63,68,270376,Left,63,LB,5,675000.0,2000.0,0.0,240,62,32,51,62,33,278,63,50,40,61,64,356,79,76,72,58,71,253,40,63,66,54,30,234,48,55,51,45,35,57,170,58,58,54,42,8,7,11,6,10,1573,344,1,77,34,57,64,56,175,70,Wycombe Wanderers,,,S. Earley
M. Wörl CDM CM,19,65,78,270403,Right,66,CDM,13,1600000.0,3000.0,0.0,254,58,45,50,67,34,263,59,41,41,59,63,310,66,63,64,62,55,288,50,59,76,59,44,285,59,63,53,60,50,57,193,65,66,62,62,13,11,13,11,14,1655,357,1,64,46,60,61,63,178,69,DSC Arminia Bielefeld,,,M. Wörl
F. Di Michele Sanchez LWB,20,62,72,270461,Left,62,LWB,10,825000.0,1000.0,1400000.0,241,60,30,54,58,39,255,61,47,38,53,56,341,74,76,64,61,66,273,38,69,62,68,36,256,64,58,44,45,45,55,172,57,58,57,54,8,13,13,13,7,1592,347,1,75,35,54,60,57,180,81,Saarbrücken,2024.0,,F. Di Michele Sanchez
Aceves GK,19,69,82,270529,Right,69,GK,13,2900000.0,2000.0,0.0,70,15,10,10,24,11,80,9,16,15,25,15,196,20,31,38,57,50,220,52,58,27,71,12,105,27,15,8,41,14,37,47,20,14,13,348,70,68,69,69,72,1066,372,1,70,68,69,72,24,190,85,Eldense,,,Aceves
T. Walczak ST,17,54,69,270594,Right,56,ST,15,250000.0,500.0,506000.0,223,31,55,56,45,36,201,51,40,30,31,49,290,62,65,58,54,51,292,51,64,60,64,53,203,29,10,55,51,58,48,46,19,15,12,53,6,9,11,14,13,1308,283,1,64,53,40,51,19,189,88,Raków Częstochowa,2026.0,,T. Walczak
A. Makoumbou CDM CM,24,73,78,270597,Right,74,CDM,5,4200000.0,16000.0,7900000.0,293,57,57,60,74,45,333,77,64,48,68,76,376,76,74,82,70,74,372,71,79,90,76,56,320,73,72,56,67,52,75,203,65,71,67,50,8,15,7,6,14,1947,425,1,75,59,67,77,68,187,80,Cagliari,2026.0,,A. Makoumbou
M. Doumbia CM CAM CDM,19,63,79,270613,Right,69,CAM,16,1200000.0,3000.0,2600000.0,277,54,60,43,68,52,310,74,61,43,62,70,375,79,73,85,53,85,323,71,61,64,60,67,251,45,52,54,65,35,61,137,38,50,49,32,6,7,6,6,7,1705,377,1,76,62,62,73,46,186,66,Antwerp,2027.0,,M. Doumbia
23 J. Bahamboula RW,21,62,77,270678,Right,63,RM,15,975000.0,2000.0,2700000.0,265,50,58,56,52,49,276,67,50,44,51,64,374,81,82,75,62,74,314,65,71,64,56,58,237,44,31,48,52,62,51,93,31,34,28,47,12,6,7,11,11,1606,348,1,82,59,51,66,34,178,66,Vitória SC,2023.0,23,J. Bahamboula
A. Pajaziti CDM LM CM,20,63,75,270680,Left,64,CDM,12,1100000.0,9000.0,2300000.0,268,50,54,57,63,44,281,58,51,48,61,63,318,66,62,64,56,70,303,60,65,67,61,50,305,74,58,56,63,54,58,181,55,62,64,47,8,8,12,12,7,1703,362,1,64,54,59,61,59,178,71,Fulham,2025.0,,A. Pajaziti
P. Müller CM,20,57,68,270750,Right,60,CAM,11,350000.0,2000.0,578000.0,261,52,51,48,64,46,285,56,53,55,57,64,312,66,57,69,47,73,267,60,48,54,49,56,281,71,54,50,57,49,47,163,53,56,54,42,7,9,7,12,7,1611,341,1,61,53,58,60,54,176,70,Wolfsberger AC,2025.0,,P. Müller
A. Guðjohnsen ST,21,65,76,270787,Right,67,ST,11,1600000.0,2000.0,0.0,268,35,67,59,57,50,250,65,38,39,40,68,345,74,78,70,61,62,329,63,76,65,74,51,232,32,19,65,54,62,58,69,22,25,22,50,9,8,11,10,12,1543,341,1,76,62,48,66,26,188,78,Lyngby,,,A. Guðjohnsen
D. Djiama LB LM,19,58,74,270843,Left,58,LB,16,500000.0,500.0,1400000.0,173,52,28,43,27,23,202,56,42,29,21,54,364,89,86,72,47,70,254,37,62,71,56,28,207,52,51,44,30,30,45,157,45,57,55,43,9,10,7,7,10,1400,317,1,87,30,33,57,51,182,73,APOEL,2024.0,,D. Djiama
A. Mazilu RM LM,17,67,84,270867,Left,68,CAM,17,2500000.0,3000.0,0.0,288,56,67,47,64,54,306,69,69,51,48,69,361,79,82,77,58,65,316,68,60,68,53,67,257,44,34,64,60,55,64,96,37,34,25,53,8,13,11,7,14,1677,365,1,81,66,59,69,35,180,72,Vitesse,,,A. Mazilu
K. Dong RW LW,18,63,75,270886,Right,64,RW,12,1100000.0,750.0,2100000.0,277,57,63,51,58,48,268,66,49,41,47,65,322,70,63,59,64,66,276,62,53,57,45,59,238,31,23,63,61,60,55,59,19,17,23,48,11,9,13,5,10,1488,315,1,66,61,55,64,23,178,68,Troyes,2025.0,,K. Dong
N. Pierozzi RB RM LM,21,67,78,270926,Right,70,CAM,11,2200000.0,10000.0,0.0,296,68,65,41,67,55,319,72,59,63,53,72,363,76,76,79,55,77,325,65,62,71,67,60,303,55,60,67,67,54,60,191,67,61,63,62,11,15,12,10,14,1859,402,1,76,63,65,72,61,184,75,Salernitana,,,N. Pierozzi
L. Harris CAM CM,18,63,83,270937,Right,65,CAM,20,1300000.0,5000.0,0.0,281,54,65,41,66,55,298,66,58,50,59,65,344,68,61,74,62,79,267,58,49,54,53,53,259,55,39,61,57,47,68,112,42,34,36,37,6,9,6,8,8,1598,342,1,64,60,60,67,38,177,63,Exeter City,,,L. Harris
F. Torsiello ST,18,60,76,270940,Right,62,ST,16,625000.0,2000.0,1500000.0,254,31,64,55,53,51,236,65,36,35,38,62,318,61,67,67,56,67,277,64,54,51,49,59,215,43,18,62,44,48,49,59,25,21,13,51,15,8,11,10,7,1410,304,1,64,61,43,63,24,178,73,Darmstadt 98,2026.0,,F. Torsiello
T. Schlieck GK,17,57,77,270965,Right,57,GK,20,400000.0,500.0,1100000.0,63,13,5,14,25,6,71,13,13,11,22,12,168,26,33,37,45,27,178,41,53,19,60,5,95,23,10,6,37,19,36,33,7,13,13,286,59,57,55,53,62,894,315,1,59,57,55,62,29,193,82,RB Leipzig,2027.0,,T. Schlieck
N. Sattlberger CDM,19,67,80,270995,Right,68,CDM,13,2300000.0,4000.0,4800000.0,241,46,31,62,69,33,269,57,36,40,67,69,283,58,51,58,59,57,292,58,68,59,69,38,290,66,66,43,67,48,65,196,65,68,63,44,13,9,7,5,10,1615,347,1,54,39,61,61,66,191,73,Rapid Wien,2025.0,,N. Sattlberger
D. Kameri CAM CM RW,19,67,80,270999,Right,69,CAM,13,2400000.0,4000.0,0.0,300,58,61,52,65,64,336,72,69,63,61,71,352,76,73,75,58,70,344,74,69,64,65,72,288,55,42,58,65,68,53,110,28,41,41,55,15,14,5,11,10,1785,374,1,74,66,63,70,38,184,76,Grasshopper,,,D. Kameri
N. Prelec ST CF,22,66,73,271005,Left,68,ST,7,1800000.0,7000.0,0.0,285,40,66,59,65,55,265,64,42,43,47,69,309,62,71,60,58,58,343,70,75,58,82,58,273,50,28,68,65,62,57,89,38,26,25,45,8,7,14,8,8,1609,353,1,67,65,55,64,33,187,80,WSG Tirol,,,N. Prelec
J. N'Duquidi CDM,18,63,81,271014,Right,64,CDM,18,1200000.0,1000.0,3200000.0,248,54,37,60,63,34,298,66,59,50,58,65,322,67,69,67,59,60,307,62,68,63,63,51,296,64,58,55,63,56,60,186,59,64,63,51,9,10,10,11,11,1708,364,1,68,47,60,65,61,187,74,Metz,2026.0,,J. N'Duquidi
Adu Ares LM RM,21,70,80,271037,Right,71,CAM,10,3600000.0,10000.0,8300000.000000001,303,70,64,44,69,56,330,73,66,56,63,72,394,88,83,83,62,78,318,66,68,55,65,64,268,40,33,60,65,70,66,58,18,21,19,52,13,9,6,13,11,1723,372,1,85,64,67,73,25,183,73,Athletic Club,2027.0,,Adu Ares
M. Usor RM LW RW,21,70,77,271092,Left,71,CAM,7,3200000.0,10000.0,5400000.0,308,62,63,54,66,63,330,74,61,64,61,70,387,84,85,83,61,74,337,70,69,72,58,68,275,58,28,66,66,57,71,116,34,43,39,54,14,7,9,11,13,1807,387,1,85,65,64,73,38,181,64,LASK Linz,2028.0,,M. Usor
Abel Bretones LB,22,69,76,271145,Left,70,LWB,7,2700000.0,4000.0,4900000.0,314,71,59,65,65,54,323,67,66,61,63,66,346,73,77,72,66,58,371,71,80,77,78,65,335,79,64,66,62,64,59,191,61,64,66,45,7,11,11,10,6,1925,410,1,75,63,65,66,63,185,80,Real Oviedo,2026.0,,Abel Bretones
V. Akinwale ST,18,56,74,271192,Right,58,ST,18,375000.0,3000.0,947000.0,251,39,61,55,48,48,239,58,49,38,34,60,323,69,62,59,55,78,249,61,47,50,34,57,232,35,17,50,53,77,55,50,19,14,17,50,11,10,8,8,13,1394,289,1,65,60,45,59,21,185,60,Crystal Palace,2024.0,,V. Akinwale
H. Griffiths CDM CM,19,58,68,271216,Right,60,CB,10,425000.0,4000.0,893000.0,263,46,49,61,58,49,264,54,52,48,57,53,267,51,56,54,58,48,294,58,64,56,66,50,277,67,55,47,54,54,52,164,52,57,55,46,8,12,6,10,10,1575,332,1,54,51,54,54,55,191,78,Wolverhampton Wanderers,2026.0,,H. Griffiths
A. Muja RM LM,24,71,73,271219,Right,72,RM,2,2400000.0,9000.0,5000000.0,307,65,63,53,68,58,327,72,68,61,57,69,405,87,91,82,62,83,354,73,72,78,60,71,312,68,46,69,62,67,68,134,38,51,45,57,9,11,13,9,15,1896,405,1,89,67,64,72,46,179,69,Samsunspor,2027.0,,A. Muja
M. Mbaye CB,25,70,76,271222,Right,72,CB,6,2200000.0,14000.0,5100000.0,258,53,23,72,71,39,235,32,50,30,59,64,263,56,59,41,58,49,277,50,75,61,72,19,234,69,69,23,41,32,58,215,70,74,71,48,15,12,11,5,5,1530,330,1,58,29,57,46,71,193,81,Cádiz,2024.0,,M. Mbaye
S. Alvero CDM CM,21,69,79,271247,Right,70,CDM,10,3000000.0,10000.0,0.0,282,52,49,59,70,52,298,70,53,40,66,69,276,54,63,63,66,30,347,58,75,67,93,54,296,66,63,54,69,44,70,195,62,69,64,47,12,5,14,5,11,1741,385,1,59,52,63,67,64,202,93,Werder Bremen,,,S. Alvero
Júlio Dabó LB LWB,20,60,70,271287,Left,60,LB,10,525000.0,2000.0,1200000.0,207,56,27,46,48,30,222,62,38,36,41,45,337,74,76,55,57,75,217,36,53,48,48,32,240,54,57,49,39,41,50,178,51,62,65,36,8,7,5,7,9,1437,314,1,75,32,46,56,56,186,77,Boavista,2024.0,,Júlio Dabó
Y. Özcan LB CB,17,63,77,271362,Left,66,CB,14,1000000.0,500.0,2600000.0,211,47,25,60,57,22,217,52,40,20,47,58,303,63,67,62,58,53,297,62,67,69,64,35,242,70,63,38,28,43,58,194,66,65,63,45,7,13,6,11,8,1509,332,1,65,36,45,55,64,185,75,Kasımpaşa,2026.0,,Y. Özcan
C. Ward CAM,19,55,64,271429,Right,58,RM,9,275000.0,1000.0,536000.0,255,51,51,58,55,40,270,55,53,55,53,54,325,69,71,60,51,74,300,60,66,58,60,56,238,31,49,50,56,52,56,152,51,53,48,59,12,11,10,13,13,1599,339,1,70,53,54,56,52,178,66,Wycombe Wanderers,2024.0,,C. Ward
J. Williams RB RWB,20,61,70,271462,Right,61,RB,9,675000.0,2000.0,1400000.0,249,59,44,50,56,40,256,57,56,41,47,55,342,74,82,66,57,63,274,48,65,58,60,43,266,62,55,54,50,45,52,171,55,59,57,45,10,9,7,6,13,1603,349,1,78,45,53,57,56,182,73,Birmingham City,2024.0,,J. Williams
J. Louis-Jean RB LB,19,61,71,271497,Right,61,RB,10,675000.0,800.0,1400000.0,207,46,28,50,57,26,234,57,44,30,49,54,327,72,67,57,57,74,210,23,55,63,47,22,251,59,58,48,45,41,46,185,60,64,61,41,12,6,8,6,9,1455,315,1,69,27,49,56,60,175,66,Bordeaux,2025.0,,J. Louis-Jean
V. Vanat ST,21,71,81,271541,Left,73,ST,10,4200000.0,550.0,10100000.0,306,43,75,60,69,59,270,71,35,50,51,63,364,78,79,72,72,63,335,69,73,66,61,66,295,66,20,80,63,66,58,62,19,23,20,58,13,14,9,9,13,1690,364,1,79,71,57,68,25,182,69,Dynamo Kyiv,2025.0,,V. Vanat
R. Cleary ST,19,60,76,271560,Right,62,ST,16,650000.0,4000.0,1600000.0,255,37,60,56,49,53,255,56,56,54,31,58,340,73,75,65,58,69,325,61,74,67,71,52,226,35,28,57,47,59,53,73,25,27,21,41,7,6,9,9,10,1515,326,1,74,58,44,58,29,185,74,West Bromwich Albion,2024.0,,R. Cleary
C. Medina CAM,16,59,80,271567,Right,61,CAM,21,700000.0,500.0,1800000.0,219,37,45,35,66,36,265,67,42,41,60,55,299,55,67,52,45,80,226,58,31,47,35,55,240,45,24,60,66,45,50,139,34,55,50,54,13,13,9,6,13,1442,310,1,62,50,57,61,40,170,61,San Jose Earthquakes,2024.0,,C. Medina
E. Tezgel ST,17,56,79,271626,Right,58,ST,23,450000.0,950.0,0.0,243,33,61,54,46,49,228,56,47,40,29,56,307,64,71,56,52,64,264,58,51,51,47,57,209,44,10,54,43,58,51,46,19,13,14,54,14,9,7,14,10,1351,289,1,68,59,40,56,18,182,72,Milton Keynes Dons,,,E. Tezgel
M. Milovanović ST,19,68,78,271683,Right,70,ST,10,2600000.0,7000.0,6000000.0,290,35,72,68,59,56,288,70,50,51,50,67,292,60,64,59,67,42,353,76,76,58,79,64,247,49,23,65,50,60,48,68,20,22,26,51,11,8,15,7,10,1589,341,1,62,69,50,65,27,196,85,Almería,2028.0,,M. Milovanović
Z. Davitashvili LW RM LM,22,69,78,271688,Right,71,CAM,9,3100000.0,5000.0,6200000.0,273,64,61,33,69,46,330,74,73,51,59,73,367,80,74,75,65,73,299,59,60,66,62,52,249,36,19,67,68,59,73,79,21,27,31,58,10,9,14,13,12,1655,357,1,77,58,66,73,25,175,63,Bordeaux,2027.0,,Z. Davitashvili
P. Mboup LM CF RM,19,65,76,271689,Right,66,CAM,11,1500000.0,3000.0,2500000.0,260,58,61,32,61,48,275,69,54,35,49,68,384,81,82,78,62,81,292,72,57,48,55,60,219,32,18,55,58,56,60,82,21,38,23,59,13,11,13,11,11,1571,345,1,82,62,56,69,27,175,65,RWDM,2026.0,,P. Mboup
T. Maswanhise LW,20,63,76,271693,Right,64,RM,13,1200000.0,7000.0,2900000.0,288,57,63,52,55,61,296,63,63,59,51,60,368,84,84,73,57,70,285,64,58,60,43,60,248,40,23,60,60,65,60,85,34,21,30,45,13,7,5,12,8,1615,341,1,84,62,56,63,29,175,69,Leicester City,2024.0,,T. Maswanhise
Kike Salas CB LB,21,69,81,271755,Left,71,CB,12,3200000.0,8000.0,7400000.0,196,23,24,59,64,26,201,41,23,29,45,63,288,55,69,45,69,50,265,30,70,67,76,22,255,68,70,33,46,38,58,210,71,71,68,45,14,5,9,11,6,1460,327,1,63,26,46,51,69,186,80,Sevilla,2026.0,,Kike Salas
M. Akinmboni CB,16,53,75,271756,Left,55,CB,22,275000.0,500.0,674000.0,169,27,21,50,44,27,168,27,25,29,42,45,254,57,51,50,46,50,233,35,57,56,62,23,187,48,53,26,30,30,38,162,51,57,54,53,8,14,9,10,12,1226,262,1,54,25,36,37,53,190,77,DC United,2025.0,,M. Akinmboni
J. Vetro ST,19,61,75,271759,Left,63,ST,14,775000.0,1000.0,1900000.0,271,44,62,53,58,54,285,68,66,44,44,63,351,74,72,75,59,71,294,63,60,67,52,52,211,28,19,56,54,54,63,51,18,19,14,65,13,14,13,10,15,1528,324,1,73,59,52,67,22,178,70,Bordeaux,2025.0,,J. Vetro
J. Miley CM CDM,19,56,73,271822,Right,58,CM,17,375000.0,7000.0,947000.0,243,50,36,52,62,43,285,60,49,56,60,60,299,56,57,57,55,74,244,55,51,45,53,40,266,60,54,39,56,57,50,163,52,57,54,48,9,8,12,9,10,1548,322,1,57,42,57,60,54,175,60,Newcastle United,2025.0,,J. Miley
A. Hainaut RB RM,21,56,66,271856,Right,59,CM,10,300000.0,600.0,540000.0,229,48,38,46,65,32,270,63,50,34,59,64,293,54,65,56,51,67,242,47,45,53,50,47,252,62,51,38,55,46,50,159,52,56,51,37,6,5,9,9,8,1482,325,1,60,42,56,62,52,176,70,Parma,2028.0,,A. Hainaut
L. Ambros CAM CM RM,19,61,77,271984,Left,63,CAM,16,850000.0,4000.0,0.0,253,52,49,42,60,50,302,65,58,55,56,68,331,69,67,71,59,65,227,56,41,45,43,42,250,46,28,54,63,59,61,123,43,38,42,53,13,14,14,5,7,1539,324,1,68,50,58,66,38,182,71,Freiburg II,,,L. Ambros
C. Keita CB,20,70,80,272407,Right,72,CB,10,3300000.0,9000.0,0.0,212,33,25,72,59,23,209,49,31,26,47,56,251,49,49,40,70,43,280,47,73,62,74,24,241,73,71,29,28,40,69,211,69,73,69,40,5,6,10,6,13,1444,316,1,49,30,43,52,71,185,80,Bastia,,,C. Keita
A. Mendy RB CB,19,68,79,272515,Right,68,RB,11,2500000.0,7000.0,5300000.0,255,62,32,61,64,36,265,61,51,39,50,64,328,69,68,64,60,67,298,52,69,69,64,44,276,70,65,58,38,45,63,202,62,70,70,57,15,8,9,11,14,1681,359,1,68,41,54,63,66,187,75,Nice,2025.0,,A. Mendy
B. Wales ST,18,61,82,272736,Right,63,ST,21,1000000.0,650.0,2800000.0,247,32,60,63,58,34,233,53,48,32,39,61,344,75,79,62,61,67,305,61,74,52,65,53,241,44,24,60,50,63,59,44,18,11,15,52,14,8,7,13,10,1466,319,1,77,58,47,58,21,185,64,Kilmarnock,2024.0,,B. Wales
F. Bohnert RWB RM CB,25,62,65,272808,Right,63,RB,3,475000.0,1000.0,867000.0,249,57,38,55,58,41,258,57,44,48,49,60,348,79,75,74,55,65,279,37,72,66,63,41,264,59,57,43,51,54,45,175,53,62,60,49,10,11,6,12,10,1622,350,1,77,40,54,59,57,183,76,Bastia,2027.0,,F. Bohnert
23 M. Scott CM CAM,19,50,54,267820,Right,52,CAM,4,60000.0,500.0,98000.0,227,43,41,44,55,44,230,44,41,45,55,45,293,61,61,57,48,66,260,46,56,63,51,44,235,49,40,50,51,45,51,132,40,45,47,47,9,7,12,13,6,1424,299,1,61,43,51,47,43,175,67,UCD,2023.0,23,M. Scott
T. O'Reilly CM CAM RM,19,61,76,267849,Left,66,CAM,15,775000.0,6000.0,2000000.0,281,49,55,56,70,51,305,64,60,53,57,71,325,69,47,78,54,77,261,62,52,51,44,52,276,45,47,55,68,61,69,160,44,54,62,63,14,9,15,12,13,1671,340,1,57,56,62,68,51,170,63,Aston Villa,2025.0,,T. O'Reilly
B. Zimmermann ST CAM RM,21,67,75,267864,Right,69,ST,8,2300000.0,6000.0,0.0,304,56,70,63,60,55,286,65,62,44,48,67,355,73,71,78,57,76,364,69,78,77,75,65,286,75,22,67,58,64,59,84,31,26,27,58,12,9,11,14,12,1737,370,1,72,68,56,67,31,179,77,Wolfsberger AC,,,B. Zimmermann
M. Luciano LB LWB,19,66,75,267900,Left,66,LB,9,1800000.0,2000.0,0.0,216,61,22,45,57,31,252,63,51,30,48,60,374,83,81,77,60,73,269,48,59,77,49,36,266,67,55,55,48,41,49,190,62,63,65,47,12,11,11,6,7,1614,351,1,82,33,53,63,60,177,70,Godoy Cruz,,,M. Luciano
22 P. Doesburg ST RW,20,59,69,267978,Right,61,ST,10,500000.0,1000.0,825000.0,266,46,60,57,54,49,248,63,42,41,41,61,331,74,73,59,58,67,278,57,58,55,50,58,216,31,17,58,52,58,57,54,18,17,19,42,13,6,8,8,7,1435,312,1,73,58,49,62,22,176,74,Sparta Rotterdam,2022.0,22,P. Doesburg
C. Ravych CB LB,20,67,76,268067,Right,69,CB,9,2100000.0,3000.0,3600000.0,213,34,16,68,58,37,230,52,28,31,57,62,276,45,53,53,67,58,249,45,67,31,71,35,235,69,70,23,41,32,48,199,63,70,66,38,11,10,5,7,5,1440,307,1,49,28,47,56,67,192,75,Cercle Brugge,2025.0,,C. Ravych
23 Gabriel Pereira RM RW,20,70,82,268297,Left,71,CAM,12,3800000.0,4000.0,6500000.0,297,63,57,51,68,58,332,73,69,60,59,71,366,79,78,79,66,64,328,66,66,74,53,69,260,32,31,70,69,58,69,99,35,34,30,42,8,7,6,13,8,1724,368,1,78,62,66,72,35,170,67,New York City,2026.0,23,Gabriel Pereira
A. Ojeda RW LW,19,69,80,268330,Right,71,RM,11,3000000.0,3000.0,5000000.0,275,62,54,43,65,51,315,75,56,51,62,71,411,92,85,86,62,86,269,61,55,55,42,56,267,51,35,68,65,48,65,127,38,46,43,48,12,6,11,12,7,1712,370,1,88,56,63,74,41,171,62,New York City,2028.0,,A. Ojeda
D. Gjengaar RM RW RWB,19,61,78,268402,Right,62,RM,17,850000.0,850.0,1800000.0,249,55,56,44,54,40,244,58,56,30,40,60,381,85,83,80,53,80,285,48,64,69,60,44,252,55,52,56,52,37,52,154,50,53,51,55,13,8,11,14,9,1620,358,1,84,50,51,61,51,177,75,New York RB,2027.0,,D. Gjengaar
O. Forson RM CAM,18,61,78,268437,Left,63,CAM,17,825000.0,5000.0,2100000.0,253,51,58,35,57,52,291,64,68,47,50,62,343,75,70,78,55,65,289,72,50,57,52,58,244,40,31,61,60,52,63,87,29,34,24,41,7,6,9,11,8,1548,333,1,72,60,55,64,31,179,67,Manchester United,2024.0,,O. Forson
R. Bennett CB,19,61,78,268445,Right,63,CB,17,800000.0,7000.0,0.0,224,35,31,63,57,38,224,50,42,27,53,52,285,58,59,58,58,52,287,52,68,58,70,39,233,64,59,26,48,36,62,177,58,60,59,35,5,10,9,6,5,1465,322,1,59,37,48,53,59,187,74,Stockport County,,,R. Bennett
S. Toloza CAM CM,20,70,81,268581,Right,72,CAM,11,3500000.0,6000.0,6000000.0,272,58,67,26,70,51,351,71,72,68,69,71,319,65,66,72,68,48,296,74,42,56,46,78,299,53,51,66,70,59,62,152,53,50,49,48,14,5,7,9,13,1737,370,1,66,69,67,69,49,171,69,Independiente,2026.0,,S. Toloza
F. Marschall GK,20,57,68,268583,Right,57,GK,11,300000.0,5000.0,0.0,65,10,6,14,26,9,78,8,12,11,29,18,133,17,24,25,46,21,178,45,48,17,59,9,98,22,12,4,42,18,38,34,10,11,13,287,58,55,60,55,59,873,307,1,58,55,60,59,20,195,87,Milton Keynes Dons,,,F. Marschall
Ó. Zambrano CDM CM,19,70,83,268599,Right,72,CM,13,3600000.0,500.0,10200000.0,269,47,58,56,73,35,328,71,55,58,75,69,336,66,68,65,67,70,326,61,67,68,68,62,321,64,68,60,73,56,70,201,67,69,65,52,5,13,15,9,10,1833,395,1,67,58,66,70,67,175,68,LDU Quito,2024.0,,Ó. Zambrano
J. Ordoñez CB,19,68,80,268611,Right,70,CB,12,2700000.0,4000.0,4600000.0,222,40,23,66,66,27,211,46,22,28,55,60,312,64,70,57,59,62,271,35,76,64,78,18,262,68,68,40,47,39,56,200,69,67,64,57,13,15,5,12,12,1535,336,1,67,26,51,53,67,185,70,Club Brugge,2027.0,,J. Ordoñez
L. Brey GK,20,64,78,268619,Right,64,GK,14,1200000.0,2000.0,2600000.0,61,13,8,14,17,9,62,7,12,13,15,15,175,29,30,29,63,24,190,38,57,21,66,8,94,20,12,7,38,17,29,36,10,14,12,304,64,60,50,65,65,922,333,1,64,60,50,65,29,191,89,Boca Juniors,2027.0,,L. Brey
G. Hernández CB,25,75,80,268621,Right,77,CB,5,7500000.0,13000.0,11800000.0,247,26,39,69,75,38,249,50,30,33,68,68,330,69,68,59,75,59,284,43,74,71,70,26,268,76,78,32,36,46,60,229,77,77,75,56,10,9,13,14,10,1663,364,1,68,37,52,59,76,185,76,San Lorenzo,2024.0,,G. Hernández
R. Welch CB,19,58,71,268632,Right,60,CB,13,450000.0,3000.0,1100000.0,164,20,17,60,44,23,142,22,24,21,30,45,234,42,70,37,44,41,252,39,65,52,74,22,198,60,52,25,25,36,46,174,56,61,57,48,10,6,10,7,15,1212,268,1,57,24,31,34,57,197,88,Everton,2026.0,,R. Welch
B. Amione CB,21,70,79,268679,Left,72,CB,9,3300000.0,10000.0,6600000.0,242,53,31,73,60,25,255,44,61,36,55,59,270,61,66,34,63,46,322,56,84,69,86,27,246,74,62,33,35,42,57,208,65,72,71,45,10,5,11,12,7,1588,348,1,64,36,52,49,68,187,78,Hellas Verona,2025.0,,B. Amione
M. Folorunsho CM CAM ST,25,75,78,268683,Right,77,CM,3,7500000.0,41000.0,0.0,348,63,67,68,76,74,358,73,66,70,73,76,351,73,76,72,74,56,402,84,80,85,77,76,366,78,69,76,73,70,69,206,67,72,67,56,14,12,10,12,8,2087,441,1,75,73,72,73,69,185,78,Hellas Verona,,,M. Folorunsho
J. Hopkins CAM CM,19,56,74,268685,Right,59,RM,18,375000.0,800.0,778000.0,225,50,32,42,65,36,243,57,37,34,53,62,302,67,64,57,58,56,259,48,53,64,60,34,246,52,42,58,53,41,54,108,36,36,36,39,7,5,8,7,12,1422,313,1,65,38,55,58,38,188,74,DC United,2025.0,,J. Hopkins
A. Salah-Eddine LB CM,21,67,76,268728,Left,68,LM,9,2200000.0,3000.0,3700000.0,238,58,27,53,72,28,300,70,55,39,67,69,349,75,79,67,62,66,281,45,68,67,65,36,291,64,60,64,66,37,65,190,62,65,63,63,14,8,15,14,12,1712,373,1,77,35,65,69,62,181,66,FC Twente,2027.0,,A. Salah-Eddine
I. Mohammad RB RM,33,68,68,268774,Right,68,RB,0,0.0,0.0,0.0,303,68,64,53,65,53,293,66,64,38,59,66,388,82,84,77,65,80,307,62,64,73,50,58,310,75,57,65,65,48,63,182,55,63,64,43,9,13,10,6,5,1826,395,1,83,61,63,68,59,172,64,Qatar,,,I. Mohammad
M. Waad CDM CB,23,66,73,268775,Left,67,CDM,7,0.0,0.0,0.0,271,53,43,60,64,51,296,59,55,53,65,64,306,70,66,55,64,51,360,74,76,69,76,65,294,65,64,53,56,56,51,192,65,65,62,50,9,14,8,12,7,1769,378,1,68,55,59,60,64,183,68,Qatar,,,M. Waad
S. Al Hajri CDM CB,27,62,63,268785,Right,64,CB,1,0.0,0.0,0.0,235,45,35,58,62,35,248,50,49,35,57,57,299,61,55,59,58,66,276,43,69,55,71,38,256,68,62,34,52,40,58,189,60,65,64,59,12,12,12,9,14,1562,332,1,58,37,54,55,62,183,74,Qatar,,,S. Al Hajri
A. Florenzi CM LM RM,21,65,75,268791,Right,68,RM,10,1600000.0,800.0,2800000.0,271,52,49,49,72,49,302,66,52,46,68,70,350,77,82,76,56,59,315,57,66,76,62,54,286,59,57,58,63,49,54,150,42,55,53,59,14,14,9,8,14,1733,378,1,80,52,63,67,51,168,70,Cosenza,2026.0,,A. Florenzi
P. Peda CB RB,21,62,74,268860,Right,64,CB,12,0.0,0.0,0.0,233,42,36,59,58,38,214,42,42,39,46,45,280,63,64,49,62,42,314,62,74,62,80,36,242,53,64,37,44,44,43,183,62,63,58,45,13,6,9,6,11,1511,331,1,64,42,48,45,62,192,83,Poland,,,P. Peda
Y. Jabrane CDM,32,72,72,268864,Right,72,CDM,0,0.0,0.0,0.0,286,60,56,60,70,40,312,66,55,50,69,72,324,59,63,58,73,71,340,60,72,78,78,52,335,69,70,60,66,70,68,205,68,69,68,58,6,15,11,14,12,1860,394,1,61,56,65,68,68,183,80,Morocco,,,Y. Jabrane
R. Mundle LM RM,20,64,75,268903,Right,65,CAM,11,1300000.0,6000.0,2700000.0,262,57,57,42,60,46,305,72,62,51,50,70,365,83,74,78,54,76,278,61,58,54,53,52,249,50,31,56,58,54,59,113,39,44,30,42,8,10,10,7,7,1614,353,1,78,56,57,71,38,177,61,Sunderland,2028.0,,R. Mundle
M. Krattenmacher ST CM LM,17,61,78,268916,Right,64,CAM,17,825000.0,500.0,1700000.0,261,36,66,38,61,60,269,63,59,40,44,63,376,80,70,84,59,83,301,62,57,64,55,63,239,39,31,59,55,55,52,96,35,29,32,53,12,12,10,8,11,1595,340,1,75,63,51,65,32,180,75,Unterhaching,2025.0,,M. Krattenmacher
U. Tohumcu CAM CM,18,68,84,269084,Right,70,CAM,16,3100000.0,5000.0,7200000.0,280,55,63,39,72,51,329,69,62,59,68,71,352,67,65,77,64,79,259,62,42,53,42,60,265,54,29,58,69,55,65,137,38,50,49,42,12,7,7,6,10,1664,351,1,66,61,66,70,41,175,71,TSG Hoffenheim,2028.0,,U. Tohumcu
O. Moxon CM,25,67,70,269156,Right,70,RWB,3,1300000.0,5000.0,2400000.0,285,64,57,56,66,42,323,65,66,61,66,65,335,67,68,69,65,66,357,62,70,91,71,63,319,77,65,60,66,51,63,191,59,67,65,62,8,12,14,14,14,1872,396,1,68,58,65,65,63,186,76,Portsmouth,2027.0,,O. Moxon
W. Amey CB,17,61,82,269183,Right,63,CB,21,975000.0,500.0,2600000.0,249,52,32,65,62,38,221,41,44,33,54,49,274,52,64,47,53,58,290,63,69,60,71,27,246,62,55,41,41,47,55,182,56,66,60,52,7,14,7,12,12,1514,322,1,59,39,52,46,60,187,75,Bologna,2025.0,,W. Amey
S. Kapuadi CB,25,64,68,269507,Left,66,CB,4,725000.0,2000.0,1000000.0,179,23,24,57,55,20,154,21,23,25,31,54,249,63,55,41,55,35,279,33,76,68,85,17,212,59,62,25,31,35,54,192,64,65,63,58,10,13,12,13,10,1323,296,1,59,25,37,37,63,196,88,Legia Warszawa,2026.0,,S. Kapuadi
D. Douděra RM RB,25,74,76,269509,Right,75,RM,2,5500000.0,1000.0,12500000.0,331,75,68,58,68,62,307,71,52,48,64,72,405,88,89,84,70,74,345,68,73,85,56,63,312,71,66,73,57,45,56,198,62,67,69,58,15,15,8,11,9,1956,424,1,89,66,65,72,65,175,66,Slavia Praha,2028.0,,D. Douděra
B. Domínguez LM LW,19,69,80,269558,Right,70,CAM,11,3000000.0,5000.0,5100000.0,283,56,61,43,68,55,321,76,51,58,63,73,368,79,78,77,58,76,289,64,50,74,42,59,265,35,45,61,64,60,54,100,39,30,31,45,12,6,10,6,11,1671,361,1,78,61,63,73,37,172,68,Gimnasia La Plata,2025.0,,B. Domínguez
J. Mina RB,18,66,80,269617,Right,66,RB,14,1900000.0,700.0,3900000.0,255,64,41,57,58,35,240,55,44,37,50,54,355,75,79,72,63,66,290,38,70,83,63,36,237,52,60,46,35,44,48,183,64,61,58,46,14,8,9,8,7,1606,353,1,77,40,52,57,61,180,78,New York RB,2026.0,,J. Mina
23 I. Aalberg CB,17,52,75,269756,Left,54,CB,23,240000.0,500.0,540000.0,175,28,19,50,52,26,177,41,28,24,42,42,232,54,54,40,48,36,221,44,56,36,65,20,204,48,50,34,32,40,47,154,52,54,48,54,7,13,10,12,12,1217,267,1,54,26,39,42,52,191,81,Kristiansund,2024.0,23,I. Aalberg
B. Pudel CB,22,62,71,269865,Left,64,CB,9,825000.0,850.0,1400000.0,225,39,29,64,62,31,225,46,38,26,58,57,275,52,62,49,61,51,273,40,69,63,74,27,214,58,57,22,43,34,52,183,60,63,60,49,12,11,7,12,7,1444,319,1,58,31,50,51,61,188,83,Borussia Dortmund II,2024.0,,B. Pudel
N. Miroshi LB CB CDM,20,67,77,269899,Left,67,LB,10,2100000.0,500.0,5000000.0,268,63,39,61,67,38,300,63,49,62,62,64,350,72,75,71,62,70,338,65,76,74,72,51,295,77,63,60,62,33,55,186,61,65,60,50,11,9,10,7,13,1787,385,1,74,47,63,64,63,182,74,Shakhtar Donetsk,2025.0,,N. Miroshi
E. Qenaj ST,20,59,69,269975,Right,61,ST,10,500000.0,4000.0,1000000.0,271,33,62,68,51,57,231,52,53,34,33,59,246,55,38,47,51,55,321,61,72,57,75,56,253,51,31,60,50,61,58,85,29,31,25,46,6,13,13,7,7,1453,304,1,46,60,44,54,34,198,95,Heidenheim,2024.0,,E. Qenaj
M. Loune CM CAM,19,59,78,269993,Right,64,CAM,19,575000.0,3000.0,1300000.0,265,55,52,38,65,55,308,67,61,56,62,62,335,71,55,71,59,79,238,56,39,54,35,54,248,44,36,56,61,51,53,136,45,46,45,59,9,13,14,8,15,1589,327,1,62,54,61,65,43,172,70,Eintracht Frankfurt,2025.0,,M. Loune
Simo CB,18,65,82,270051,Right,67,CB,17,1700000.0,750.0,3600000.0,219,29,36,66,63,25,226,53,33,23,59,58,292,64,55,56,64,53,286,49,71,65,68,33,256,63,64,34,56,39,54,196,66,66,64,51,10,11,6,9,15,1526,334,1,59,38,51,55,65,188,80,Espanyol,2026.0,,Simo
23 Ewerton LM RM,25,73,74,270055,Right,74,CAM,1,3600000.0,1000.0,8199999.999999999,299,72,71,36,66,54,354,78,74,70,56,76,404,84,80,86,69,85,325,69,66,62,54,74,285,62,24,73,70,56,75,82,25,23,34,41,9,10,7,6,9,1790,381,1,82,70,67,78,26,175,73,Slavia Praha,2025.0,23,Ewerton
M. Sylla LM RM CM,24,72,75,270072,Right,73,RM,3,3200000.0,6000.0,7000000.0,308,63,58,60,72,55,340,76,61,65,66,72,360,76,76,65,66,77,356,78,70,81,55,72,327,58,66,72,65,66,67,180,55,65,60,54,10,15,11,11,7,1925,406,1,76,66,67,73,61,170,67,Arouca,2025.0,,M. Sylla
Martim Neto CM CDM,20,69,82,270109,Right,72,CAM,13,3300000.0,5000.0,0.0,293,63,62,49,71,48,317,74,54,46,68,75,361,75,72,78,69,67,328,72,61,75,56,64,299,61,56,65,70,47,66,167,54,60,53,52,12,15,13,6,6,1817,395,1,73,63,67,74,56,181,75,Gil Vicente,,,Martim Neto
D. Gyabi CDM CM,19,63,79,270209,Right,64,CM,16,1200000.0,4000.0,0.0,255,44,39,58,69,45,293,66,53,41,64,69,290,63,60,57,59,51,306,67,70,55,73,41,293,68,57,53,64,51,65,173,56,60,57,58,14,11,12,8,13,1668,358,1,61,47,60,65,58,191,80,Plymouth Argyle,,,D. Gyabi
Vilarrasa LB,23,66,73,270338,Left,66,LB,7,1600000.0,3000.0,2900000.0,272,66,58,58,58,32,256,67,52,42,45,50,320,67,68,66,60,59,287,43,68,66,67,43,263,64,61,48,47,43,48,201,64,70,67,52,13,12,6,11,10,1651,362,1,68,49,54,60,65,183,81,Huesca,2025.0,,Vilarrasa
